supabase_user_id,supabase_mk_id,supabase_full_name,supabase_email,supabase_celular,tem_assinatura_ativa,planos_ativos,status_assinaturas,candidato_lista,candidato_nome_lista,candidato_numero_inscricao,candidato_classificacao,candidato_oed,candidato_gi,candidato_data_nascimento,fuzzy_score,match_type,email_confirma_sobrenome
30711,43448640,Guilherme Gonçalves de Moura,longasoneca@gmail.com,(21) 97630-7676,NÃO,Nenhum,sem_assinatura,CIAGA,GUILHERME GONÇALVES DE MOURA,101621-5,580,RIO DE JANEIRO,210,07/11/2007,1.0,exact_match,N/A
35939,36157379,Eliaudson De Souza Huguinin Júnior,elij99102@gmail.com,(32) 99937-6460,SIM,Nivelamento de Física - Assinatura,"active, expired",CIAGA,ELIAUDSON DE SOUZA HUGUININ JUNIOR,102040-9,655,VITÓRIA,205,27/04/2007,1.0,exact_match,N/A
104524,44049997,Fernando Matheus de Jesus Santarém,fernandomatheusjsantarem@gmail.com,(21) 98023-1968,NÃO,Nenhum,sem_assinatura,CIAGA,FERNANDO MATHEUS DE JESUS SANTAREM,100032-8,271,RIO DE JANEIRO,235,17/03/2007,1.0,exact_match,N/A
31877,43077416,Júlia Silva Lopes,juliasilvalopes070409@gmail.com,(21) 98986-4879,SIM,"Nivelamento de Matemática - Assinatura, Nivelamento de Física - Assinatura, Curso de Oficial: EFOMM, AFA e Escola Naval - Assinatura",active,CIAGA,JULIA LOPES DA SILVA,110805-6,291,RIO DE JANEIRO,230,23/06/2006,1.0,exact_reordered,N/A
164172,44763932,Victor Hugo de Souza Macedo,victorhugodesouzamacedo@gmail.com,(21) 97826-2492,NÃO,Nenhum,sem_assinatura,CIAGA,VICTOR HUGO DE SOUZA MACEDO,108587-8,716,RIO DE JANEIRO,200,19/12/2008,1.0,exact_match,N/A
35378,36600190,Kawan Amaral de Melo,kawan_melo07@hotmail.com,(13) 99763-6223,NÃO,Nenhum,expired,CIAGA,KAWAN AMARAL DE MELO,101200-3,394,SÃO PAULO,220,18/05/2007,1.0,exact_match,N/A
39025,22613280,Lucas Oliveira Costa,lucasoliveiracosta09@gmail.com,(32) 99972-0946,SIM,Live Nivelamento de Fisíca,"active, expired",CIAGA,LUCAS DA COSTA OLIVEIRA,104721-4,625,RIO DE JANEIRO,205,07/01/2004,1.0,exact_reordered,N/A
33918,40541572,Daniel Lima Fouraux,dani.lfouraux@gmail.com,(12) 98314-2827,NÃO,Nenhum,expired,CIAGA,DANIEL LIMA FOURAUX,105492-4,349,RIO DE JANEIRO,225,03/10/2007,1.0,exact_match,N/A
32030,42999301,Vinícius Braido Cardoso,vinibraidocard@gmail.com,(55) 99156-0619,SIM,"Curso de Oficial: EFOMM, AFA e Escola Naval - Assinatura, Nivelamento de Matemática - Assinatura, Nivelamento de Física - Assinatura",active,CIAGA,VINÍCIUS BRAIDO CARDOSO,101266-0,81,PORTO ALEGRE,260,07/06/2006,1.0,exact_match,N/A
30734,43443634,Leandro Manhaes Pessanha,manhaes.leandro1240@gmail.com,(22) 99738-7460,NÃO,Nenhum,sem_assinatura,CIAGA,LEANDRO MANHÃES PESSANHA,104383-8,75,SÃO PAULO,260,31/10/2006,1.0,exact_match,N/A
32521,42639217,Juan De Souza Santos,juantati270@gmail.com,(13) 98160-9983,SIM,"Nivelamento de Física - Assinatura, Nivelamento de Matemática - Assinatura, Curso de Oficial: EFOMM, AFA e Escola Naval - Assinatura",active,CIAGA,JUAN DE SOUZA SANTOS,106228-9,378,SÃO PAULO,220,11/02/2006,1.0,exact_match,N/A
32383,42698347,Davi Oliveira Marini,capiaumestre@gmail.com,(22) 99600-1725,SIM,"Curso de Oficial: EFOMM, AFA e Escola Naval - Assinatura, Nivelamento de Física - Assinatura, Nivelamento de Matemática - Assinatura",active,CIAGA,DAVI OLIVEIRA MARINI,103802-7,288,RIO DE JANEIRO,230,04/05/2009,1.0,exact_match,N/A
34113,39990247,Carlos Alberto Da Costa Amorim Neto,camorimneto2008@gmail.com,(11) 95498-0652,NÃO,Nenhum,expired,CIAGA,CARLOS ALBERTO DA COSTA AMORIM NETO,104812-9,783,SÃO PAULO,200,23/01/2008,1.0,exact_match,N/A
34096,40009084,Guilherme Borges Nobre,gborgesnobre@gmail.com,(21) 96489-0565,NÃO,Nenhum,expired,CIAGA,GUILHERME BORGES NOBRE,105057-9,357,RIO DE JANEIRO,225,08/05/2006,1.0,exact_match,N/A
164045,44745479,Nicolas de Araujo Lima,nickdejesuss1@gmail.com,(21) 98608-1437,NÃO,Nenhum,sem_assinatura,CIAGA,NICOLAS DE ARAUJO LIMA,106074-2,542,RIO DE JANEIRO,210,24/12/2006,1.0,exact_match,N/A
32563,42638005,Pedro Ariel Dornela Peixoto,pedroariel.dornelapeixoto.ismart@gmail.com,(31) 97214-5566,SIM,"Nivelamento de Matemática - Assinatura, Nivelamento de Física - Assinatura, Curso de Oficial: EFOMM, AFA e Escola Naval - Assinatura",active,CIAGA,PEDRO ARIEL DORNELA PEIXOTO,103621-6,50,BELO HORIZONTE,275,03/12/2005,1.0,exact_match,N/A
33469,41623090,Gustavo Frizzera Vieira,gustavofrizzera15@gmail.com,(24) 99308-5349,SIM,"Nivelamento de Física - Assinatura, Curso de Oficial: EFOMM, AFA e Escola Naval - Assinatura, Nivelamento de Matemática - Assinatura",active,CIAGA,GUSTAVO FRIZZERA VIEIRA,104673-0,660,RIO DE JANEIRO,205,15/03/2007,1.0,exact_match,N/A
34420,38638883,Lucas Bernardo Moreira,lucasbernardomoreira@gmail.com,(21) 99292-5795,NÃO,Nenhum,expired,CIAGA,LUCAS BERNARDO MOREIRA,107641-0,329,RIO DE JANEIRO,225,14/12/2004,1.0,exact_match,N/A
34837,37435330,Erick De Souza Alves,alveserick253@gmail.com,(21) 95950-2305,NÃO,Nenhum,expired,CIAGA,ERICK DE SOUZA ALVES,103564-3,399,RIO DE JANEIRO,220,10/03/2006,1.0,exact_match,N/A
33827,40660398,Alexandre Lima de Sousa Júnior,alexandrelimajr04@gmail.com,(21) 96900-9646,SIM,"Curso de Oficial: EFOMM, AFA e Escola Naval - Assinatura",active,CIAGA,ALEXANDRE LIMA DE SOUSA JUNIOR,100135-5,372,RIO DE JANEIRO,220,04/08/2005,1.0,exact_match,N/A
35426,36534865,Luis Felipe Nazaro Sanches,luisfelipenazaro3@gmail.com,(21) 99059-6975,NÃO,Nenhum,expired,CIAGA,LUIS FELIPE NAZARO SANCHES,102751-2,718,RIO DE JANEIRO,200,12/03/2007,1.0,exact_match,N/A
35692,36328794,João Pedro Medeiros Cabral,medeiroscabraljoaopedro@gmail.com,(21) 98628-4266,NÃO,Nenhum,expired,CIAGA,JOÃO PEDRO MEDEIROS CABRAL,101155-3,581,RIO DE JANEIRO,210,06/03/2007,1.0,exact_match,N/A
35613,36362731,Pedro Ariel Dornela Peixoto,pedro.dornela05@gmail.com,(31) 97214-5566,NÃO,Nenhum,expired,CIAGA,PEDRO ARIEL DORNELA PEIXOTO,103621-6,50,BELO HORIZONTE,275,03/12/2005,1.0,exact_match,N/A
32059,42970161,Guilherme Gravino Figueiredo Gonçalves,guigfg7@gmail.com,(21) 99309-9685,SIM,"Nivelamento de Matemática - Assinatura, Curso de Oficial: EFOMM, AFA e Escola Naval - Assinatura, Nivelamento de Física - Assinatura",active,CIAGA,GUILHERME GRAVINO FIGUEIREDO GONÇALVES,104909-2,435,RIO DE JANEIRO,215,07/07/2006,1.0,exact_match,N/A
32770,42272661,Davi Rodrigues Pessanha,davirodrigues0016@gmail.com,(21) 99143-5165,SIM,"Nivelamento de Física - Assinatura, Curso de Oficial: EFOMM, AFA e Escola Naval - Assinatura, Nivelamento de Matemática - Assinatura","active, inactive",CIAGA,DAVI RODRIGUES PESSANHA,105686-6,437,RIO DE JANEIRO,215,16/03/2006,1.0,exact_match,N/A
164201,44778055,OLIVERBECKMAN ALMEIDA DE AQUINO,oliverbeckmaan@gmail.com,(55) 92992-6145,NÃO,Nenhum,sem_assinatura,CIAGA,OLIVERBECKMAN ALMEIDA DE AQUINO,103824-6,538,RIO DE JANEIRO,210,31/12/2005,1.0,exact_match,N/A
33742,40820516,Arthur da Silva Noronha,rodrigonnoronha75@gmail.com,(24) 99882-5903,SIM,"Nivelamento de Matemática - Assinatura, Curso de Oficial: EFOMM, AFA e Escola Naval - Assinatura, Nivelamento de Física - Assinatura",active,CIAGA,ARTHUR DA SILVA NORONHA,109448-3,305,RIO DE JANEIRO,230,25/04/2007,1.0,exact_match,N/A
34200,39865696,Andre Luiz Sarmento Mendes Pereira,andre.sarmentomp@gmail.com,(21) 99071-7986,SIM,"Nivelamento de Matemática - Assinatura, Nivelamento de Física - Assinatura, Curso de Oficial: EFOMM, AFA e Escola Naval - Assinatura",active,CIAGA,ANDRE LUIZ SARMENTO MENDES PEREIRA,104426-7,662,RIO DE JANEIRO,205,04/01/2005,1.0,exact_match,N/A
164448,44890942,Maria Luiza De Souza Costa,maria.lzcosta7@gmail.com,(21) 96471-0329,SIM,"Nivelamento de Matemática - Assinatura, Nivelamento de Física - Assinatura, Curso EEAR - Assinatura",active,CIAGA,MARIA LUIZA DE SOUZA COSTA,107358-6,398,RIO DE JANEIRO,220,11/07/2007,1.0,exact_match,N/A
35819,36322779,Matheus Ramos Brandão,mrbrandao74@gmail.com,(21) 99982-0234,SIM,"Nivelamento de Física - Assinatura, Nivelamento de Matemática - Assinatura, Curso de Oficial: EFOMM, AFA e Escola Naval - Assinatura","active, expired",CIAGA,MATHEUS RAMOS BRANDAO,103272-5,319,RIO DE JANEIRO,225,03/04/2008,1.0,exact_match,N/A
30765,43441775,Rodrigo Costa Da Silva,rodrigocostadasilva71@gmail.com,(21) 97627-9902,SIM,"Curso de Oficial: EFOMM, AFA e Escola Naval - Assinatura, Nivelamento de Matemática - Assinatura, Nivelamento de Física - Assinatura",active,CIAGA,RODRIGO COSTA DA SILVA,111110-8,742,RIO DE JANEIRO,200,05/04/2007,1.0,exact_match,N/A
164472,44892116,João Carlos De Oliveira Alves Lima,carlag_2005@yahoo.com.br,(21) 99180-7128,SIM,"Nivelamento de Matemática - Assinatura, Nivelamento de Física - Assinatura, Curso de Oficial: EFOMM, AFA e Escola Naval - Assinatura",active,CIAGA,JOÃO CARLOS DE OLIVEIRA ALVES LIMA,101328-4,636,RIO DE JANEIRO,205,10/06/2009,1.0,exact_match,N/A
31434,43292807,Pedro Henrique Silva Dos Anjos,pedrohsdosanjos@gmail.com,(31) 99459-6788,SIM,"Curso de Oficial: EFOMM, AFA e Escola Naval - Assinatura, Nivelamento de Matemática - Assinatura, Nivelamento de Física - Assinatura",active,CIAGA,PEDRO HENRIQUE SILVA DOS ANJOS,105824-7,543,BELO HORIZONTE,210,25/08/2004,1.0,exact_match,N/A
35422,36536262,Rafael da Silva Oliveira,rafaelsoliveira04@gmail.com,,NÃO,Nenhum,expired,CIAGA,RAFAEL SILVA DE OLIVEIRA,100700-1,619,RIO DE JANEIRO,205,08/01/2005,1.0,exact_reordered,N/A
35653,36349909,Luís Felipe Santos Oliveira Vidal,luisfvidal.771@gmail.com,(21) 96953-9719,SIM,"Curso de Oficial: EsPCEx - Assinatura, Nivelamento de Matemática - Assinatura, Nivelamento de Física - Assinatura","active, expired",CIAGA,LUIS FELIPE SANTOS OLIVEIRA VIDAL,110003-8,425,RIO DE JANEIRO,220,05/04/2007,1.0,exact_match,N/A
32048,42979012,Sérgio Victor Souza De Oliveira Lopes,sergiovictor.lopes@gmail.com,(21) 99016-6181,SIM,"Nivelamento de Física - Assinatura, Curso de Oficial: EFOMM, AFA e Escola Naval - Assinatura, Nivelamento de Matemática - Assinatura",active,CIAGA,SÉRGIO VICTOR SOUZA DE OLIVEIRA LOPES,105212-8,536,RIO DE JANEIRO,210,07/05/2009,1.0,exact_match,N/A
143712,44521769,Marcus Vinícius Sbroglio,mvsbroglio12@gmail.com,(22) 99700-5263,NÃO,Nenhum,sem_assinatura,CIAGA,MARCUS VINÍCIUS SBROGLIO,103649-4,644,RIO DE JANEIRO,205,15/03/2007,1.0,exact_match,N/A
35128,36990474,Lucas Blanco Aguilar Dias,lucasblanco701040@gmail.com,(22) 99967-8340,SIM,"Curso de Oficial: EFOMM, AFA e Escola Naval - Assinatura","active, expired",CIAGA,LUCAS BLANCO AGUILAR DIAS,101770-1,193,RIO DE JANEIRO,260,07/07/2008,1.0,exact_match,N/A
36364,34808239,Gabriel Dantas Rodrigues,gabrieldanrodrigues@gmail.com,(15) 98158-7324,NÃO,Nenhum,expired,CIAGA,GABRIEL DANTAS RODRIGUES,101159-6,358,SÃO PAULO,225,28/10/2008,1.0,exact_match,N/A
33549,41615638,Lucas Henriques Costa Pinheiro,lhenriques139@gmail.com,(21) 96687-2000,SIM,"Curso de Oficial: EFOMM, AFA e Escola Naval - Assinatura, Nivelamento de Matemática - Assinatura, Nivelamento de Física - Assinatura",active,CIAGA,LUCAS HENRIQUES COSTA PINHEIRO,112489-0,304,RIO DE JANEIRO,230,20/04/2009,1.0,exact_match,N/A
35604,36367455,Gustavo De Oliveira Vicente,gutivicente06@gmail.com,(21) 97492-2153,NÃO,Nenhum,expired,CIAGA,GUSTAVO DE OLIVEIRA VICENTE,100469-5,369,RIO DE JANEIRO,220,01/08/2006,1.0,exact_match,N/A
85761,43748186,Isabelle Soares Toscano,isabelletoscano9@gmail.com,(21) 98676-3313,NÃO,Nenhum,expired,CIAGA,ISABELLE SOARES TOSCANO,100264-9,483,RIO DE JANEIRO,215,24/01/2006,1.0,exact_match,N/A
85566,43751982,NICOLAS MEDEIROS ALCANTELADO,nicolasmedeiros015@gmail.com,(21) 97969-4907,NÃO,Nenhum,sem_assinatura,CIAGA,NÍCOLAS MEDEIROS ALCANTELADO,105980-5,697,RIO DE JANEIRO,200,20/03/2006,1.0,exact_match,N/A
30921,43432971,Carlos Henrique Brandão Gonçalves Filho,carloshenrique.cmrj.2922@gmail.com,(21) 96771-4566,NÃO,Nenhum,sem_assinatura,CIAGA,CARLOS HENRIQUE BRANDÃO GONÇALVES FILHO,103081-8,407,RIO DE JANEIRO,220,25/02/2007,1.0,exact_match,N/A
30559,43625459,Gabriel Nogueira De Oliveira,gbztop22052006@gmail.com,(21) 96849-6882,SIM,"Curso de Oficial: EFOMM, AFA e Escola Naval - Assinatura, Nivelamento de Matemática - Assinatura, Nivelamento de Física - Assinatura",active,CIAGA,GABRIEL NOGUEIRA DE OLIVEIRA,100225-1,355,RIO DE JANEIRO,225,22/05/2006,1.0,exact_match,N/A
31471,43290783,DANIEL BATISTA DE CARVALHO,daniel.batista.carvalho@gmail.com,(12) 99680-0249,SIM,"Nivelamento de Matemática - Assinatura, Curso de Oficial: EFOMM, AFA e Escola Naval - Assinatura, Nivelamento de Física - Assinatura, Curso de Oficial: EsPCEx - Assinatura",active,CIAGA,DANIEL BATISTA DE CARVALHO,102598-0,712,SÃO PAULO,200,28/10/2006,1.0,exact_match,N/A
32350,42712657,Luis Eduardo Lopes Das Neves,samantalopes3@hotmail.com,(12) 98215-6147,SIM,"Nivelamento de Matemática - Assinatura, Nivelamento de Física - Assinatura, Curso de Oficial: EFOMM, AFA e Escola Naval - Assinatura",active,CIAGA,LUIS EDUARDO LOPES DAS NEVES,106560-7,698,SÃO PAULO,200,09/06/2004,1.0,exact_match,N/A
33816,40669176,Rafael De Oliveira Carvalho,rafaelocarvalho2@gmail.com,(35) 99738-5864,SIM,"Curso de Oficial: EFOMM, AFA e Escola Naval - Assinatura, Nivelamento de Física - Assinatura, Nivelamento de Matemática - Assinatura",active,CIAGA,RAFAEL DE OLIVEIRA CARVALHO,106793-6,765,BELO HORIZONTE,200,31/05/2005,1.0,exact_match,N/A
32883,42063132,Pietro Resende Mesquita,pietro.mesquitabr@gmail.com,(24) 99908-8144,SIM,"Nivelamento de Física - Assinatura, Curso de Oficial: EFOMM, AFA e Escola Naval - Assinatura, Nivelamento de Matemática - Assinatura",active,CIAGA,PIETRO RESENDE MESQUITA,107846-7,799,RIO DE JANEIRO,200,12/01/2009,1.0,exact_match,N/A
33128,41802492,Joao pedro rodrigues pinto,edulindorodrigues00@gmail.com,(21) 98460-9116,SIM,"Nivelamento de Matemática - Assinatura, Nivelamento de Física - Assinatura, Curso de Oficial: EFOMM, AFA e Escola Naval - Assinatura",active,CIAGA,JOAO PEDRO RODRIGUES PINTO,100146-0,570,RIO DE JANEIRO,210,19/11/2008,1.0,exact_match,N/A
33100,41824506,Isabelle Soares Toscano,toscanoisabelle476@gmail.com,(21) 98676-3313,SIM,"Nivelamento de Matemática - Assinatura, Nivelamento de Física - Assinatura, Curso de Oficial: EFOMM, AFA e Escola Naval - Assinatura",active,CIAGA,ISABELLE SOARES TOSCANO,100264-9,483,RIO DE JANEIRO,215,24/01/2006,1.0,exact_match,N/A
34520,38111189,Matheus Oliveira Dos Santos,sadstation021@gmail.com,(21) 98051-5406,NÃO,Nenhum,expired,CIAGA,MATHEUS OLIVEIRA SANTOS,105903-9,347,RIO DE JANEIRO,225,20/07/2006,1.0,exact_reordered,N/A
34063,40044502,Daniel Gomes Fernandes,danielgomes250508@gmail.com,(21) 96979-0175,SIM,"Nivelamento de Física - Assinatura, Curso de Oficial: EFOMM, AFA e Escola Naval - Assinatura, Nivelamento de Matemática - Assinatura",active,CIAGA,DANIEL GOMES FERNANDES,109401-0,756,RIO DE JANEIRO,200,25/05/2008,1.0,exact_match,N/A
35640,36351777,Lyandra Ribeiro Pozzi,lilypozzi@gmail.com,(21) 96469-4424,NÃO,Nenhum,expired,CIAGA,LYANDRA RIBEIRO POZZI,106355-6,764,RIO DE JANEIRO,200,03/04/2007,1.0,exact_match,N/A
34104,40000134,Arthur Meirelles Considera Moraes,arthurmoraes070207@gmail.com,(22) 98129-5484,SIM,"Nivelamento de Física - Assinatura, Nivelamento de Matemática - Assinatura, Curso de Oficial: EFOMM, AFA e Escola Naval - Assinatura",active,CIAGA,ARTHUR MEIRELLES CONSIDERA MORAES,107232-1,732,RIO DE JANEIRO,200,08/04/2007,1.0,exact_match,N/A
35716,36324519,Juan De Souza Santos,juann.santoss6@gmail.com,(13) 98160-9983,NÃO,Nenhum,expired,CIAGA,JUAN DE SOUZA SANTOS,106228-9,378,SÃO PAULO,220,11/02/2006,1.0,exact_match,N/A
34206,39865980,Ryan de Sousa França,ryanfranca2008@gmail.com,(21) 96729-4576,NÃO,Nenhum,expired,CIAGA,RYAN DE SOUSA FRANÇA,101982-0,178,RIO DE JANEIRO,265,01/05/2008,1.0,exact_match,N/A
104503,44050281,João Victor da Silva Maranha,joaoozinreidelass69@gmail.com,(21) 97336-5913,NÃO,Nenhum,sem_assinatura,CIAGA,JOÃO VICTOR DA SILVA MARANHA,108507-7,296,RIO DE JANEIRO,230,22/06/2008,1.0,exact_match,N/A
33837,40645529,Samuel Santos Surcin,samuel.surcin1@gmail.com,(21) 98919-5278,SIM,"Nivelamento de Física - Assinatura, Curso de Oficial: EFOMM, AFA e Escola Naval - Assinatura, Nivelamento de Matemática - Assinatura",active,CIAGA,SAMUEL SANTOS SURCIN,100349-0,579,RIO DE JANEIRO,210,06/12/2006,1.0,exact_match,N/A
30683,43469809,Carlos Eduardo Franeta Nunes,117carloseduardo@gmail.com,(21) 97995-3703,NÃO,Nenhum,expired,CIAGA,CARLOS EDUARDO FRANETA NUNES,101507-9,273,RIO DE JANEIRO,235,26/07/2008,1.0,exact_match,N/A
33848,40626103,Davi Oliveira De Carvalho,carvalhowilliam2205@gmail.com,(21) 99382-7110,SIM,"Curso de Oficial: EFOMM, AFA e Escola Naval - Assinatura, Nivelamento de Física - Assinatura, Nivelamento de Matemática - Assinatura",active,CIAGA,DAVI OLIVEIRA DE CARVALHO,111139-4,520,RIO DE JANEIRO,210,18/07/2008,1.0,exact_match,N/A
34699,37599833,Daniel Takeshi Bastos Iamada,oficialdoarcanjo@yahoo.com,(61) 98188-0102,SIM,"Curso de Oficial: EFOMM, AFA e Escola Naval - Assinatura, Nivelamento de Matemática - Assinatura, Nivelamento de Física - Assinatura","active, expired",CIAGA,DANIEL TAKESHI BASTOS IAMADA,100246-2,264,BRASÍLIA,235,04/01/2008,1.0,exact_match,N/A
104510,44050184,Kauã Anderson da Silva Lisboa,kauaanderson123@gmail.com,(21) 96442-0834,NÃO,Nenhum,sem_assinatura,CIAGA,KAUÃ ANDERSON DA SILVA LISBOA,112411-0,117,RIO DE JANEIRO,245,28/02/2006,1.0,exact_match,N/A
36786,33813169,Eduardo Gonçalves Luz,eduardogoncalvesluzz@gmail.com,(21) 97434-3030,NÃO,Nenhum,expired,CIAGA,EDUARDO GONÇALVES LUZ,103924-9,695,RIO DE JANEIRO,200,25/06/2008,1.0,exact_match,N/A
36798,33776906,João Marcio Silva Da Cunha,joaomarciocunha13@gmail.com,(21) 99525-5472,NÃO,Nenhum,expired,CIAGA,JOÃO MARCIO SILVA DA CUNHA,101810-6,633,RIO DE JANEIRO,205,18/11/2005,1.0,exact_match,N/A
37107,32557201,Renan Dutra De Souza,rdutradesouza21@gmail.com,(21) 98590-7401,NÃO,Nenhum,expired,CIAGA,RENAN DUTRA DE SOUZA,107655-0,710,RIO DE JANEIRO,200,21/02/2006,1.0,exact_match,N/A
37425,31669822,Luis Eduardo Lopes das Neves,duduzinhogaucho@hotmail.com,(12) 98215-6147,NÃO,Nenhum,expired,CIAGA,LUIS EDUARDO LOPES DAS NEVES,106560-7,698,SÃO PAULO,200,09/06/2004,1.0,exact_match,N/A
37910,30753366,João Victor Da Silva Maranha,joaovictormaranha@gmail.com,(21) 97336-5913,SIM,"Curso de Oficial: EFOMM, AFA e Escola Naval - Assinatura, Nivelamento de Matemática - Assinatura, Nivelamento de Física - Assinatura",active,CIAGA,JOÃO VICTOR DA SILVA MARANHA,108507-7,296,RIO DE JANEIRO,230,22/06/2008,1.0,exact_match,N/A
38512,28373661,Matheus De Magalhães Diniz Da Silva,matheusdiniz111111@gmail.com,(21) 99076-9097,NÃO,Nenhum,expired,CIAGA,MATHEUS DE MAGALHÃES DINIZ DA SILVA,101899-0,729,RIO DE JANEIRO,200,16/09/2007,1.0,exact_match,N/A
39187,22152844,Felipe Farias Brandão,felipefariasbrandao05@gmail.com,(67) 99917-1295,NÃO,Nenhum,expired,CIAGA,FELIPE FARIAS BRANDÃO,108059-1,34,CORUMBÁ,280,05/07/2006,1.0,exact_match,N/A
39415,22041223,Pedro Santos Amaral De Souza,tartaruga.ninja347@gmail.com,(55) 98378-7972,SIM,Live Nivelamento de Fisíca,"active, expired",CIAGA,PEDRO SANTOS AMARAL DE SOUZA,109705-1,43,RIO DE JANEIRO,280,26/10/2006,1.0,exact_match,N/A
39321,22078122,Thais Lopes martire,thaislopesmartire16@gmail.com,(21) 97015-8190,NÃO,Nenhum,expired,CIAGA,THAIS LOPES MARTIRE,106539-1,689,RIO DE JANEIRO,200,30/07/2003,1.0,exact_match,N/A
39444,22037633,Jhon Wayne Sousa Araujo,jhonwaynesem@gmail.com,(62) 99466-3165,SIM,Live Nivelamento de Fisíca,"active, expired",CIAGA,JHON WAYNE SOUSA ARAUJO,101164-1,278,BRASÍLIA,230,29/03/2006,1.0,exact_match,N/A
39337,22071062,Gustavo Souza,gustaavoleandro@gmail.com,(21) 9003,NÃO,Nenhum,expired,CIAGA,GUSTAVO DE SOUZA,101218-5,216,SÃO PAULO,245,13/04/2007,1.0,exact_reordered,N/A
39588,22023460,Joaquim José Cardoso Da Cunha,joaquimjosecunha@gmail.com,(21) 98889-1929,SIM,Live Nivelamento de Fisíca,"active, expired",CIAGA,JOAQUIM JOSÉ CARDOSO DA CUNHA,101743-7,300,RIO DE JANEIRO,230,05/10/2006,1.0,exact_match,N/A
39569,22023752,Pedro Henrique Moreira Almeida,pedrohenriquem836@gmail.com,(32) 98827-8595,SIM,"Curso de Oficial: EFOMM, AFA e Escola Naval - Assinatura, Live Nivelamento de Fisíca, Nivelamento de Matemática - Assinatura, Nivelamento de Física - Assinatura",active,CIAGA,PEDRO HENRIQUE MOREIRA ALMEIDA,103735-8,302,BELO HORIZONTE,230,23/10/2004,1.0,exact_match,N/A
39622,22023239,Juan Amorim Barbosa,jbarbosaamorim@hotmail.com,(12) 99249-5495,SIM,Live Nivelamento de Fisíca,"active, expired",CIAGA,JUAN AMORIM BARBOSA,104270-4,161,SÃO PAULO,210,09/09/2004,1.0,exact_match,N/A
33300,41700589,João Pedro Rodrigues,joaopedroansb@gmail.com,(88) 99286-7208,NÃO,Nenhum,expired,CIAGA,JOAO PEDRO RODRIGUES PINTO,100146-0,570,RIO DE JANEIRO,210,19/11/2008,0.98,contained_substring,NAO
39311,22080901,Lucas Alves Dos Santos,alveslucas9448@gmail.com,(99) 99197-6215,SIM,"Curso de Oficial: EsPCEx - Assinatura, Nivelamento de Matemática - Assinatura, Nivelamento de Física - Assinatura","active, expired",CIAGA,VITOR LUCAS ALVES DOS SANTOS,103440-5,446,SÃO PAULO,215,22/04/2007,0.98,contained_substring,NAO
37759,30991619,Pedro Otávio Pavan,pavanalmeida01@gmail.com,(19) 99146-5848,SIM,Nivelamento de Inglês - Assinatura,active,CIAGA,PEDRO OTÁVIO PAVAN DE ALMEIDA,100253-4,771,SÃO PAULO,200,20/09/2007,0.98,contained_substring,SIM
30751,43442361,Luís Felipe Regueira,luis.regueira2006@gmail.com,(21) 97665-7469,SIM,"Nivelamento de Física - Assinatura, Nivelamento de Matemática - Assinatura, Curso de Oficial: EFOMM, AFA e Escola Naval - Assinatura",active,CIAGA,LUÍS FELIPE REGUEIRA DE ARAÚJO,108756-6,650,RIO DE JANEIRO,205,27/08/2006,0.98,contained_substring,NAO
34337,39087202,João Pedro Da Silva,joaopedrodasilva348@gmail.com,(21) 99014-7454,NÃO,Nenhum,expired,CIAGA,JOÃO PEDRO DA SILVA LIMA,103504-5,422,RIO DE JANEIRO,220,18/06/2007,0.98,contained_substring,NAO
37804,30873705,Maria Eduarda Dos Santos,mariaalencar8798@gmail.com,(41) 98722-4701,NÃO,Nenhum,expired,CIAGA,MARIA EDUARDA DOS SANTOS GOUVÊA,108181-8,294,BRASÍLIA,230,20/05/2008,0.98,contained_substring,NAO
36305,34917906,Pedro Henrique,pedrohenriquecff@gmail.com,(21) 96422-2769,NÃO,Nenhum,sem_assinatura,CIAGA,PEDRO HENRIQUE SIEBEN,103434-1,678,PORTO ALEGRE,200,05/05/2009,0.9733,contained_substring,NAO
30899,43433494,Arthur Ferreira,arthurnn21@gmail.com,(21) 97077-9303,SIM,Nivelamento de Matemática - Assinatura,active,CIAGA,ARTHUR FERREIRA DA SILVA,109478-2,48,PORTO ALEGRE,275,29/11/2006,0.9733,contained_substring,NAO
163822,44675316,Pedro Henrique,eodarkzinnevida@gmail.com,(21) 98129-9262,NÃO,Nenhum,sem_assinatura,CIAGA,PEDRO HENRIQUE SIEBEN,103434-1,678,PORTO ALEGRE,200,05/05/2009,0.9733,contained_substring,NAO
30918,43433045,Arthur Ferreira,arthurfcabral09@gmail.com,(21) 97275-3194,NÃO,Nenhum,sem_assinatura,CIAGA,ARTHUR FERREIRA DA SILVA,109478-2,48,PORTO ALEGRE,275,29/11/2006,0.9733,contained_substring,NAO
31695,43189032,João Pedro,jpscabral06@gmail.com,(21) 99857-3899,NÃO,Nenhum,sem_assinatura,CIAGA,JOÃO PEDRO BARBOSA,103825-4,231,RIO DE JANEIRO,245,11/04/2005,0.9733,contained_substring,NAO
38422,29056774,Gabriel Rodrigues,gabrielrsantos0318@gmail.com,(21) 98251-2274,NÃO,Nenhum,expired,CIAGA,GABRIEL RODRIGUES SOARES,113336-6,101,RIO DE JANEIRO,250,04/05/2006,0.9733,contained_substring,NAO
31996,43035561,Lucas Machado,lmamaral27@gmail.com,(31) 98905-3656,SIM,Nivelamento de Física - Assinatura,active,CIAGA,LUCAS MACHADO EVANGELISTA,105172-3,448,BELO HORIZONTE,215,02/03/2009,0.9733,contained_substring,NAO
31931,43061672,Matheus Botelho,matheusbotelho850@gmail.com,(21) 99486-6934,SIM,"Nivelamento de Física - Assinatura, Nivelamento de Matemática - Assinatura, Curso de Oficial: EFOMM, AFA e Escola Naval - Assinatura",active,CIAGA,MATHEUS BOTELHO SILVA,101717-0,706,RIO DE JANEIRO,200,21/06/2009,0.9733,contained_substring,NAO
34054,40045473,João Pedro,joaopmarins01@gmail.com,(21) 99716-8421,SIM,"Curso de Oficial: EFOMM, AFA e Escola Naval - Assinatura, Nivelamento de Matemática - Assinatura, Nivelamento de Física - Assinatura",active,CIAGA,JOÃO PEDRO BARBOSA,103825-4,231,RIO DE JANEIRO,245,11/04/2005,0.9733,contained_substring,NAO
32773,42269588,Pedro Henrique,pedrohenriquediasdosantos015@gmail.com,(15) 98107-5757,SIM,Nivelamento de Matemática - Assinatura,active,CIAGA,PEDRO HENRIQUE SIEBEN,103434-1,678,PORTO ALEGRE,200,05/05/2009,0.9733,contained_substring,NAO
33298,41700907,Pedro Henrique,pedrinhl900@gmail.com,(88) 99631-0685,SIM,Nivelamento de Matemática - Assinatura,active,CIAGA,PEDRO HENRIQUE SIEBEN,103434-1,678,PORTO ALEGRE,200,05/05/2009,0.9733,contained_substring,NAO
31938,43061373,Fabricio Faria,fabricio.faria995@gmail.com,(54) 99324-8219,SIM,"Nivelamento de Física - Assinatura, Nivelamento de Matemática - Assinatura, Curso de Oficial: EFOMM, AFA e Escola Naval - Assinatura",active,CIAGA,FABRICIO FARIAS BRANDAO,110844-3,45,CORUMBÁ,275,25/01/2005,0.9733,contained_substring,NAO
31140,43368075,Thiago Nunes,thseuamor@gmail.com,(21) 96631-0182,SIM,"Nivelamento de Física - Assinatura, Curso de Oficial: EsPCEx - Assinatura, Nivelamento de Matemática - Assinatura",active,CIAGA,THIAGO NUNES MENDES,107096-7,439,RIO DE JANEIRO,215,05/03/2007,0.9733,contained_substring,NAO
35930,36182244,Gabriel Rodrigues,santossrr.gabriel40@gmail.com,(27) 99757-7719,NÃO,Nenhum,expired,CIAGA,GABRIEL RODRIGUES SOARES,113336-6,101,RIO DE JANEIRO,250,04/05/2006,0.9733,contained_substring,NAO
33452,41627311,Pedro Henrique,pedrohenrique.grillodeabreu@gmail.com,(21) 97511-4596,SIM,"Curso de Oficial: EFOMM, AFA e Escola Naval - Assinatura, Nivelamento de Matemática - Assinatura, Nivelamento de Física - Assinatura",active,CIAGA,PEDRO HENRIQUE SIEBEN,103434-1,678,PORTO ALEGRE,200,05/05/2009,0.9733,contained_substring,NAO
31324,43310024,Rafael Oliveira,raafael1501@gmail.com,(61) 99912-0490,NÃO,Nenhum,expired,CIAGA,RAFAEL OLIVEIRA CORONEL,109986-6,364,RIO DE JANEIRO,220,15/02/2007,0.9733,contained_substring,NAO
34303,39317476,João Pedro,jpznx214@gmail.com,(99) 98403-7523,SIM,"Curso de Oficial: EFOMM, AFA e Escola Naval - Assinatura, Nivelamento de Física - Assinatura, Nivelamento de Matemática - Assinatura",active,CIAGA,JOÃO PEDRO BARBOSA,103825-4,231,RIO DE JANEIRO,245,11/04/2005,0.9733,contained_substring,NAO
163938,44705158,Pedro Henrique,pedrosescsilvareserva@gmail.com,(83) 98629-5229,NÃO,Nenhum,sem_assinatura,CIAGA,PEDRO HENRIQUE SIEBEN,103434-1,678,PORTO ALEGRE,200,05/05/2009,0.9733,contained_substring,NAO
164036,44745393,João pedro,jpsuzano2008@gmail.com,(22) 98130-2689,NÃO,Nenhum,sem_assinatura,CIAGA,JOÃO PEDRO BARBOSA,103825-4,231,RIO DE JANEIRO,245,11/04/2005,0.9733,contained_substring,NAO
33445,41629427,Bernardo Alves,bernardo.alves0202@gmail.com,(21) 96409-0498,SIM,"Nivelamento de Física - Assinatura, Curso de Oficial: EFOMM, AFA e Escola Naval - Assinatura, Nivelamento de Matemática - Assinatura",active,CIAGA,BERNARDO ALVES DA SILVA,112443-5,747,RIO DE JANEIRO,200,31/10/2007,0.9733,contained_substring,NAO
33139,41790399,Gustavo Gonçalves,gustavogoncalves6363@gmail.com,(21) 97187-8033,SIM,"Nivelamento de Física - Assinatura, Curso de Oficial: EFOMM, AFA e Escola Naval - Assinatura, Nivelamento de Matemática - Assinatura",active,CIAGA,GUSTAVO GONÇALVES DA SILVA,105681-5,699,RIO DE JANEIRO,200,22/12/2007,0.9733,contained_substring,NAO
33506,41616552,Pedro Henrique,pedromateusefomm2026@gmail.com,(66) 99971-3763,SIM,"Curso de Oficial: EFOMM, AFA e Escola Naval - Assinatura, Nivelamento de Matemática - Assinatura, Nivelamento de Física - Assinatura","active, inactive",CIAGA,PEDRO HENRIQUE SIEBEN,103434-1,678,PORTO ALEGRE,200,05/05/2009,0.9733,contained_substring,NAO
32667,42579057,Victor Aguiar,vicgomes2007@gmail.com,(55) 98453-7857,SIM,"Nivelamento de Física - Assinatura, Curso de Oficial: EsPCEx - Assinatura, Nivelamento de Matemática - Assinatura",active,CIAGA,VICTOR AGUIAR GOMES,104311-7,676,PORTO ALEGRE,200,18/10/2007,0.9733,contained_substring,SIM
31885,43072444,Daniel Lima,limadaniel.1712@gmail.com,(21) 98359-6901,SIM,"Nivelamento de Matemática - Assinatura, Curso de Oficial: EFOMM, AFA e Escola Naval - Assinatura, Nivelamento de Física - Assinatura",active,CIAGA,DANIEL LIMA FOURAUX,105492-4,349,RIO DE JANEIRO,225,03/10/2007,0.9733,contained_substring,NAO
33818,40668091,João Pedro,jassisperes@gmail.com,(32) 99151-7622,SIM,"Nivelamento de Física - Assinatura, Nivelamento de Matemática - Assinatura, Curso de Oficial: EFOMM, AFA e Escola Naval - Assinatura",active,CIAGA,JOÃO PEDRO BARBOSA,103825-4,231,RIO DE JANEIRO,245,11/04/2005,0.9733,contained_substring,NAO
34712,37577848,Gabriel Dias,ga.briel.dias27082017@gmail.com,(14) 99704-4163,NÃO,Nenhum,expired,CIAGA,ERICK GABRIEL DIAS,109939-9,744,RIO DE JANEIRO,200,04/02/2004,0.9733,contained_substring,NAO
35247,36737533,João Pedro,souzapedro1221@gmail.com,(41) 98439-0594,NÃO,Nenhum,expired,CIAGA,JOÃO PEDRO BARBOSA,103825-4,231,RIO DE JANEIRO,245,11/04/2005,0.9733,contained_substring,NAO
34938,37300471,Joao Pedro,pedrorefer@gmail.cm,(19) 98712-0680,NÃO,Nenhum,expired,CIAGA,JOÃO PEDRO BARBOSA,103825-4,231,RIO DE JANEIRO,245,11/04/2005,0.9733,contained_substring,NAO
35107,37000739,João Pedro,jperodrigues18@gmail.com,(82) 99172-0865,NÃO,Nenhum,expired,CIAGA,JOÃO PEDRO BARBOSA,103825-4,231,RIO DE JANEIRO,245,11/04/2005,0.9733,contained_substring,NAO
35006,37174489,Pedro Henrique,pedrowwwzdbv57@gmail.com,(21) 96946-2825,NÃO,Nenhum,expired,CIAGA,PEDRO HENRIQUE SIEBEN,103434-1,678,PORTO ALEGRE,200,05/05/2009,0.9733,contained_substring,NAO
35564,36389108,João Pedro,filhotedoarcanjo@gmail.com,(81) 99810-0806,NÃO,Nenhum,expired,CIAGA,JOÃO PEDRO BARBOSA,103825-4,231,RIO DE JANEIRO,245,11/04/2005,0.9733,contained_substring,NAO
35477,36469190,Pedro Henrique,pedrohenriquekbs@gmail.com,(85) 99756-0911,NÃO,Nenhum,expired,CIAGA,PEDRO HENRIQUE SIEBEN,103434-1,678,PORTO ALEGRE,200,05/05/2009,0.9733,contained_substring,NAO
33880,40588629,Arthur Gabriel,arthurpestana422@gmail.com,(69) 99373-8576,SIM,"Nivelamento de Física - Assinatura, Curso de Oficial: EFOMM, AFA e Escola Naval - Assinatura, Nivelamento de Matemática - Assinatura",active,CIAGA,ARTHUR GABRIEL FERREIRA,110478-4,450,PARANAGUÁ,215,26/06/2008,0.9733,contained_substring,NAO
36295,34955086,Pedro Henrique,pedrohpgm2018@gmail.com,(81) 98998-9647,NÃO,Nenhum,expired,CIAGA,PEDRO HENRIQUE SIEBEN,103434-1,678,PORTO ALEGRE,200,05/05/2009,0.9733,contained_substring,NAO
163963,44706509,João Pedro,hulkdopapiro@gmail.com,(21) 99741-5094,NÃO,Nenhum,sem_assinatura,CIAGA,JOÃO PEDRO BARBOSA,103825-4,231,RIO DE JANEIRO,245,11/04/2005,0.9733,contained_substring,NAO
104672,43930495,Pedro Henrique,pedrodesbravador56z@gmail.com,(21) 96900-2825,SIM,"Nivelamento de Matemática - Assinatura, Curso de Oficial: EsPCEx - Assinatura, Nivelamento de Física - Assinatura",active,CIAGA,PEDRO HENRIQUE SIEBEN,103434-1,678,PORTO ALEGRE,200,05/05/2009,0.9733,contained_substring,NAO
164195,44777745,Wesley Santana,wesleysantanagg@hotmail.com,(21) 97972-6008,NÃO,Nenhum,sem_assinatura,CIAGA,WESLEY SANTANA LEITE,107632-2,124,RIO DE JANEIRO,245,24/02/2003,0.9733,contained_substring,NAO
31829,43160715,Artur Mendes,arturmendes3103@gmail.com,(55) 99204-6710,SIM,"Curso de Oficial: EFOMM, AFA e Escola Naval - Assinatura, Nivelamento de Matemática - Assinatura, Nivelamento de Física - Assinatura",active,CIAGA,ARTUR MENDES PELLENZ,105793-0,763,PORTO ALEGRE,200,31/03/2006,0.9733,contained_substring,NAO
164084,44746506,Pedro Henrique,phbarcelos75@gmail.com,(21) 97743-2828,NÃO,Nenhum,sem_assinatura,CIAGA,PEDRO HENRIQUE SIEBEN,103434-1,678,PORTO ALEGRE,200,05/05/2009,0.9733,contained_substring,NAO
36024,35893535,Pedro Henrique,pedro2hluna@gmail.com,(84) 99818-1451,NÃO,Nenhum,expired,CIAGA,PEDRO HENRIQUE SIEBEN,103434-1,678,PORTO ALEGRE,200,05/05/2009,0.9733,contained_substring,NAO
32951,41978906,João Pedro,jaopedrocrn@gmail.com,(71) 99277-7338,SIM,"Nivelamento de Matemática - Assinatura, Curso de Oficial: EFOMM, AFA e Escola Naval - Assinatura, Nivelamento de Física - Assinatura",active,CIAGA,JOÃO PEDRO BARBOSA,103825-4,231,RIO DE JANEIRO,245,11/04/2005,0.9733,contained_substring,NAO
164113,44746803,Gabriel Marques,gabrielmarquesdasilva10@gmail.com,(21) 98877-3377,NÃO,Nenhum,sem_assinatura,CIAGA,GABRIEL MARQUES GUEDES,101244-1,22,SÃO PAULO,285,18/05/2006,0.9733,contained_substring,NAO
35110,36999103,Gabriel De Souza,gabrieldsferreira1@gmail.com,(22) 99600-9569,SIM,"Nivelamento de Matemática - Assinatura, Curso de Oficial: EPCAR - Assinatura, Nivelamento de Física - Assinatura","active, expired",CIAGA,GABRIEL DE SOUZA FERNANDES,108931-8,521,RIO DE JANEIRO,210,28/09/2007,0.9733,contained_substring,NAO
165079,45323342,Italo Gustavo,italogustavo23515@gmail.com,(38) 99202-0698,SIM,"Curso de Oficial: EFOMM, AFA e Escola Naval - Assinatura, Nivelamento de Física - Assinatura, Nivelamento de Matemática - Assinatura",active,CIAGA,ITALO GUSTAVO CINTRA,104744-1,96,SÃO PAULO,250,09/01/2005,0.9733,contained_substring,NAO
143670,44565068,João Pedro,joao.moraesp77@gmail.com,(11) 97025-8967,SIM,Nivelamento de Matemática - Assinatura,active,CIAGA,JOÃO PEDRO BARBOSA,103825-4,231,RIO DE JANEIRO,245,11/04/2005,0.9733,contained_substring,NAO
143673,44559968,Henrique Tavares,tavarestcss8@gmail.com,(21) 98653-9440,SIM,Nivelamento de Matemática - Assinatura,"active, expired",CIAGA,HENRIQUE TAVARES VIGATO,101614-3,74,SÃO PAULO,260,17/06/2007,0.9733,contained_substring,NAO
143714,44521490,Julia Ferreira,fdelimajulia@gmail.com,(21) 99813-9932,NÃO,Nenhum,sem_assinatura,CIAGA,JULIA FERREIRA DE LIMA,102741-6,134,RIO DE JANEIRO,235,07/03/2007,0.9733,contained_substring,SIM
36429,34737307,Gabriel Marques,bundogjrgamer@gmail.com,(21) 97932-5874,NÃO,Nenhum,expired,CIAGA,GABRIEL MARQUES GUEDES,101244-1,22,SÃO PAULO,285,18/05/2006,0.9733,contained_substring,NAO
39028,22606167,Gabriel Dias,srgsog@gmail.com,(21) 98382-2509,NÃO,Nenhum,expired,CIAGA,ERICK GABRIEL DIAS,109939-9,744,RIO DE JANEIRO,200,04/02/2004,0.9733,contained_substring,NAO
143722,44520427,Miguel Bittencourt,miguelbittencourtrodrigues@gmail.com,(21) 98174-8028,NÃO,Nenhum,sem_assinatura,CIAGA,MIGUEL BITTENCOURT FIORINI,112680-1,686,RIO DE JANEIRO,200,11/12/2007,0.9733,contained_substring,NAO
36435,34734365,Caio Barboza,caiosb03@gmail.com,(21) 97979-3677,NÃO,Nenhum,sem_assinatura,CIAGA,CAIO BARBOZA GAGLIARDI,103253-0,770,RIO DE JANEIRO,200,25/01/2008,0.9733,contained_substring,NAO
143609,44637870,Julia Ferreira,fdelimajulia2@gmail.com,(21) 99813-9932,NÃO,Nenhum,sem_assinatura,CIAGA,JULIA FERREIRA DE LIMA,102741-6,134,RIO DE JANEIRO,235,07/03/2007,0.9733,contained_substring,SIM
36238,35260421,Guilherme Borges,guidotrafego@gmail.com,(62) 99804-6013,NÃO,Nenhum,expired,CIAGA,GUILHERME BORGES NOBRE,105057-9,357,RIO DE JANEIRO,225,08/05/2006,0.9733,contained_substring,NAO
36209,35413634,Pedro Henrique,dark.ocean.1416@gmail.com,(37) 99663-3744,NÃO,Nenhum,expired,CIAGA,PEDRO HENRIQUE SIEBEN,103434-1,678,PORTO ALEGRE,200,05/05/2009,0.9733,contained_substring,NAO
35336,36625519,Giovanna Rodrigues,giomartins833@gmail.com,(21) 97379-5179,SIM,"Nivelamento de Física - Assinatura, Curso de Oficial: EFOMM, AFA e Escola Naval - Assinatura, Nivelamento de Matemática - Assinatura","active, expired",CIAGA,GIOVANNA RODRIGUES ALVES,112122-6,313,RIO DE JANEIRO,225,05/11/2007,0.9733,contained_substring,NAO
34601,37796171,João Pedro,jpedro11082008@gmail.com,,SIM,"Curso de Oficial: EFOMM, AFA e Escola Naval - Assinatura, Nivelamento de Física - Assinatura, Nivelamento de Matemática - Assinatura",active,CIAGA,JOÃO PEDRO BARBOSA,103825-4,231,RIO DE JANEIRO,245,11/04/2005,0.9733,contained_substring,NAO
34041,40061090,Lucas Lima,lclima.estudos@gmail.com,(55) 21992-7463,NÃO,Nenhum,expired,CIAGA,LUCAS LIMA DE ARAUJO,100020-5,23,RIO DE JANEIRO,285,28/02/2008,0.9733,contained_substring,NAO
31010,43432388,João Pedro,jakepj57@gmail.com,(21) 98018-8078,NÃO,Nenhum,sem_assinatura,CIAGA,JOÃO PEDRO BARBOSA,103825-4,231,RIO DE JANEIRO,245,11/04/2005,0.9733,contained_substring,NAO
31959,43057696,Matheus Oliveira,matheusbrexogoncalves@gmail.com,(86) 99447-6693,SIM,Nivelamento de Matemática - Assinatura,active,CIAGA,MATHEUS OLIVEIRA SANTOS,105903-9,347,RIO DE JANEIRO,225,20/07/2006,0.9733,contained_substring,NAO
32492,42646498,Gabrielly pires,gabrielly2011@gmail.com,(21) 99602-1313,SIM,"Nivelamento de Matemática - Assinatura, Curso de Oficial: EFOMM, AFA e Escola Naval - Assinatura, Nivelamento de Física - Assinatura",active,CIAGA,GABRIELLY PIRES COUTO,106657-0,567,RIO DE JANEIRO,210,28/01/2006,0.9733,contained_substring,NAO
133636,44307492,Pedro Henrique,anakelleconceicao@gmail.com,(21) 98508-0835,SIM,Nivelamento de Matemática - Assinatura,active,CIAGA,PEDRO HENRIQUE SIEBEN,103434-1,678,PORTO ALEGRE,200,05/05/2009,0.9733,contained_substring,NAO
104386,44054397,Davi Oliveira,davi.araaujo22@gmail.com,(24) 99908-2861,NÃO,Nenhum,sem_assinatura,CIAGA,DAVI OLIVEIRA DE CARVALHO,111139-4,520,RIO DE JANEIRO,210,18/07/2008,0.9733,contained_substring,NAO
31811,43188892,Pedro Henrique,phamoglia@gmail.com,(32) 99830-5904,NÃO,Nenhum,sem_assinatura,CIAGA,PEDRO HENRIQUE SIEBEN,103434-1,678,PORTO ALEGRE,200,05/05/2009,0.9733,contained_substring,NAO
31887,43072244,Vitor Faria,vitorfariabalbino@hotmail.com,(27) 99248-8285,SIM,"Curso de Oficial: EFOMM, AFA e Escola Naval - Assinatura, Nivelamento de Física - Assinatura, Nivelamento de Matemática - Assinatura",active,CIAGA,VITOR FARIA BALBINO,112064-5,541,VITÓRIA,210,23/01/2003,0.9733,contained_substring,SIM
31400,43298201,Pedro Henrique,pedrohenrique01092009@gmail.com,(32) 98709-5021,NÃO,Nenhum,sem_assinatura,CIAGA,PEDRO HENRIQUE SIEBEN,103434-1,678,PORTO ALEGRE,200,05/05/2009,0.9733,contained_substring,NAO
32241,42835892,Gabriel Ferreira,gabriellima_ferreira@yahoo.com.br,(55) 91993-1940,SIM,"Curso de Oficial: EFOMM, AFA e Escola Naval - Assinatura, Nivelamento de Física - Assinatura, Nivelamento de Matemática - Assinatura",active,CIAGA,ARTHUR GABRIEL FERREIRA,110478-4,450,PARANAGUÁ,215,26/06/2008,0.9733,contained_substring,NAO
32017,43022664,João Pedro,joaopedrooficial.efomm@gmail.com,(84) 99981-5506,SIM,"Curso de Oficial: EFOMM, AFA e Escola Naval - Assinatura, Nivelamento de Matemática - Assinatura, Nivelamento de Física - Assinatura",active,CIAGA,JOÃO PEDRO BARBOSA,103825-4,231,RIO DE JANEIRO,245,11/04/2005,0.9733,contained_substring,NAO
32701,42508149,Pedro Henrique,phenriquerms55@gmail.com,(84) 99475-3285,SIM,Nivelamento de Matemática - Assinatura,active,CIAGA,PEDRO HENRIQUE SIEBEN,103434-1,678,PORTO ALEGRE,200,05/05/2009,0.9733,contained_substring,NAO
33497,41616926,João Pedro,joaopmachado585@gmail.com,(31) 99496-0792,SIM,"Nivelamento de Matemática - Assinatura, Curso de Oficial: EsPCEx - Assinatura, Nivelamento de Física - Assinatura",active,CIAGA,JOÃO PEDRO BARBOSA,103825-4,231,RIO DE JANEIRO,245,11/04/2005,0.9733,contained_substring,NAO
34932,37310115,Pedro Henrique,pedrohenrique817529@gmail.com,(21) 97271-0083,NÃO,Nenhum,expired,CIAGA,PEDRO HENRIQUE SIEBEN,103434-1,678,PORTO ALEGRE,200,05/05/2009,0.9733,contained_substring,NAO
35301,36632651,Guilherme Oliveira,anextor.24@gmail.com,(21) 96981-5084,NÃO,Nenhum,expired,CIAGA,GUILHERME OLIVEIRA GUATIMOSIM,100576-0,205,RIO DE JANEIRO,250,18/03/2008,0.9733,contained_substring,NAO
34967,37236660,Guilherme Da Silva,guiepaidenovo@gmail.com,(21) 99387-7253,NÃO,Nenhum,expired,CIAGA,GUILHERME DA SILVA AZEVEDO,110261-5,146,RIO DE JANEIRO,225,04/12/2003,0.9733,contained_substring,NAO
35503,36441115,Gabriel Gregório,ocapevi@outlook.com,(19) 97103-3325,NÃO,Nenhum,expired,CIAGA,GABRIEL GREGÓRIO DE OLIVEIRA,108262-6,111,PARANAGUÁ,245,26/03/2005,0.9733,contained_substring,NAO
35463,36479971,João Pedro,sementejoaopedro@gmail.com,(21) 99324-2329,NÃO,Nenhum,expired,CIAGA,JOÃO PEDRO BARBOSA,103825-4,231,RIO DE JANEIRO,245,11/04/2005,0.9733,contained_substring,NAO
36068,35763171,Gabriel Sabino,gabrielsabino1608@gmail.com,(85) 99967-4082,NÃO,Nenhum,expired,CIAGA,GABRIEL SABINO LOBO,100548-7,368,RIO DE JANEIRO,220,16/08/2008,0.9733,contained_substring,NAO
36477,34715485,Beatriz Pereira,beatrizestudos2024@gmail.com,(21) 98387-1301,NÃO,Nenhum,sem_assinatura,CIAGA,MARIA BEATRIZ PEREIRA,108730-4,419,RIO DE JANEIRO,220,25/08/2007,0.9733,contained_substring,NAO
35846,36322689,Pedro Henrique,pedrohenribar82@gmail.com,(82) 99826-9816,NÃO,Nenhum,expired,CIAGA,PEDRO HENRIQUE SIEBEN,103434-1,678,PORTO ALEGRE,200,05/05/2009,0.9733,contained_substring,NAO
104628,43973153,Pedro Henrique,pedrohenrique.fcarvalho@gmail.com,(22) 99802-7367,NÃO,Nenhum,sem_assinatura,CIAGA,PEDRO HENRIQUE SIEBEN,103434-1,678,PORTO ALEGRE,200,05/05/2009,0.9733,contained_substring,NAO
104598,44009729,Gabriel M,2004medeiros@gmail.com,(61) 98144-9011,SIM,"Nivelamento de Física - Assinatura, Nivelamento de Matemática - Assinatura, Curso de Oficial: EFOMM, AFA e Escola Naval - Assinatura",active,CIAGA,GABRIEL MARQUES GUEDES,101244-1,22,SÃO PAULO,285,18/05/2006,0.9733,contained_substring,NAO
104676,43926858,Lucas Lima,lclimao.estudos@gmail.com,(21) 99274-6311,NÃO,Nenhum,expired,CIAGA,LUCAS LIMA DE ARAUJO,100020-5,23,RIO DE JANEIRO,285,28/02/2008,0.9733,contained_substring,NAO
36495,34695304,João Pedro,joaopedro27584416@gmail.com,(21) 98330-8987,NÃO,Nenhum,expired,CIAGA,JOÃO PEDRO BARBOSA,103825-4,231,RIO DE JANEIRO,245,11/04/2005,0.9733,contained_substring,NAO
33461,41625443,Gabriel Rodrigues,gr649110@gmail.com,(21) 97323-7474,SIM,"Nivelamento de Matemática - Assinatura, Curso de Oficial: EsPCEx - Assinatura, Nivelamento de Física - Assinatura",active,CIAGA,GABRIEL RODRIGUES SOARES,113336-6,101,RIO DE JANEIRO,250,04/05/2006,0.9733,contained_substring,NAO
35860,36300345,Lucas Oliveira,lucassodre373@gmail.com,(21) 97987-0389,NÃO,Nenhum,expired,CIAGA,LUCAS OLIVEIRA DA PAZ,106706-3,323,RIO DE JANEIRO,225,19/08/2005,0.9733,contained_substring,NAO
30608,43572947,Pedro Henrique,pedro.enrique.praxedes@gmail.com,(84) 98829-3437,SIM,"Nivelamento de Física - Assinatura, Nivelamento de Matemática - Assinatura, Curso de Oficial: EsPCEx - Assinatura",active,CIAGA,PEDRO HENRIQUE SIEBEN,103434-1,678,PORTO ALEGRE,200,05/05/2009,0.9733,contained_substring,NAO
36805,33757839,Pedro Henrique,paixaopedro@icloud.com,(92) 99183-1109,NÃO,Nenhum,expired,CIAGA,PEDRO HENRIQUE SIEBEN,103434-1,678,PORTO ALEGRE,200,05/05/2009,0.9733,contained_substring,NAO
32472,42651993,Guilherme Aquino,guilhermeaquino.rj@gmail.com,(21) 97202-5443,SIM,"Curso de Oficial: EFOMM, AFA e Escola Naval - Assinatura, Nivelamento de Física - Assinatura, Nivelamento de Matemática - Assinatura",active,CIAGA,GUILHERME AQUINO SANTANA,109673-7,721,RIO DE JANEIRO,200,08/05/2008,0.9733,contained_substring,NAO
133578,44218865,Lívia Lacerda,itslivlacerda26@gmail.com,(21) 97030-6060,SIM,"Nivelamento de Física - Assinatura, Nivelamento de Matemática - Assinatura, Curso de Oficial: EFOMM, AFA e Escola Naval - Assinatura",active,CIAGA,LÍVIA LACERDA DE QUEIROZ,105679-4,664,RIO DE JANEIRO,205,26/10/2007,0.9733,contained_substring,NAO
104496,44050872,João Pedro,jpnds2006@gmail.com,(21) 97988-7603,NÃO,Nenhum,sem_assinatura,CIAGA,JOÃO PEDRO BARBOSA,103825-4,231,RIO DE JANEIRO,245,11/04/2005,0.9733,contained_substring,NAO
32162,42897673,Pedro Henrique,peedrohenrique2504@gmail.com,(21) 97183-9882,SIM,"Nivelamento de Matemática - Assinatura, Curso de Oficial: EFOMM, AFA e Escola Naval - Assinatura, Nivelamento de Física - Assinatura",active,CIAGA,PEDRO HENRIQUE SIEBEN,103434-1,678,PORTO ALEGRE,200,05/05/2009,0.9733,contained_substring,NAO
36593,34508284,Gustavo Silva,lauridegustavo16@gmail.com,(21) 98881-6892,NÃO,Nenhum,expired,CIAGA,GUSTAVO SILVA SOEIRO,107867-8,749,RIO DE JANEIRO,200,14/08/2006,0.9733,contained_substring,NAO
36694,34288080,Felipe Souza,felipebmo822@gmail.com,(21) 99729-7673,NÃO,Nenhum,expired,CIAGA,FELIPE SOUZA SPERANDIO,101545-8,116,BELO HORIZONTE,245,15/11/2006,0.9733,contained_substring,NAO
36743,34069411,Gabriel De Souza,gabrielsouzacosta094@gmail.com,(21) 96990-2365,NÃO,Nenhum,expired,CIAGA,GABRIEL DE SOUZA FERNANDES,108931-8,521,RIO DE JANEIRO,210,28/09/2007,0.9733,contained_substring,NAO
36926,33357348,Daniel Lima,dlm99208@gmail.com,(69) 99208-8479,NÃO,Nenhum,expired,CIAGA,DANIEL LIMA FOURAUX,105492-4,349,RIO DE JANEIRO,225,03/10/2007,0.9733,contained_substring,NAO
37146,32481021,Daniel Henrique,danielhenriquesilvadeoliveira@gmail.com,(21) 99033-0008,NÃO,Nenhum,expired,CIAGA,DANIEL HENRIQUE SILVA,102686-0,415,RIO DE JANEIRO,220,15/08/2007,0.9733,contained_substring,SIM
37364,31861261,Pedro Henrique,pedroabreuconcurso@gmail.com,(21) 96744-4874,NÃO,Nenhum,expired,CIAGA,PEDRO HENRIQUE SIEBEN,103434-1,678,PORTO ALEGRE,200,05/05/2009,0.9733,contained_substring,NAO
37583,31297945,Marcus Vinicius,marcusvinilimaconc@gmail.com,(21) 99813-0790,NÃO,Nenhum,expired,CIAGA,MARCUS VINÍCIUS SBROGLIO,103649-4,644,RIO DE JANEIRO,205,15/03/2007,0.9733,contained_substring,NAO
37662,31135162,Gabriel Ferreira,munizgabriel6@gmail.com,(21) 96488-5003,NÃO,Nenhum,expired,CIAGA,ARTHUR GABRIEL FERREIRA,110478-4,450,PARANAGUÁ,215,26/06/2008,0.9733,contained_substring,NAO
37681,31110306,Pedro Henrique,pedronunesviana1234@gmail.com,(82) 98732-7549,NÃO,Nenhum,expired,CIAGA,PEDRO HENRIQUE SIEBEN,103434-1,678,PORTO ALEGRE,200,05/05/2009,0.9733,contained_substring,NAO
37747,31004085,João Pedro,j.pedaobarroso1865@gmail.com,(85) 99799-1493,NÃO,Nenhum,expired,CIAGA,JOÃO PEDRO BARBOSA,103825-4,231,RIO DE JANEIRO,245,11/04/2005,0.9733,contained_substring,NAO
37550,31394817,Kaio Firmino,kaiofirmino123@gmail.com,(61) 98261-7509,NÃO,Nenhum,expired,CIAGA,KAIO FIRMINO DE ARAUJO,113579-1,562,BRASÍLIA,210,13/02/2005,0.9733,contained_substring,NAO
38113,30494460,Guilherme Lopes,guilherme06lopes6g@gmail.com,(84) 99818-2104,NÃO,Nenhum,expired,CIAGA,GUILHERME LOPES VIEIRA,104557-7,314,SÃO PAULO,225,22/05/2004,0.9733,contained_substring,NAO
37993,30714236,Gabriel Ferreira,serafim.branquinho1@gmail.com,(21) 99377-7136,NÃO,Nenhum,expired,CIAGA,ARTHUR GABRIEL FERREIRA,110478-4,450,PARANAGUÁ,215,26/06/2008,0.9733,contained_substring,NAO
37985,30716248,Guilherme Oliveira,guilhermeolvpto16@gmail.com,(21) 98583-0196,NÃO,Nenhum,expired,CIAGA,GUILHERME OLIVEIRA GUATIMOSIM,100576-0,205,RIO DE JANEIRO,250,18/03/2008,0.9733,contained_substring,NAO
37880,30780332,Arthur Magalhães,arthurespcex64@gmail.com,(21) 97598-7774,NÃO,Nenhum,expired,CIAGA,ARTHUR MAGALHAES EIRAS,107503-9,475,RIO DE JANEIRO,215,09/12/2008,0.9733,contained_substring,NAO
37779,30934642,João Pedro,joao8pedro9barbosa@gmail.com,(21) 99176-1452,NÃO,Nenhum,expired,CIAGA,JOÃO PEDRO BARBOSA,103825-4,231,RIO DE JANEIRO,245,11/04/2005,0.9733,contained_substring,SIM
38328,29705404,João Pedro,joaopedrorodriguesds.10@gmail.com,(19) 98773-1652,NÃO,Nenhum,expired,CIAGA,JOÃO PEDRO BARBOSA,103825-4,231,RIO DE JANEIRO,245,11/04/2005,0.9733,contained_substring,NAO
38373,29369261,Lucas Barbosa,lucaslimabarbosa4@gmail.com,(81) 98346-0797,NÃO,Nenhum,expired,CIAGA,LUCAS BARBOSA BOZAN,102043-3,373,RIO DE JANEIRO,220,01/09/2007,0.9733,contained_substring,NAO
38353,29534960,João Pedro,joaopuck@gmail.com,(71) 98702-6683,NÃO,Nenhum,expired,CIAGA,JOÃO PEDRO BARBOSA,103825-4,231,RIO DE JANEIRO,245,11/04/2005,0.9733,contained_substring,NAO
38224,30072285,Leonardo Da Silva,leonardodasilva4268@gmail.com,(14) 99907-1715,NÃO,Nenhum,expired,CIAGA,LEONARDO DA SILVA XIMENES,102091-9,275,RIO DE JANEIRO,235,27/12/2004,0.9733,contained_substring,NAO
38252,29924702,Pedro Henrique,pedro.nasc933@gmail.com,(11) 94049-6064,SIM,"Curso de Oficial: EFOMM, AFA e Escola Naval - Assinatura, Nivelamento de Física - Assinatura, Nivelamento de Matemática - Assinatura","active, expired",CIAGA,PEDRO HENRIQUE SIEBEN,103434-1,678,PORTO ALEGRE,200,05/05/2009,0.9733,contained_substring,NAO
39071,22439110,Joao Pedro,jpreisfreitas@gmail.com,(21) 97521-7921,NÃO,Nenhum,expired,CIAGA,JOÃO PEDRO BARBOSA,103825-4,231,RIO DE JANEIRO,245,11/04/2005,0.9733,contained_substring,NAO
38963,25195983,Lucas Machado,luucasmdefaria@gmail.com,(51) 99258-3726,NÃO,Nenhum,expired,CIAGA,LUCAS MACHADO EVANGELISTA,105172-3,448,BELO HORIZONTE,215,02/03/2009,0.9733,contained_substring,NAO
38942,26214448,Guilherme Gomes,gomesguilhermero@gmail.com,(21) 96433-8829,NÃO,Nenhum,expired,CIAGA,GUILHERME GOMES DE CARVALHO,102771-5,583,RIO DE JANEIRO,205,28/11/2007,0.9733,contained_substring,NAO
38968,25191778,Arthur Ferreira,arthurferreira529@gmail.com,(21) 99946-7077,NÃO,Nenhum,expired,CIAGA,ARTHUR FERREIRA DA SILVA,109478-2,48,PORTO ALEGRE,275,29/11/2006,0.9733,contained_substring,NAO
39265,22124028,Pedro Henrique,pedroandrademartinspinto@gmail.com,,NÃO,Nenhum,expired,CIAGA,PEDRO HENRIQUE SIEBEN,103434-1,678,PORTO ALEGRE,200,05/05/2009,0.9733,contained_substring,NAO
39441,22038686,Matheus Oliveira,matheusfifa2031@gmail.com,(92) 99252-4834,SIM,Live Nivelamento de Fisíca,"active, expired",CIAGA,MATHEUS OLIVEIRA SANTOS,105903-9,347,RIO DE JANEIRO,225,20/07/2006,0.9733,contained_substring,NAO
39544,22024151,Arthur Reis,arthurmec6@gmail.com,(21) 99192-5213,SIM,Live Nivelamento de Fisíca,"active, expired",CIAGA,ARTHUR REIS VOLPINI,107116-9,690,BELO HORIZONTE,200,23/04/2007,0.9733,contained_substring,NAO
31813,43188613,JOÃO VICTOR FERREIRA DOS SANTOS,vidinhaamo.vc@gmail.com,(91) 98013-5593,SIM,"Curso de Oficial: EFOMM, AFA e Escola Naval - Assinatura, Nivelamento de Matemática - Assinatura, Nivelamento de Física - Assinatura",active,CIAGA,JOÃO VICTOR PEREIRA DOS SANTOS,107607-4,462,RIO DE JANEIRO,215,07/02/2006,0.97,contained_tokens,NAO
164294,44786561,Ana Carolina,anacarolinahc21@gmail.com,(21) 97232-6935,NÃO,Nenhum,sem_assinatura,CIAGA,ANA CAROLINA PIRES SOUZA,103852-9,63,RIO DE JANEIRO,265,30/05/2007,0.96,contained_substring,NAO
31072,43416562,Alexandre Lima,alebr123evil@gmail.com,(21) 99516-4851,SIM,"Nivelamento de Matemática - Assinatura, Nivelamento de Física - Assinatura",active,CIAGA,ALEXANDRE LIMA DE SOUSA JUNIOR,100135-5,372,RIO DE JANEIRO,220,04/08/2005,0.96,contained_substring,NAO
33103,41824147,Luiz Felipe,luizin.pdp444@gmail.com,(84) 99899-3012,SIM,"Curso de Oficial: EFOMM, AFA e Escola Naval - Assinatura, Nivelamento de Física - Assinatura, Nivelamento de Matemática - Assinatura",active,CIAGA,LUIZ FELIPE DA COSTA FERREIRA,108327-4,540,PORTO ALEGRE,210,23/03/2006,0.96,contained_substring,NAO
35652,36349848,Icaro Mateus,icarofrancisconi@gmail.com,(27) 98841-4207,SIM,"Curso de Oficial: EFOMM, AFA e Escola Naval - Assinatura, Nivelamento de Matemática - Assinatura, Nivelamento de Física - Assinatura","active, expired",CIAGA,ICARO MATEUS FRANCISCONI COELHO,102573-6,754,VITÓRIA,200,18/10/2006,0.96,contained_substring,SIM
30784,43440459,carlos Eduardo,carlos19010cemc@gmail.com,(21) 99330-7975,NÃO,Nenhum,sem_assinatura,CIAGA,CARLOS EDUARDO FRANETA NUNES,101507-9,273,RIO DE JANEIRO,235,26/07/2008,0.96,contained_substring,NAO
31015,43432355,ana beatriz,anabeatrizsilva310@gmail.com,(21) 97042-7490,NÃO,Nenhum,sem_assinatura,CIAGA,ANA BEATRIZ DE OLIVEIRA LIMA,101754-1,466,RIO DE JANEIRO,215,16/09/2006,0.96,contained_substring,NAO
30861,43434611,João Gabriel,jgbarzano2008@gmail.com,(21) 99613-4836,NÃO,Nenhum,sem_assinatura,CIAGA,JOÃO GABRIEL FREITAS DE ASSIS,108291-7,526,BRASÍLIA,210,11/08/2005,0.96,contained_substring,NAO
164240,44781654,Luiz Felipe,luizfelipenbarbosa@gmail.com,(22) 99740-4496,NÃO,Nenhum,sem_assinatura,CIAGA,LUIZ FELIPE DA COSTA FERREIRA,108327-4,540,PORTO ALEGRE,210,23/03/2006,0.96,contained_substring,NAO
30713,43448614,Ana Júlia,anaj8411@gmail.com,(21) 96664-4082,SIM,Nivelamento de Matemática - Assinatura,active,CIAGA,ANA JÚLIA NASCIMENTO COELHO,103839-3,545,RIO DE JANEIRO,210,03/07/2008,0.96,contained_substring,NAO
30811,43438859,julio cesar,jc437922@gmail.com,(21) 98626-0691,NÃO,Nenhum,sem_assinatura,CIAGA,JULIO CESAR SALAZAR ALBUQUERQUE,102589-1,587,VITÓRIA,205,14/08/2006,0.96,contained_substring,NAO
30795,43439995,Luiz Felipe,luizmp2010@gmail.com,(21) 98231-3918,NÃO,Nenhum,sem_assinatura,CIAGA,LUIZ FELIPE DA COSTA FERREIRA,108327-4,540,PORTO ALEGRE,210,23/03/2006,0.96,contained_substring,NAO
31249,43324779,Maria eduarda,mariaedfs2007@gmail.com,(21) 98279-2012,NÃO,Nenhum,sem_assinatura,CIAGA,MARIA EDUARDA FERREIRA DE OLIVEIRA,106340-9,612,RIO DE JANEIRO,205,06/09/2005,0.96,contained_substring,NAO
31192,43345109,João Lucas,cascamadurak@gmail.com,(21) 97516-7631,SIM,Nivelamento de Física - Assinatura,active,CIAGA,JOÃO LUCAS SOUZA FRANÇA,108259-7,136,BRASÍLIA,235,10/04/2007,0.96,contained_substring,NAO
31586,43193506,Lucas moraes,lucasmoraesmarinedekzl@gmail.com,(55) 75981-9678,NÃO,Nenhum,sem_assinatura,CIAGA,PEDRO LUCAS MORAES SILVEIRA,107107-0,518,RIO DE JANEIRO,210,05/07/2008,0.96,contained_substring,NAO
30639,43530126,Julio César,juliocesar46875@gmail.com,(85) 99906-8604,SIM,"Nivelamento de Física - Assinatura, Nivelamento de Matemática - Assinatura, Curso de Oficial: EFOMM, AFA e Escola Naval - Assinatura",active,CIAGA,JULIO CESAR SALAZAR ALBUQUERQUE,102589-1,587,VITÓRIA,205,14/08/2006,0.96,contained_substring,NAO
31622,43189486,Marcos Vinícius,mvsc0611@gmail.com,(81) 98887-5458,NÃO,Nenhum,sem_assinatura,CIAGA,MARCOS VINÍCIUS MELANDA COSTA,108625-6,793,RIO DE JANEIRO,200,16/02/2006,0.96,contained_substring,NAO
164244,44781733,Pedro Savagé,psnescau@gmail.com,(21) 99945-2008,NÃO,Nenhum,sem_assinatura,CIAGA,PEDRO SAVAGÉ LEÃO MOTA,104679-9,417,RIO DE JANEIRO,220,30/09/2008,0.96,contained_substring,NAO
33983,40332462,Kaio Lucas,kaiolucasviana@gmail.com,(83) 99964-0735,NÃO,Nenhum,expired,CIAGA,KAIO LUCAS MIRANDA DE ALMEIDA,100308-6,212,BELO HORIZONTE,250,23/05/2008,0.96,contained_substring,NAO
31420,43294954,João Victor,joaolexato@gmail.com,(21) 98886-8168,NÃO,Nenhum,sem_assinatura,CIAGA,JOÃO VICTOR DA SILVA MARANHA,108507-7,296,RIO DE JANEIRO,230,22/06/2008,0.96,contained_substring,NAO
31321,43310277,maria luiza,estudospreplu@gmail.com,(21) 97430-2493,NÃO,Nenhum,sem_assinatura,CIAGA,MARIA LUIZA DE SOUZA COSTA,107358-6,398,RIO DE JANEIRO,220,11/07/2007,0.96,contained_substring,NAO
31621,43189505,Pedro matos,phmato2006@gmail.com,(32) 99177-6666,NÃO,Nenhum,sem_assinatura,CIAGA,JOÃO PEDRO MATOS VEIGA,105059-5,350,RIO DE JANEIRO,225,02/03/2006,0.96,contained_substring,NAO
31691,43189039,Ana Beatriz,22biapedrosa@gmail.com,(24) 99841-9628,NÃO,Nenhum,sem_assinatura,CIAGA,ANA BEATRIZ DE OLIVEIRA LIMA,101754-1,466,RIO DE JANEIRO,215,16/09/2006,0.96,contained_substring,NAO
31436,43292749,Bernardo Ribeiro,bernardoribeiro567@gmail.com,(21) 99571-0391,NÃO,Nenhum,sem_assinatura,CIAGA,BERNARDO RIBEIRO LEDA DE ANDRADE,107281-5,509,RIO DE JANEIRO,210,25/12/2005,0.96,contained_substring,NAO
164687,45099941,Guilherme Alves,guilherme110279@gmail.com,(21) 98282-0668,SIM,"Curso de Oficial: EFOMM, AFA e Escola Naval - Assinatura, Nivelamento de Física - Assinatura, Nivelamento de Matemática - Assinatura",active,CIAGA,LUIS GUILHERME ALVES BRITO,101352-4,501,RIO DE JANEIRO,215,10/05/2004,0.96,contained_substring,NAO
164246,44781737,João Gabriel,jb3504661@gmail.com,(12) 99118-7257,NÃO,Nenhum,sem_assinatura,CIAGA,JOÃO GABRIEL FREITAS DE ASSIS,108291-7,526,BRASÍLIA,210,11/08/2005,0.96,contained_substring,NAO
143585,44639086,Pedro Luis,pedro.luis.pereira.123@gmail.com,(21) 97425-5244,NÃO,Nenhum,sem_assinatura,CIAGA,PEDRO LUIS ASSAFRÃO WALTER,101879-8,566,RIO DE JANEIRO,210,27/07/2005,0.96,contained_substring,NAO
31443,43292255,João Paulo,joaopaul226@gmail.com,(82) 99630-0613,NÃO,Nenhum,sem_assinatura,CIAGA,JOAO PAULO RIBEIRO ROLIM,107390-6,260,SÃO PAULO,235,03/06/2005,0.96,contained_substring,NAO
164249,44781894,Pedro Lucas,pedrolucasj1079@gmail.com,(22) 99942-2446,NÃO,Nenhum,sem_assinatura,CIAGA,PEDRO LUCAS MORAES SILVEIRA,107107-0,518,RIO DE JANEIRO,210,05/07/2008,0.96,contained_substring,NAO
31782,43188920,gabriel gomes,gabriel.gomes.da.silva.kgb@gmail.com,(81) 98544-3343,NÃO,Nenhum,sem_assinatura,CIAGA,GABRIEL GOMES CARVALHO DE SOUZA,107521-5,367,RIO DE JANEIRO,220,18/09/2006,0.96,contained_substring,NAO
32314,42751421,André Henrique,ap8313116@gmail.com,(91) 98363-5942,SIM,"Nivelamento de Física - Assinatura, Nivelamento de Matemática - Assinatura, Curso de Oficial: EFOMM, AFA e Escola Naval - Assinatura",active,CIAGA,ANDRÉ HENRIQUE MARQUES ENGLER,102717-6,68,CORUMBÁ,265,25/07/2007,0.96,contained_substring,NAO
30719,43446748,Pedro Savage,pedrosavage52@gmail.com,(21) 99945-2008,NÃO,Nenhum,sem_assinatura,CIAGA,PEDRO SAVAGÉ LEÃO MOTA,104679-9,417,RIO DE JANEIRO,220,30/09/2008,0.96,contained_substring,NAO
31999,43034303,Gustavo Henrique,juguwil12@gmail.com,(92) 99367-1688,SIM,"Nivelamento de Física - Assinatura, Curso de Oficial: EFOMM, AFA e Escola Naval - Assinatura, Nivelamento de Matemática - Assinatura",active,CIAGA,GUSTAVO HENRIQUE RIBEIRO DE SALLES,105069-1,35,SÃO PAULO,280,09/09/2005,0.96,contained_substring,NAO
35711,36324664,João Victor,joaomarsalmarsal@gmail.com,(21) 97970-6528,SIM,"Nivelamento de Física - Assinatura, Curso de Oficial: EFOMM, AFA e Escola Naval - Assinatura, Nivelamento de Matemática - Assinatura","active, expired",CIAGA,JOÃO VICTOR DA SILVA MARANHA,108507-7,296,RIO DE JANEIRO,230,22/06/2008,0.96,contained_substring,NAO
34858,37423889,Pedro Lucas,rochedo2006@gmail.com,(22) 99289-2678,SIM,"Nivelamento de Física - Assinatura, Nivelamento de Matemática - Assinatura, Curso de Oficial: EFOMM, AFA e Escola Naval - Assinatura","active, expired",CIAGA,PEDRO LUCAS MORAES SILVEIRA,107107-0,518,RIO DE JANEIRO,210,05/07/2008,0.96,contained_substring,NAO
31208,43332888,João Paulo,joaopaulozazan@gmail.com,(21) 97748-3321,NÃO,Nenhum,sem_assinatura,CIAGA,JOAO PAULO RIBEIRO ROLIM,107390-6,260,SÃO PAULO,235,03/06/2005,0.96,contained_substring,NAO
32373,42703455,Luiz Gustavo,luizopacheco704@gmail.com,(67) 99256-6457,SIM,"Curso de Oficial: EFOMM, AFA e Escola Naval - Assinatura, Nivelamento de Física - Assinatura, Nivelamento de Matemática - Assinatura",active,CIAGA,LUIZ GUSTAVO DOS SANTOS DE OLIVEIRA,100751-1,311,RIO DE JANEIRO,225,21/08/2007,0.96,contained_substring,NAO
31062,43395293,Carlos Eduardo,carlos.dudu21pp@gmail.com,(21) 99249-0430,SIM,"Nivelamento de Matemática - Assinatura, Curso: Turma ESA - Assinatura",active,CIAGA,CARLOS EDUARDO FRANETA NUNES,101507-9,273,RIO DE JANEIRO,235,26/07/2008,0.96,contained_substring,NAO
31722,43188994,Maria Eduarda,mariaeduardaefomm2026@gmail.com,(13) 99655-5739,NÃO,Nenhum,sem_assinatura,CIAGA,MARIA EDUARDA FERREIRA DE OLIVEIRA,106340-9,612,RIO DE JANEIRO,205,06/09/2005,0.96,contained_substring,NAO
143613,44638425,Maria Eduarda,duda.pardinin@gmail.com,(11) 91110-6751,NÃO,Nenhum,sem_assinatura,CIAGA,MARIA EDUARDA FERREIRA DE OLIVEIRA,106340-9,612,RIO DE JANEIRO,205,06/09/2005,0.96,contained_substring,NAO
31070,43393985,Paulo Henrique,paulohenrique95518@gmail.com,(21) 98557-7276,SIM,"Curso de Oficial: EsPCEx - Assinatura, Nivelamento de Física - Assinatura, Nivelamento de Matemática - Assinatura",active,CIAGA,PAULO HENRIQUE VARGAS TESCH,112701-1,317,PORTO ALEGRE,225,17/07/2008,0.96,contained_substring,NAO
31312,43311372,pedro Daniel,pedrodanielbauer85@gmail.com,(21) 97077-3646,NÃO,Nenhum,sem_assinatura,CIAGA,PEDRO DANIEL DO NASCIMENTO BAUER,100564-7,565,RIO DE JANEIRO,210,05/08/2008,0.96,contained_substring,SIM
165038,45257993,André Luiz,dantasluizandre@gmail.com,(13) 99737-0088,SIM,Nivelamento de Matemática - Assinatura,active,CIAGA,ANDRE LUIZ PINTO BASTOS,106777-6,282,RIO DE JANEIRO,230,28/08/2003,0.96,contained_substring,NAO
32905,42040301,Lucas Costa,lucascostaffx16@gmail.com,(84) 99921-4960,SIM,"Curso de Oficial: EFOMM, AFA e Escola Naval - Assinatura, Nivelamento de Física - Assinatura, Nivelamento de Matemática - Assinatura",active,CIAGA,LUCAS COSTA VIEIRA COUTINHO,108322-3,138,BRASÍLIA,235,12/11/2008,0.96,contained_substring,NAO
34737,37523240,Lucas Miranda,lceba2004@gmail.com,(21) 96731-7703,SIM,Nivelamento de Matemática - Assinatura,"active, expired",CIAGA,KAIO LUCAS MIRANDA DE ALMEIDA,100308-6,212,BELO HORIZONTE,250,23/05/2008,0.96,contained_substring,NAO
34987,37205315,Joao Eduardo,je9030176@gmail.com,(33) 99807-6315,SIM,Nivelamento de Inglês - Assinatura,"active, expired",CIAGA,JOÃO EDUARDO ROCHA MARTINS,108367-0,533,CORUMBÁ,210,04/10/2006,0.96,contained_substring,NAO
33318,41694009,Luis Henrique,lhjdutra@gmail.com,(98) 98518-8320,SIM,Nivelamento de Física - Assinatura,active,CIAGA,LUÍS HENRIQUE GUIMARÃES MONTAI,104739-6,709,SÃO PAULO,200,03/08/2008,0.96,contained_substring,NAO
163982,44720316,Luiz Felipe,papif0345@gmail.com,(22) 98136-2822,NÃO,Nenhum,sem_assinatura,CIAGA,LUIZ FELIPE DA COSTA FERREIRA,108327-4,540,PORTO ALEGRE,210,23/03/2006,0.96,contained_substring,NAO
32331,42724012,Maria Eduarda,dudaramosolive@gmail.com,(22) 99248-2321,SIM,"Nivelamento de Matemática - Assinatura, Nivelamento de Física - Assinatura, Curso de Oficial: EFOMM, AFA e Escola Naval - Assinatura",active,CIAGA,MARIA EDUARDA FERREIRA DE OLIVEIRA,106340-9,612,RIO DE JANEIRO,205,06/09/2005,0.96,contained_substring,NAO
32311,42752276,João Vitor,vito3br@gmail.com,(83) 99311-1044,SIM,"Nivelamento de Matemática - Assinatura, Nivelamento de Física - Assinatura, Curso de Oficial: EFOMM, AFA e Escola Naval - Assinatura",active,CIAGA,JOAO VITOR VALENTE MARQUES,106460-4,267,RIO DE JANEIRO,235,08/05/2007,0.96,contained_substring,NAO
31011,43432381,Marcos Antônio,marcosantonio14052008@gmail.com,(94) 98817-7665,SIM,"Nivelamento de Matemática - Assinatura, Curso de Oficial: EFOMM, AFA e Escola Naval - Assinatura, Nivelamento de Física - Assinatura",active,CIAGA,MARCOS ANTONIO CORDEIRO FARIAS,103523-0,79,RIO DE JANEIRO,260,10/05/2007,0.96,contained_substring,NAO
33633,41615295,carlos eduardo,ce3459700@gmail.com,(64) 99329-7246,SIM,"Nivelamento de Física - Assinatura, Curso de Oficial: EFOMM, AFA e Escola Naval - Assinatura, Nivelamento de Matemática - Assinatura",active,CIAGA,CARLOS EDUARDO FRANETA NUNES,101507-9,273,RIO DE JANEIRO,235,26/07/2008,0.96,contained_substring,NAO
164972,45239026,Maria Eduarda,eduardavigom0408@hotmail.com,(21) 97022-5126,NÃO,Nenhum,sem_assinatura,CIAGA,MARIA EDUARDA FERREIRA DE OLIVEIRA,106340-9,612,RIO DE JANEIRO,205,06/09/2005,0.96,contained_substring,NAO
33080,41836456,Lucas de Oliveira,leonardo.carneiro1@outlook.com,(83) 99869-1419,SIM,"Curso de Oficial: EFOMM, AFA e Escola Naval - Assinatura, Nivelamento de Matemática - Assinatura, Nivelamento de Física - Assinatura",active,CIAGA,ERIC LUCAS DE OLIVEIRA MESQUITA,102680-0,477,RIO DE JANEIRO,215,03/03/2007,0.96,contained_substring,NAO
165238,45376662,Lucas Santos,amorimlucas949@gmail.com,(21) 98174-8806,SIM,"Curso de Oficial: EFOMM, AFA e Escola Naval - Assinatura, Nivelamento de Matemática - Assinatura, Nivelamento de Física - Assinatura",active,CIAGA,LUCAS SANTOS GONZAGA LIMA,111243-4,663,RIO DE JANEIRO,205,06/02/2009,0.96,contained_substring,NAO
33695,41131561,Gabriel Mendes,gabriel.mendes.4670@gmail.com,(61) 98206-0791,SIM,"Nivelamento de Física - Assinatura, Nivelamento de Matemática - Assinatura",active,CIAGA,GABRIEL MENDES DE OLIVEIRA PINHAL,104943-9,51,SÃO PAULO,275,21/07/2005,0.96,contained_substring,NAO
33444,41629988,Luiz Henrique,luizhenriqueffoficial@gmail.com,(32) 98813-7995,SIM,"Nivelamento de Física - Assinatura, Curso de Oficial: EFOMM, AFA e Escola Naval - Assinatura, Nivelamento de Matemática - Assinatura",active,CIAGA,LUIZ HENRIQUE CARVALHO FERRAZ,108199-0,605,RIO DE JANEIRO,205,08/04/2008,0.96,contained_substring,NAO
33955,40469313,Luis Felipe,luisfelipefrocha2009@gmail.com,(81) 97121-2601,NÃO,Nenhum,expired,CIAGA,LUÍS FELIPE REGUEIRA DE ARAÚJO,108756-6,650,RIO DE JANEIRO,205,27/08/2006,0.96,contained_substring,NAO
164182,44772430,Ana Beatriz,anabeatriz.s0317@gmail.com,(85) 98163-3517,NÃO,Nenhum,sem_assinatura,CIAGA,ANA BEATRIZ DE OLIVEIRA LIMA,101754-1,466,RIO DE JANEIRO,215,16/09/2006,0.96,contained_substring,NAO
35802,36322814,Victor hugo,vmatias0201@gmail.com,(87) 98862-1329,SIM,"Curso de Oficial: EFOMM, AFA e Escola Naval - Assinatura","active, expired",CIAGA,VICTOR HUGO DE SOUZA MACEDO,108587-8,716,RIO DE JANEIRO,200,19/12/2008,0.96,contained_substring,NAO
33126,41803850,Pedro Augusto,pedroaugustocampos2806@gmail.com,(31) 98398-1915,SIM,"Nivelamento de Matemática - Assinatura, Curso de Oficial: EFOMM, AFA e Escola Naval - Assinatura, Nivelamento de Física - Assinatura",active,CIAGA,PEDRO AUGUSTO ALVES DE ANDRADE,105585-5,7,SÃO PAULO,305,29/04/2003,0.96,contained_substring,NAO
32953,41978796,Pedro Mesquita,pedromesquita19702008@gmail.com,(91) 99331-0177,SIM,"Curso de Oficial: EFOMM, AFA e Escola Naval - Assinatura, Nivelamento de Física - Assinatura, Nivelamento de Matemática - Assinatura",active,CIAGA,JOÃO PEDRO MESQUITA CANCELLA,107153-0,667,BRASÍLIA,200,01/11/2006,0.96,contained_substring,NAO
34147,39939415,Matheus Henrique,henriquematheusty@gmail.com,(18) 99736-9338,NÃO,Nenhum,expired,CIAGA,MATHEUS HENRIQUE CHINOLLI CARNEIRO,112932-4,713,PARANAGUÁ,200,01/06/2007,0.96,contained_substring,NAO
33022,41913643,João Vítor🦍⚓,johnbigcry@gmail.com,(21) 96978-1415,SIM,"Nivelamento de Matemática - Assinatura, Nivelamento de Física - Assinatura, Curso de Oficial: EFOMM, AFA e Escola Naval - Assinatura",active,CIAGA,JOAO VITOR VALENTE MARQUES,106460-4,267,RIO DE JANEIRO,235,08/05/2007,0.96,contained_substring,NAO
34022,40115521,Matheus Augusto,matheusaugustosilvarj2@gmail.com,(21) 98270-9818,NÃO,Nenhum,expired,CIAGA,MATHEUS AUGUSTO MORAIS LOUZADA,108053-2,195,BRASÍLIA,255,18/06/2007,0.96,contained_substring,NAO
34229,39707189,Júlio César,juliocesarbk213@gmail.com,(81) 99508-9668,NÃO,Nenhum,expired,CIAGA,JULIO CESAR SALAZAR ALBUQUERQUE,102589-1,587,VITÓRIA,205,14/08/2006,0.96,contained_substring,NAO
34566,37880360,João Victor,joaovictordacostapinto84@gmail.com,(92) 98608-0277,NÃO,Nenhum,expired,CIAGA,JOÃO VICTOR DA SILVA MARANHA,108507-7,296,RIO DE JANEIRO,230,22/06/2008,0.96,contained_substring,NAO
34717,37563001,Maria Eduarda,mariaeduarda200619@gmail.com,(21) 98437-0415,NÃO,Nenhum,expired,CIAGA,MARIA EDUARDA FERREIRA DE OLIVEIRA,106340-9,612,RIO DE JANEIRO,205,06/09/2005,0.96,contained_substring,NAO
34661,37662321,Maria Luisa,lulujf2016@gmail.com,(32) 98844-6739,NÃO,Nenhum,expired,CIAGA,MARIA LUÍSA SARAIVA DE ALBUQUERQUE,101473-8,519,BRASÍLIA,210,13/10/2005,0.96,contained_substring,NAO
34603,37790065,João Victor,jviclima2005@gmail.com,(81) 97100-1732,NÃO,Nenhum,expired,CIAGA,JOÃO VICTOR DA SILVA MARANHA,108507-7,296,RIO DE JANEIRO,230,22/06/2008,0.96,contained_substring,NAO
34633,37728421,Ana júlia,nessapn@hotmail.com,(21) 99724-3289,NÃO,Nenhum,expired,CIAGA,ANA JÚLIA NASCIMENTO COELHO,103839-3,545,RIO DE JANEIRO,210,03/07/2008,0.96,contained_substring,NAO
34472,38358921,Luiz Henrique,luizhencam18@gmail.com,(94) 99120-2926,NÃO,Nenhum,expired,CIAGA,LUIZ HENRIQUE CARVALHO FERRAZ,108199-0,605,RIO DE JANEIRO,205,08/04/2008,0.96,contained_substring,NAO
34655,37672604,Matheus Henrique,matheusinhosilva382@gmail.com,(82) 98157-8470,NÃO,Nenhum,expired,CIAGA,MATHEUS HENRIQUE CHINOLLI CARNEIRO,112932-4,713,PARANAGUÁ,200,01/06/2007,0.96,contained_substring,NAO
34817,37443506,Pedro Augusto,pedroaugustopinto2@gmail.com,(22) 97403-0578,NÃO,Nenhum,expired,CIAGA,PEDRO AUGUSTO ALVES DE ANDRADE,105585-5,7,SÃO PAULO,305,29/04/2003,0.96,contained_substring,NAO
35101,37002617,Maria Eduarda,dudaayres1234@gmail.com,(21) 99240-9009,NÃO,Nenhum,expired,CIAGA,MARIA EDUARDA FERREIRA DE OLIVEIRA,106340-9,612,RIO DE JANEIRO,205,06/09/2005,0.96,contained_substring,NAO
164268,44782829,Pedro Lucas,pedro.rjo08@gmail.com,(61) 98188-4209,NÃO,Nenhum,sem_assinatura,CIAGA,PEDRO LUCAS MORAES SILVEIRA,107107-0,518,RIO DE JANEIRO,210,05/07/2008,0.96,contained_substring,NAO
164053,44745683,Victor da Silva,santana71vitor@gmail.com,(79) 98166-1585,NÃO,Nenhum,sem_assinatura,CIAGA,JOÃO VICTOR DA SILVA MARANHA,108507-7,296,RIO DE JANEIRO,230,22/06/2008,0.96,contained_substring,NAO
35367,36609457,João Gabriel,gabrielgba4@gmail.com,(21) 96521-4413,NÃO,Nenhum,expired,CIAGA,JOÃO GABRIEL FREITAS DE ASSIS,108291-7,526,BRASÍLIA,210,11/08/2005,0.96,contained_substring,NAO
34965,37242069,Lucas Henrique,lucasgouveiacruz2025@gmail.com,(83) 99605-6574,NÃO,Nenhum,expired,CIAGA,LUCAS HENRIQUES COSTA PINHEIRO,112489-0,304,RIO DE JANEIRO,230,20/04/2009,0.96,contained_substring,NAO
35590,36371799,Paulo Henrique,paulohenrike4737@gmail.com,(71) 99146-7119,NÃO,Nenhum,expired,CIAGA,PAULO HENRIQUE VARGAS TESCH,112701-1,317,PORTO ALEGRE,225,17/07/2008,0.96,contained_substring,NAO
35496,36447327,Joao Paulo,freitasengenharia27@gmail.com,(61) 99623-4460,NÃO,Nenhum,expired,CIAGA,JOAO PAULO RIBEIRO ROLIM,107390-6,260,SÃO PAULO,235,03/06/2005,0.96,contained_substring,NAO
31080,43426605,Pedro Leal,pedroleal2901@gmail.com,(21) 99167-5212,SIM,"Curso de Oficial: EsPCEx - Assinatura, Nivelamento de Física - Assinatura, Nivelamento de Matemática - Assinatura",active,CIAGA,JOÃO PEDRO LEAL COSTA,109262-1,144,RIO DE JANEIRO,230,19/08/2007,0.96,contained_substring,NAO
32841,42080457,Victor Hugo,victorhugowerner22122008@gmail.com,(21) 98367-6373,SIM,"Nivelamento de Matemática - Assinatura, Nivelamento de Física - Assinatura, Curso de Oficial: EFOMM, AFA e Escola Naval - Assinatura",active,CIAGA,VICTOR HUGO DE SOUZA MACEDO,108587-8,716,RIO DE JANEIRO,200,19/12/2008,0.96,contained_substring,NAO
35980,36040472,Maria Eduarda,duda.quintanilha1506@gmail.com,(22) 99759-9975,SIM,"Curso de Oficial: EFOMM, AFA e Escola Naval - Assinatura, Nivelamento de Física - Assinatura, Nivelamento de Matemática - Assinatura",active,CIAGA,MARIA EDUARDA FERREIRA DE OLIVEIRA,106340-9,612,RIO DE JANEIRO,205,06/09/2005,0.96,contained_substring,NAO
143656,44582813,Gustavo Henrique,gustavohenriquebatistafideles@gmail.com,(61) 99345-6162,SIM,"Nivelamento de Física - Assinatura, Curso de Oficial: EsPCEx - Assinatura, Nivelamento de Matemática - Assinatura",active,CIAGA,GUSTAVO HENRIQUE RIBEIRO DE SALLES,105069-1,35,SÃO PAULO,280,09/09/2005,0.96,contained_substring,NAO
36668,34351762,João Augusto,joaofreitas2020@gmail.com,(21) 99647-9617,SIM,"Curso de Oficial: EsPCEx - Assinatura, Nivelamento de Física - Assinatura, Nivelamento de Matemática - Assinatura",active,CIAGA,JOAO AUGUSTO MATOS DE BARROS,101376-0,210,RIO DE JANEIRO,250,22/09/2003,0.96,contained_substring,NAO
164683,45095927,Gabriel Henrique,bielssjblue6@gmail.com,(12) 99724-8879,SIM,"Nivelamento de Matemática - Assinatura, Curso: Turma ESA - Assinatura",active,CIAGA,GABRIEL HENRIQUE LUIZ DO NASCIMENTO,102718-4,547,SÃO PAULO,210,16/04/2007,0.96,contained_substring,NAO
31060,43395606,Maria Luiza,maluhferreirasilva19@gmail.com,(91) 98863-5812,SIM,"Nivelamento de Matemática - Assinatura, Curso de Oficial: EFOMM, AFA e Escola Naval - Assinatura, Nivelamento de Física - Assinatura",active,CIAGA,MARIA LUIZA DE SOUZA COSTA,107358-6,398,RIO DE JANEIRO,220,11/07/2007,0.96,contained_substring,NAO
34115,39986314,Pedro Rodrigues,pedrorodrigues062418@gmail.com,(91) 99818-8755,SIM,"Nivelamento de Física - Assinatura, Nivelamento de Matemática - Assinatura, Curso de Oficial: EFOMM, AFA e Escola Naval - Assinatura",active,CIAGA,JOAO PEDRO RODRIGUES PINTO,100146-0,570,RIO DE JANEIRO,210,19/11/2008,0.96,contained_substring,NAO
33898,40566561,Caio Alex,caioalex123421@gmail.com,(21) 97526-4540,SIM,"Curso de Oficial: EFOMM, AFA e Escola Naval - Assinatura, Nivelamento de Matemática - Assinatura, Nivelamento de Física - Assinatura",active,CIAGA,CAIO ALEX FEITOZA DA SILVA,100728-0,379,RIO DE JANEIRO,220,22/05/2006,0.96,contained_substring,NAO
36038,35868089,Gabriel Gomes,gabrielgomesdelima21@gmail.com,(12) 99169-7098,NÃO,Nenhum,expired,CIAGA,GABRIEL GOMES CARVALHO DE SOUZA,107521-5,367,RIO DE JANEIRO,220,18/09/2006,0.96,contained_substring,NAO
32631,42637614,Gustavo Henrique,guxta266@gmail.com,(91) 99908-1239,SIM,"Curso de Oficial: EFOMM, AFA e Escola Naval - Assinatura, Nivelamento de Física - Assinatura, Nivelamento de Matemática - Assinatura",active,CIAGA,GUSTAVO HENRIQUE RIBEIRO DE SALLES,105069-1,35,SÃO PAULO,280,09/09/2005,0.96,contained_substring,NAO
37845,30815498,Carlos Alberto,juniorbb112@gmail.com,(21) 98526-3019,NÃO,Nenhum,expired,CIAGA,CARLOS ALBERTO DE SOUZA NETO,104927-9,28,SÃO PAULO,285,18/06/2003,0.96,contained_substring,NAO
37145,32491203,Lucas S,lucassouzasp@hotmail.com,(11) 96527-8784,SIM,"Curso de Oficial: EFOMM, AFA e Escola Naval - Assinatura, Nivelamento de Física - Assinatura, Nivelamento de Matemática - Assinatura",active,CIAGA,JOÃO LUCAS SOUZA FRANÇA,108259-7,136,BRASÍLIA,235,10/04/2007,0.96,contained_substring,SIM
143709,44522106,Lucas Moraes,lucasmoraes121314ll@gmail.com,(55) 99106-1886,SIM,"Nivelamento de Matemática - Assinatura, Curso: Turma ESA - Assinatura",active,CIAGA,PEDRO LUCAS MORAES SILVEIRA,107107-0,518,RIO DE JANEIRO,210,05/07/2008,0.96,contained_substring,NAO
164940,45237701,João Vitor,secretamentesecreto001@gmail.com,(21) 96729-9970,NÃO,Nenhum,sem_assinatura,CIAGA,JOAO VITOR VALENTE MARQUES,106460-4,267,RIO DE JANEIRO,235,08/05/2007,0.96,contained_substring,NAO
36420,34750336,Pedro Gomes,6383.pedrogomes.cmr@gmail.com,(81) 99560-4349,NÃO,Nenhum,expired,CIAGA,JOÃO PEDRO GOMES GONÇALVES,104427-5,289,SÃO PAULO,230,13/10/2003,0.96,contained_substring,NAO
33369,41666567,Augusto Cesar,xxxauguston@gmail.com,(63) 98116-2800,SIM,"Nivelamento de Matemática - Assinatura, Curso de Oficial: EFOMM, AFA e Escola Naval - Assinatura, Nivelamento de Física - Assinatura",active,CIAGA,AUGUSTO CESAR COSTA DIAS,104382-0,286,BELO HORIZONTE,230,16/06/2009,0.96,contained_substring,NAO
36447,34726317,Marcos Vinicius,marcaovinicius12br@gmail.com,(65) 99334-3404,NÃO,Nenhum,expired,CIAGA,MARCOS VINÍCIUS MELANDA COSTA,108625-6,793,RIO DE JANEIRO,200,16/02/2006,0.96,contained_substring,NAO
104352,44057323,João Vitor,vitordossantos242@gmail.com,(55) 91982-9238,NÃO,Nenhum,sem_assinatura,CIAGA,JOAO VITOR VALENTE MARQUES,106460-4,267,RIO DE JANEIRO,235,08/05/2007,0.96,contained_substring,NAO
31888,43072104,Pedro Lucas,pedrolucasdutra71@gmail.com,(33) 99984-6732,SIM,"Nivelamento de Matemática - Assinatura, Curso de Oficial: EFOMM, AFA e Escola Naval - Assinatura, Nivelamento de Física - Assinatura",active,CIAGA,PEDRO LUCAS MORAES SILVEIRA,107107-0,518,RIO DE JANEIRO,210,05/07/2008,0.96,contained_substring,NAO
31846,43139839,Guilherme Alves,guilhermeoliver2007mg@gmail.com,(34) 99937-1439,SIM,"Nivelamento de Matemática - Assinatura, Curso de Oficial: EFOMM, AFA e Escola Naval - Assinatura, Nivelamento de Física - Assinatura","active, inactive",CIAGA,LUIS GUILHERME ALVES BRITO,101352-4,501,RIO DE JANEIRO,215,10/05/2004,0.96,contained_substring,NAO
33221,41726109,Pedro Hugo,pedrohugomalheiro@gmail.com,(21) 98845-2690,SIM,"Curso de Oficial: EFOMM, AFA e Escola Naval - Assinatura, Nivelamento de Matemática - Assinatura, Nivelamento de Física - Assinatura",active,CIAGA,PEDRO HUGO MALHEIROS DA CONCEICAO,104231-7,243,RIO DE JANEIRO,240,04/08/2008,0.96,contained_substring,NAO
34790,37468518,Matheus Henrique,matheushenriqueee056@gmail.com,(91) 98743-0365,NÃO,Nenhum,expired,CIAGA,MATHEUS HENRIQUE CHINOLLI CARNEIRO,112932-4,713,PARANAGUÁ,200,01/06/2007,0.96,contained_substring,NAO
35410,36543541,Luis Felipe,luisf98lf98@gmail.com,(32) 98839-9233,NÃO,Nenhum,expired,CIAGA,LUÍS FELIPE REGUEIRA DE ARAÚJO,108756-6,650,RIO DE JANEIRO,205,27/08/2006,0.96,contained_substring,NAO
32432,42669960,João Victor,joaovictor.sousa.r@gmail.com,(21) 98986-3177,SIM,"Nivelamento de Matemática - Assinatura, Nivelamento de Física - Assinatura, Curso de Oficial: EsPCEx - Assinatura",active,CIAGA,JOÃO VICTOR DA SILVA MARANHA,108507-7,296,RIO DE JANEIRO,230,22/06/2008,0.96,contained_substring,NAO
104364,44055055,Luiz gustavo,luizjogador45@gmail.com,(24) 99961-7385,NÃO,Nenhum,sem_assinatura,CIAGA,LUIZ GUSTAVO DOS SANTOS DE OLIVEIRA,100751-1,311,RIO DE JANEIRO,225,21/08/2007,0.96,contained_substring,NAO
36886,33538216,Julio Cesar,julio.cesarmcpe10@gmail.com,(81) 97506-0035,NÃO,Nenhum,expired,CIAGA,JULIO CESAR SALAZAR ALBUQUERQUE,102589-1,587,VITÓRIA,205,14/08/2006,0.96,contained_substring,NAO
32823,42128065,João Vitor,joaovity608@gmail.com,(71) 99116-9919,SIM,Nivelamento de Física - Assinatura,active,CIAGA,JOAO VITOR VALENTE MARQUES,106460-4,267,RIO DE JANEIRO,235,08/05/2007,0.96,contained_substring,NAO
30838,43435436,Júlio César,julio.c.s.albuquerque@gmail.com,(61) 99211-3750,SIM,"Nivelamento de Matemática - Assinatura, Nivelamento de Física - Assinatura, Curso de Oficial: EFOMM, AFA e Escola Naval - Assinatura",active,CIAGA,JULIO CESAR SALAZAR ALBUQUERQUE,102589-1,587,VITÓRIA,205,14/08/2006,0.96,contained_substring,SIM
104373,44054707,ana luiza,analuizacamposlima98@gmail.com,(22) 98829-0403,NÃO,Nenhum,sem_assinatura,CIAGA,ANA LUIZA BRAGA PATARO,106552-7,741,RIO DE JANEIRO,200,01/10/2007,0.96,contained_substring,NAO
35776,36323008,Lucas Alves,lucaspereira7865@gmail.com,(21) 97423-0261,SIM,"Nivelamento de Matemática - Assinatura, Nivelamento de Física - Assinatura, Curso de Oficial: EFOMM, AFA e Escola Naval - Assinatura","active, expired",CIAGA,VITOR LUCAS ALVES DOS SANTOS,103440-5,446,SÃO PAULO,215,22/04/2007,0.96,contained_substring,NAO
35443,36496034,Lucas Alves,lucasdafonseca1011@gmail.com,(21) 96478-5698,SIM,Nivelamento de Matemática - Assinatura,"active, expired",CIAGA,VITOR LUCAS ALVES DOS SANTOS,103440-5,446,SÃO PAULO,215,22/04/2007,0.96,contained_substring,NAO
133542,44211292,Joao Vitor,joaoronkaly8@gmail.com,(91) 98959-9622,SIM,"Curso de Oficial: EFOMM, AFA e Escola Naval - Assinatura, Nivelamento de Matemática - Assinatura, Nivelamento de Física - Assinatura",active,CIAGA,JOAO VITOR VALENTE MARQUES,106460-4,267,RIO DE JANEIRO,235,08/05/2007,0.96,contained_substring,NAO
31310,43312005,Joao victor,joaodecastroplacido@gmail.com,(21) 96998-2986,NÃO,Nenhum,sem_assinatura,CIAGA,JOÃO VICTOR DA SILVA MARANHA,108507-7,296,RIO DE JANEIRO,230,22/06/2008,0.96,contained_substring,NAO
85643,43755966,Luiz Gustavo,lgextraordinario10@gmail.com,(86) 98102-2577,NÃO,Nenhum,sem_assinatura,CIAGA,LUIZ GUSTAVO DOS SANTOS DE OLIVEIRA,100751-1,311,RIO DE JANEIRO,225,21/08/2007,0.96,contained_substring,NAO
35173,36902092,João Vitor,jvreissoua@gmail.com,(71) 98343-1391,SIM,Nivelamento de Matemática - Assinatura,active,CIAGA,JOAO VITOR VALENTE MARQUES,106460-4,267,RIO DE JANEIRO,235,08/05/2007,0.96,contained_substring,NAO
33882,40579029,André Henrique,henriquemarquesengler@gmail.com,(67) 99931-4287,SIM,"Nivelamento de Matemática - Assinatura, Curso de Oficial: EFOMM, AFA e Escola Naval - Assinatura, Nivelamento de Física - Assinatura",active,CIAGA,ANDRÉ HENRIQUE MARQUES ENGLER,102717-6,68,CORUMBÁ,265,25/07/2007,0.96,contained_substring,SIM
32351,42711724,Lucas Henrique,lucashpc16@gmail.com,(83) 98656-0675,SIM,"Curso de Oficial: EFOMM, AFA e Escola Naval - Assinatura, Nivelamento de Física - Assinatura, Nivelamento de Matemática - Assinatura",active,CIAGA,LUCAS HENRIQUES COSTA PINHEIRO,112489-0,304,RIO DE JANEIRO,230,20/04/2009,0.96,contained_substring,NAO
85476,43750835,Pedro Lucas,lucasjfbrasil48@gmail.com,(00) 85991-2052,NÃO,Nenhum,sem_assinatura,CIAGA,PEDRO LUCAS MORAES SILVEIRA,107107-0,518,RIO DE JANEIRO,210,05/07/2008,0.96,contained_substring,NAO
32879,42064333,Marcos Vinicius,marcosvandrade.04@gmail.com,(81) 99606-1658,SIM,"Curso de Matemática ESA + Nivela Mat - Assinatura, Nivelamento de Matemática - Assinatura, Nivelamento de Física - Assinatura, Curso de Oficial: EFOMM, AFA e Escola Naval - Assinatura",active,CIAGA,MARCOS VINÍCIUS MELANDA COSTA,108625-6,793,RIO DE JANEIRO,200,16/02/2006,0.96,contained_substring,NAO
31307,43312251,ana júlia,ajnscoelho@gmail.com,(21) 99444-1618,SIM,"Nivelamento de Matemática - Assinatura, Curso de Oficial: EFOMM, AFA e Escola Naval - Assinatura, Nivelamento de Física - Assinatura",active,CIAGA,ANA JÚLIA NASCIMENTO COELHO,103839-3,545,RIO DE JANEIRO,210,03/07/2008,0.96,contained_substring,SIM
31063,43395251,Maria Eduarda,m.eduarda6511@gmail.com,(84) 98740-9518,SIM,"Nivelamento de Física - Assinatura, Curso de Oficial: EFOMM, AFA e Escola Naval - Assinatura, Nivelamento de Matemática - Assinatura",active,CIAGA,MARIA EDUARDA FERREIRA DE OLIVEIRA,106340-9,612,RIO DE JANEIRO,205,06/09/2005,0.96,contained_substring,NAO
30996,43432438,Luis Eduardo,luiseduardoaraujocosta@gmail.com,(88) 98877-8651,NÃO,Nenhum,sem_assinatura,CIAGA,LUIS EDUARDO LOPES DAS NEVES,106560-7,698,SÃO PAULO,200,09/06/2004,0.96,contained_substring,NAO
30801,43439845,João Vitor,joaomazzoni491@gmail.com,(55) 32991-1825,NÃO,Nenhum,sem_assinatura,CIAGA,JOAO VITOR VALENTE MARQUES,106460-4,267,RIO DE JANEIRO,235,08/05/2007,0.96,contained_substring,NAO
133604,44282343,João Manoel,joaomanoel2905@icloud.com,(91) 98422-4189,SIM,"Nivelamento de Matemática - Assinatura, Curso de Oficial: EFOMM, AFA e Escola Naval - Assinatura, Nivelamento de Física - Assinatura",active,CIAGA,JOÃO MANOEL PINHEIRO ROCHA,104470-0,21,PORTO ALEGRE,290,30/12/2008,0.96,contained_substring,NAO
31191,43344707,João Victor,joaovictorabech528@gmail.com,(84) 99101-6607,NÃO,Nenhum,sem_assinatura,CIAGA,JOÃO VICTOR DA SILVA MARANHA,108507-7,296,RIO DE JANEIRO,230,22/06/2008,0.96,contained_substring,NAO
30756,43442309,Carlos Eduardo,carloseeduardosg@gmail.com,(87) 99600-0744,NÃO,Nenhum,sem_assinatura,CIAGA,CARLOS EDUARDO FRANETA NUNES,101507-9,273,RIO DE JANEIRO,235,26/07/2008,0.96,contained_substring,NAO
31708,43189015,Paulo Henrique,pauloclash0004@gmail.com,(75) 99891-6366,NÃO,Nenhum,sem_assinatura,CIAGA,PAULO HENRIQUE VARGAS TESCH,112701-1,317,PORTO ALEGRE,225,17/07/2008,0.96,contained_substring,NAO
32190,42876629,Luiz Guilherme,lg2005.jpa@gmail.com,(21) 98900-7825,SIM,"Nivelamento de Matemática - Assinatura, Curso de Oficial: EsPCEx - Assinatura, Nivelamento de Física - Assinatura",active,CIAGA,LUIZ GUILHERME IBRAHIM PIRES,100690-6,139,SÃO PAULO,235,19/05/2003,0.96,contained_substring,NAO
32434,42669103,Pedro Lucas,plsds.2312@gmail.com,(21) 98583-4456,SIM,"Nivelamento de Física - Assinatura, Curso de Oficial: EPCAR - Assinatura, Nivelamento de Matemática - Assinatura",active,CIAGA,PEDRO LUCAS MORAES SILVEIRA,107107-0,518,RIO DE JANEIRO,210,05/07/2008,0.96,contained_substring,NAO
32197,42868067,Maria Eduarda,mariaambrosioabrvs@gmail.com,(21) 97370-2487,SIM,"Nivelamento de Matemática - Assinatura, Curso de Oficial: EsPCEx - Assinatura, Nivelamento de Física - Assinatura",active,CIAGA,MARIA EDUARDA FERREIRA DE OLIVEIRA,106340-9,612,RIO DE JANEIRO,205,06/09/2005,0.96,contained_substring,NAO
34130,39963618,Gabriel Freitas,maumauzkl123@gmail.com,(71) 98390-8947,NÃO,Nenhum,expired,CIAGA,JOÃO GABRIEL FREITAS DE ASSIS,108291-7,526,BRASÍLIA,210,11/08/2005,0.96,contained_substring,NAO
133553,44211681,Lucas Alves ,lucaswoter@gmail.com,(21) 99442-2581,SIM,"Nivelamento de Matemática - Assinatura, Curso de Oficial: EFOMM, AFA e Escola Naval - Assinatura, Nivelamento de Física - Assinatura","active, inactive",CIAGA,VITOR LUCAS ALVES DOS SANTOS,103440-5,446,SÃO PAULO,215,22/04/2007,0.96,contained_substring,NAO
133515,44178246,Luiz Henrique,luizhenriquegcferraz@gmail.com,(24) 99208-2440,SIM,"Nivelamento de Matemática - Assinatura, Curso de Oficial: EFOMM, AFA e Escola Naval - Assinatura, Nivelamento de Física - Assinatura",active,CIAGA,LUIZ HENRIQUE CARVALHO FERRAZ,108199-0,605,RIO DE JANEIRO,205,08/04/2008,0.96,contained_substring,SIM
33371,41666431,Julio Cesar,cesarjulionery56@gmail.com,(81) 98921-3222,SIM,"Curso de Oficial: EFOMM, AFA e Escola Naval - Assinatura, Nivelamento de Matemática - Assinatura, Nivelamento de Física - Assinatura",active,CIAGA,JULIO CESAR SALAZAR ALBUQUERQUE,102589-1,587,VITÓRIA,205,14/08/2006,0.96,contained_substring,NAO
34088,40028667,João Gabriel,gabbalado17@gmail.com,(21) 98845-5811,NÃO,Nenhum,expired,CIAGA,JOÃO GABRIEL FREITAS DE ASSIS,108291-7,526,BRASÍLIA,210,11/08/2005,0.96,contained_substring,NAO
33360,41680368,marcos vinicius,marcosvisjsu@gmail.com,(62) 99387-9889,SIM,Nivelamento de Física - Assinatura,active,CIAGA,MARCOS VINÍCIUS MELANDA COSTA,108625-6,793,RIO DE JANEIRO,200,16/02/2006,0.96,contained_substring,NAO
34412,38684703,João Vitor,joaov.vitor9149@gmail.com,(21) 98819-4318,SIM,"Curso de Oficial: EFOMM, AFA e Escola Naval - Assinatura, Nivelamento de Física - Assinatura, Nivelamento de Matemática - Assinatura",active,CIAGA,JOAO VITOR VALENTE MARQUES,106460-4,267,RIO DE JANEIRO,235,08/05/2007,0.96,contained_substring,NAO
33971,40382030,Paulo Henrique,paulohps2347@gmail.com,(82) 99951-5927,NÃO,Nenhum,expired,CIAGA,PAULO HENRIQUE VARGAS TESCH,112701-1,317,PORTO ALEGRE,225,17/07/2008,0.96,contained_substring,NAO
104435,44053381,João Gabriel,djoaogabriel350@gmail.com,(21) 98535-7555,SIM,"Nivelamento de Matemática - Assinatura, Nivelamento de Física - Assinatura, Curso de Oficial: EFOMM, AFA e Escola Naval - Assinatura",active,CIAGA,JOÃO GABRIEL FREITAS DE ASSIS,108291-7,526,BRASÍLIA,210,11/08/2005,0.96,contained_substring,NAO
34650,37678621,Marcos Felipe,marcosfelipe.aracati20@gmail.com,(88) 99925-3910,NÃO,Nenhum,expired,CIAGA,MARCOS FELIPE BATISTA SANTOS,100585-8,599,SÃO PAULO,205,19/12/2007,0.96,contained_substring,NAO
133476,44140148,Ryan Carlos,cryan0714@gmail.com,(21) 96595-2101,SIM,Nivelamento de Matemática - Assinatura,active,CIAGA,RYAN CARLOS DUTRA DE MELLO,101342-8,393,RIO DE JANEIRO,220,23/11/2008,0.96,contained_substring,NAO
104452,44053156,Victor Silva,joaodarc90@gmail.com,(21) 99383-6476,NÃO,Nenhum,sem_assinatura,CIAGA,JOÃO VICTOR SILVA MÍSCULA,108655-5,717,BRASÍLIA,200,25/04/2009,0.96,contained_substring,SIM
104447,44053300,João Victor,joaovjctor5@gmail.com,(21) 98859-0573,NÃO,Nenhum,expired,CIAGA,JOÃO VICTOR DA SILVA MARANHA,108507-7,296,RIO DE JANEIRO,230,22/06/2008,0.96,contained_substring,NAO
104456,44053058,Gabriel Freitas,gl5294193@gmail.com,(21) 96477-1223,SIM,"Nivelamento de Matemática - Assinatura, Nivelamento de Física - Assinatura, Curso EEAR - Assinatura",active,CIAGA,JOÃO GABRIEL FREITAS DE ASSIS,108291-7,526,BRASÍLIA,210,11/08/2005,0.96,contained_substring,NAO
34459,38414953,Julio Cesar,cavalcantejulio0224@gmail.com,(82) 99341-4628,NÃO,Nenhum,expired,CIAGA,JULIO CESAR SALAZAR ALBUQUERQUE,102589-1,587,VITÓRIA,205,14/08/2006,0.96,contained_substring,NAO
35108,36999987,Pedro Lucas,pedrolzin08@gmail.com,(21) 99417-2156,NÃO,Nenhum,expired,CIAGA,PEDRO LUCAS MORAES SILVEIRA,107107-0,518,RIO DE JANEIRO,210,05/07/2008,0.96,contained_substring,NAO
35062,37063504,Joao vitor,vitorvillela1012@gmail.com,(21) 96976-4788,NÃO,Nenhum,expired,CIAGA,JOAO VITOR VALENTE MARQUES,106460-4,267,RIO DE JANEIRO,235,08/05/2007,0.96,contained_substring,NAO
35209,36810928,João Gabriel,manin10002020@gmail.com,(99) 98534-5279,NÃO,Nenhum,expired,CIAGA,JOÃO GABRIEL FREITAS DE ASSIS,108291-7,526,BRASÍLIA,210,11/08/2005,0.96,contained_substring,NAO
35661,36333940,Bernardo Ribeiro,bemilho@gmail.com,(21) 96608-3244,NÃO,Nenhum,expired,CIAGA,BERNARDO RIBEIRO LEDA DE ANDRADE,107281-5,509,RIO DE JANEIRO,210,25/12/2005,0.96,contained_substring,NAO
34035,40064314,Maria Eduarda,andre.carol.maria@hotmail.com,(21) 97022-5126,NÃO,Nenhum,expired,CIAGA,MARIA EDUARDA FERREIRA DE OLIVEIRA,106340-9,612,RIO DE JANEIRO,205,06/09/2005,0.96,contained_substring,NAO
104547,44047776,Victor Hugo,vh8490750@gmail.com,(84) 99444-2783,NÃO,Nenhum,sem_assinatura,CIAGA,VICTOR HUGO DE SOUZA MACEDO,108587-8,716,RIO DE JANEIRO,200,19/12/2008,0.96,contained_substring,NAO
30600,43576544,luiz felipe,luizfelipesampaio08@gmail.com,(61) 99200-5781,SIM,Nivelamento de Física - Assinatura,active,CIAGA,LUIZ FELIPE DA COSTA FERREIRA,108327-4,540,PORTO ALEGRE,210,23/03/2006,0.96,contained_substring,NAO
104610,43988906,Rodrigo Kauã,rodrigoksm@gmail.com,(67) 99605-8280,NÃO,Nenhum,expired,CIAGA,RODRIGO KAUÃ DE SOUSA MORAIS,109778-0,627,BRASÍLIA,205,11/04/2006,0.96,contained_substring,NAO
104671,43931177,Ana Carolina,ac723040@gmail.com,(81) 98416-5339,NÃO,Nenhum,sem_assinatura,CIAGA,ANA CAROLINA PIRES SOUZA,103852-9,63,RIO DE JANEIRO,265,30/05/2007,0.96,contained_substring,NAO
104691,43901986,Pedro Matos,dollynmito2006@gmail.com,(32) 99177-6666,NÃO,Nenhum,expired,CIAGA,JOÃO PEDRO MATOS VEIGA,105059-5,350,RIO DE JANEIRO,225,02/03/2006,0.96,contained_substring,NAO
31167,43367449,Augusto Rodrigues,augustocesarlimarodrigues@gmail.com,(21) 97036-9667,SIM,"Curso de Oficial: EsPCEx - Assinatura, Nivelamento de Matemática - Assinatura, Nivelamento de Física - Assinatura",active,CIAGA,LUCAS AUGUSTO RODRIGUES PEREIRA,101398-9,120,RIO DE JANEIRO,245,28/09/2005,0.96,contained_substring,NAO
32370,42703698,Carlos Eduardo,eu.soares.face@gmail.com,(21) 97668-6391,SIM,Nivelamento de Matemática - Assinatura,active,CIAGA,CARLOS EDUARDO FRANETA NUNES,101507-9,273,RIO DE JANEIRO,235,26/07/2008,0.96,contained_substring,NAO
36685,34320699,Luiz Guilherme,guilhermegomeseustachio@gmail.com,(59) 83509-3671,SIM,"Nivelamento de Física - Assinatura, Nivelamento de Matemática - Assinatura, Curso de Oficial: EFOMM, AFA e Escola Naval - Assinatura","active, inactive",CIAGA,LUIZ GUILHERME IBRAHIM PIRES,100690-6,139,SÃO PAULO,235,19/05/2003,0.96,contained_substring,NAO
85635,43755691,Luis Pedro,f.luispedro3@gmail.com,(62) 99445-5426,NÃO,Nenhum,sem_assinatura,CIAGA,LUIS PEDRO FERREIRA SILVA,101910-9,226,BRASÍLIA,245,17/09/2005,0.96,contained_substring,NAO
32359,42707945,Maria Luisa,marialuisasoc0102@gmail.com,(22) 99264-2473,SIM,"Curso de Oficial: EFOMM, AFA e Escola Naval - Assinatura, Nivelamento de Matemática - Assinatura, Nivelamento de Física - Assinatura",active,CIAGA,MARIA LUÍSA SARAIVA DE ALBUQUERQUE,101473-8,519,BRASÍLIA,210,13/10/2005,0.96,contained_substring,NAO
33984,40335414,Gabriel Mendes,gabrielddsmendes@gmail.com,(21) 97360-9157,NÃO,Nenhum,expired,CIAGA,GABRIEL MENDES DE OLIVEIRA PINHAL,104943-9,51,SÃO PAULO,275,21/07/2005,0.96,contained_substring,NAO
104638,43964844,João Vitor,joaovitordasilvabonfim432@gmail.com,(21) 99150-1012,SIM,"Nivelamento de Matemática - Assinatura, Nivelamento de Física - Assinatura, Curso de Oficial: EsPCEx - Assinatura",active,CIAGA,JOAO VITOR VALENTE MARQUES,106460-4,267,RIO DE JANEIRO,235,08/05/2007,0.96,contained_substring,NAO
34162,39908446,Carlos Eduardo,cadupeniche@gmail.com,(21) 99723-9437,SIM,"Curso de Oficial: EFOMM, AFA e Escola Naval - Assinatura, Nivelamento de Matemática - Assinatura, Nivelamento de Física - Assinatura",active,CIAGA,CARLOS EDUARDO FRANETA NUNES,101507-9,273,RIO DE JANEIRO,235,26/07/2008,0.96,contained_substring,NAO
104458,44053004,maria eduarda,mariaeduardamendesmacedo@gmail.com,(21) 96528-1012,NÃO,Nenhum,sem_assinatura,CIAGA,MARIA EDUARDA FERREIRA DE OLIVEIRA,106340-9,612,RIO DE JANEIRO,205,06/09/2005,0.96,contained_substring,NAO
36500,34689585,Júlio Cesar,julioleonel2002@gmail.com,(81) 99769-4850,NÃO,Nenhum,expired,CIAGA,JULIO CESAR SALAZAR ALBUQUERQUE,102589-1,587,VITÓRIA,205,14/08/2006,0.96,contained_substring,NAO
144021,44361479,Ana Beatriz,anabfrtss@gmail.com,(21) 99059-5955,SIM,"Nivelamento de Física - Assinatura, Curso EEAR - Assinatura, Nivelamento de Matemática - Assinatura",active,CIAGA,ANA BEATRIZ DE OLIVEIRA LIMA,101754-1,466,RIO DE JANEIRO,215,16/09/2006,0.96,contained_substring,NAO
32229,42839914,Maria Eduarda,mariaeduarda.1405007@gmail.com,(21) 98056-2209,SIM,Nivelamento de Matemática - Assinatura,active,CIAGA,MARIA EDUARDA FERREIRA DE OLIVEIRA,106340-9,612,RIO DE JANEIRO,205,06/09/2005,0.96,contained_substring,NAO
48774,43668541,Carlos Eduardo,cadu88815438@gmail.com,(63) 99919-8291,SIM,Nivelamento de Física - Assinatura,active,CIAGA,CARLOS EDUARDO FRANETA NUNES,101507-9,273,RIO DE JANEIRO,235,26/07/2008,0.96,contained_substring,NAO
36640,34431805,João Vitor,jv.martins.souza@gmail.com,(92) 98853-9344,NÃO,Nenhum,expired,CIAGA,JOAO VITOR VALENTE MARQUES,106460-4,267,RIO DE JANEIRO,235,08/05/2007,0.96,contained_substring,NAO
36554,34580474,Gabriel Gomes,gabrieloliveira12.31.15@gmail.com,(24) 99238-4145,SIM,Nivelamento de Física - Assinatura,"active, expired",CIAGA,GABRIEL GOMES CARVALHO DE SOUZA,107521-5,367,RIO DE JANEIRO,220,18/09/2006,0.96,contained_substring,NAO
36761,33982848,Júlio César,julioaraujocesar123@gmail.com,(88) 99233-2780,NÃO,Nenhum,expired,CIAGA,JULIO CESAR SALAZAR ALBUQUERQUE,102589-1,587,VITÓRIA,205,14/08/2006,0.96,contained_substring,NAO
36789,33813079,João Lucas,seafurytw@gmail.com,(47) 98912-8699,NÃO,Nenhum,expired,CIAGA,JOÃO LUCAS SOUZA FRANÇA,108259-7,136,BRASÍLIA,235,10/04/2007,0.96,contained_substring,NAO
36823,33703457,Carlos Eduardo,duduanjoles@gmail.com,(31) 99433-7097,NÃO,Nenhum,expired,CIAGA,CARLOS EDUARDO FRANETA NUNES,101507-9,273,RIO DE JANEIRO,235,26/07/2008,0.96,contained_substring,NAO
36674,34344323,Luiz Felipe,luizsgt2003@gmail.com,(21) 99036-7697,NÃO,Nenhum,expired,CIAGA,LUIZ FELIPE DA COSTA FERREIRA,108327-4,540,PORTO ALEGRE,210,23/03/2006,0.96,contained_substring,NAO
37019,32882422,Luiz Henrique,luizhemeira@gmail.com,(13) 99198-5070,NÃO,Nenhum,expired,CIAGA,LUIZ HENRIQUE CARVALHO FERRAZ,108199-0,605,RIO DE JANEIRO,205,08/04/2008,0.96,contained_substring,NAO
37071,32671274,Carlos Eduardo,cadumotaa@gmail.com,(91) 99272-0452,NÃO,Nenhum,expired,CIAGA,CARLOS EDUARDO FRANETA NUNES,101507-9,273,RIO DE JANEIRO,235,26/07/2008,0.96,contained_substring,NAO
37383,31786403,Victor Hugo,s1lv4.exe@gmail.com,(41) 98896-9214,NÃO,Nenhum,expired,CIAGA,VICTOR HUGO DE SOUZA MACEDO,108587-8,716,RIO DE JANEIRO,200,19/12/2008,0.96,contained_substring,NAO
37087,32600008,Matheus Nunes,matheusnunesdasilvapride03@gmail.com,(21) 99443-5415,NÃO,Nenhum,expired,CIAGA,MATHEUS NUNES SOARES SILVA,111176-5,774,BRASÍLIA,200,15/07/2008,0.96,contained_substring,SIM
37292,32045152,Gustavo Henrique,gusthfree@gmail.com,(91) 98153-7974,NÃO,Nenhum,expired,CIAGA,GUSTAVO HENRIQUE RIBEIRO DE SALLES,105069-1,35,SÃO PAULO,280,09/09/2005,0.96,contained_substring,NAO
37337,31929160,Fellipe Augusto,fellip.aug@gmail.com,(21) 99247-3188,NÃO,Nenhum,expired,CIAGA,FELLIPE AUGUSTO OLIVEIRA COSTA,100066-0,388,BELO HORIZONTE,220,24/10/2006,0.96,contained_substring,NAO
37266,32090341,Joao Paulo,jpauloalvesdosantos@gmail.com,(79) 98846-7089,NÃO,Nenhum,expired,CIAGA,JOAO PAULO RIBEIRO ROLIM,107390-6,260,SÃO PAULO,235,03/06/2005,0.96,contained_substring,NAO
37544,31403082,João Victor,juanzinhobr10@gmail.com,(21) 98252-2818,NÃO,Nenhum,expired,CIAGA,JOÃO VICTOR DA SILVA MARANHA,108507-7,296,RIO DE JANEIRO,230,22/06/2008,0.96,contained_substring,NAO
37619,31194155,Carlos Eduardo,carlos2211edu@gmail.com,(67) 99957-2555,NÃO,Nenhum,expired,CIAGA,CARLOS EDUARDO FRANETA NUNES,101507-9,273,RIO DE JANEIRO,235,26/07/2008,0.96,contained_substring,NAO
37710,31073807,Lucas Souza,lucassouzadacosta2003@gmail.com,(21) 99780-3367,NÃO,Nenhum,expired,CIAGA,JOÃO LUCAS SOUZA FRANÇA,108259-7,136,BRASÍLIA,235,10/04/2007,0.96,contained_substring,NAO
37692,31090667,Luiz Guilherme,nivelafisicaarcanjo@gmail.com,(21) 98178-5754,NÃO,Nenhum,expired,CIAGA,LUIZ GUILHERME IBRAHIM PIRES,100690-6,139,SÃO PAULO,235,19/05/2003,0.96,contained_substring,NAO
38085,30548949,Arthur Henrique,henriquepereiraa18@icloud.com,(21) 97121-6459,NÃO,Nenhum,expired,CIAGA,ARTHUR HENRIQUE DA CUNHA PEREIRA,104357-1,341,SÃO PAULO,225,13/01/2007,0.96,contained_substring,SIM
37758,30981501,João Lucas,joaolucasquintao2004@gmail.com,(32) 99921-8182,NÃO,Nenhum,expired,CIAGA,JOÃO LUCAS SOUZA FRANÇA,108259-7,136,BRASÍLIA,235,10/04/2007,0.96,contained_substring,NAO
37823,30845745,Luiz Gustavo,luiz16.gustavo@hotmail.com,(81) 99223-4407,NÃO,Nenhum,expired,CIAGA,LUIZ GUSTAVO DOS SANTOS DE OLIVEIRA,100751-1,311,RIO DE JANEIRO,225,21/08/2007,0.96,contained_substring,NAO
37897,30761897,Victor Hugo,victorhugoharyson2002@gmail.com,(82) 98743-5274,NÃO,Nenhum,expired,CIAGA,VICTOR HUGO DE SOUZA MACEDO,108587-8,716,RIO DE JANEIRO,200,19/12/2008,0.96,contained_substring,NAO
37873,30789932,Eduardo José,eduardojosedelima140@gmail.com,(81) 99794-0857,NÃO,Nenhum,expired,CIAGA,EDUARDO JOSE ABREU PALMA,101280-4,728,RIO DE JANEIRO,200,08/06/2009,0.96,contained_substring,NAO
38030,30687965,Victor Hugo,loveblack2404@gmail.com,(21) 97691-5130,NÃO,Nenhum,expired,CIAGA,VICTOR HUGO DE SOUZA MACEDO,108587-8,716,RIO DE JANEIRO,200,19/12/2008,0.96,contained_substring,NAO
38143,30330973,Maria Eduarda,eduarda.oliveiradias@hotmail.com,(21) 99089-7984,NÃO,Nenhum,expired,CIAGA,MARIA EDUARDA FERREIRA DE OLIVEIRA,106340-9,612,RIO DE JANEIRO,205,06/09/2005,0.96,contained_substring,SIM
38172,30204006,Pedro Augusto,pa2660027@gmail.com,(15) 99600-7461,NÃO,Nenhum,expired,CIAGA,PEDRO AUGUSTO ALVES DE ANDRADE,105585-5,7,SÃO PAULO,305,29/04/2003,0.96,contained_substring,NAO
38316,29722382,João Paulo,jpjoaop45@gmail.com,(21) 96980-7375,NÃO,Nenhum,expired,CIAGA,JOAO PAULO RIBEIRO ROLIM,107390-6,260,SÃO PAULO,235,03/06/2005,0.96,contained_substring,NAO
38554,28286869,Julio Cesar,juliobotelho72@gmail.com,(21) 98191-1775,NÃO,Nenhum,expired,CIAGA,JULIO CESAR SALAZAR ALBUQUERQUE,102589-1,587,VITÓRIA,205,14/08/2006,0.96,contained_substring,NAO
38400,29206036,Lucas Henrique,luca.mbt@hotmail.com,(21) 96873-4009,NÃO,Nenhum,expired,CIAGA,LUCAS HENRIQUES COSTA PINHEIRO,112489-0,304,RIO DE JANEIRO,230,20/04/2009,0.96,contained_substring,NAO
38415,29135691,Pedro Otávio,pedrootavioaluno@gmail.com,(77) 99854-3542,NÃO,Nenhum,expired,CIAGA,PEDRO OTÁVIO PAVAN DE ALMEIDA,100253-4,771,SÃO PAULO,200,20/09/2007,0.96,contained_substring,NAO
38274,29858808,Carlos Eduardo,kdueduardo2005@gmail.com,(21) 97198-1587,NÃO,Nenhum,expired,CIAGA,CARLOS EDUARDO FRANETA NUNES,101507-9,273,RIO DE JANEIRO,235,26/07/2008,0.96,contained_substring,NAO
38402,29213377,Arthur Feliciano,arthurfnsnino@gmail.com,(21) 97377-9914,NÃO,Nenhum,expired,CIAGA,ARTHUR FELICIANO NEVES SILVA,100760-0,560,RIO DE JANEIRO,210,06/04/2006,0.96,contained_substring,NAO
38476,28670131,João Vitor,joaoassis3467@gmail.com,(21) 96528-2494,NÃO,Nenhum,expired,CIAGA,JOAO VITOR VALENTE MARQUES,106460-4,267,RIO DE JANEIRO,235,08/05/2007,0.96,contained_substring,NAO
38585,28201868,João Vitor,joaovitormartinsdacosta@gmail.com,(21) 98010-0838,NÃO,Nenhum,expired,CIAGA,JOAO VITOR VALENTE MARQUES,106460-4,267,RIO DE JANEIRO,235,08/05/2007,0.96,contained_substring,NAO
38497,28472642,Matheus Henrique,matheushenriquem1506@gmail.com,(21) 97124-6840,SIM,Nivelamento de Física - Assinatura,active,CIAGA,MATHEUS HENRIQUE CHINOLLI CARNEIRO,112932-4,713,PARANAGUÁ,200,01/06/2007,0.96,contained_substring,NAO
38632,28114879,João Vitor,tazbeatz6@gmail.com,(61) 99574-0343,NÃO,Nenhum,expired,CIAGA,JOAO VITOR VALENTE MARQUES,106460-4,267,RIO DE JANEIRO,235,08/05/2007,0.96,contained_substring,NAO
38829,27441010,João Vitor,costaa1995@gmail.com,(21) 99409-9295,NÃO,Nenhum,expired,CIAGA,JOAO VITOR VALENTE MARQUES,106460-4,267,RIO DE JANEIRO,235,08/05/2007,0.96,contained_substring,NAO
38821,27463116,Luiz Guilherme,lgvc03@outlook.com,(21) 98028-1002,NÃO,Nenhum,expired,CIAGA,LUIZ GUILHERME IBRAHIM PIRES,100690-6,139,SÃO PAULO,235,19/05/2003,0.96,contained_substring,NAO
38746,27715533,Paulo Henrique,phpaivalins2022@gmail.com,(21) 97228-5182,NÃO,Nenhum,expired,CIAGA,PAULO HENRIQUE VARGAS TESCH,112701-1,317,PORTO ALEGRE,225,17/07/2008,0.96,contained_substring,NAO
38697,27895969,Pedro Augusto,pedronapoleao312@gmail.com,(98) 97027-3065,NÃO,Nenhum,expired,CIAGA,PEDRO AUGUSTO ALVES DE ANDRADE,105585-5,7,SÃO PAULO,305,29/04/2003,0.96,contained_substring,NAO
39040,22572856,Carlos Eduardo,superkaduoficial@gmail.com,(84) 99655-5245,NÃO,Nenhum,expired,CIAGA,CARLOS EDUARDO FRANETA NUNES,101507-9,273,RIO DE JANEIRO,235,26/07/2008,0.96,contained_substring,NAO
39081,22395172,Guilherme Almeida,almeidavieira.gui@gmail.com,(21) 97164-8037,NÃO,Nenhum,expired,CIAGA,GUILHERME ALMEIDA GOMES DA SILVA,102641-3,20,SÃO PAULO,290,19/05/2004,0.96,contained_substring,NAO
39017,22669673,João Vitor,ferreirajoaovitor404@gmail.com,(38) 99951-2592,NÃO,Nenhum,expired,CIAGA,JOAO VITOR VALENTE MARQUES,106460-4,267,RIO DE JANEIRO,235,08/05/2007,0.96,contained_substring,NAO
39315,22079753,João Paulo,joao03082005@gmail.com,(81) 99113-7474,SIM,Live Nivelamento de Fisíca,"active, expired",CIAGA,JOAO PAULO RIBEIRO ROLIM,107390-6,260,SÃO PAULO,235,03/06/2005,0.96,contained_substring,NAO
39393,22043255,João Vitor,joaovitoreurico@gmail.com,(24) 99835-9904,SIM,Live Nivelamento de Fisíca,"active, expired",CIAGA,JOAO VITOR VALENTE MARQUES,106460-4,267,RIO DE JANEIRO,235,08/05/2007,0.96,contained_substring,NAO
39254,22128359,Paulo Henrique,henrique17002@gmail.com,(91) 98576-2228,NÃO,Nenhum,expired,CIAGA,PAULO HENRIQUE VARGAS TESCH,112701-1,317,PORTO ALEGRE,225,17/07/2008,0.96,contained_substring,NAO
39403,22042270,José Eduardo,joseeduvboas@gmail.com,(38) 98848-7055,SIM,Live Nivelamento de Fisíca,"active, expired",CIAGA,JOSÉ EDUARDO FERNANDES ROCHA,107921-6,199,BELO HORIZONTE,255,06/02/2003,0.96,contained_substring,NAO
39568,22023773,Julio César,juliocesarp829@gmail.com,(82) 99945-1973,SIM,Live Nivelamento de Fisíca,"active, expired",CIAGA,JULIO CESAR SALAZAR ALBUQUERQUE,102589-1,587,VITÓRIA,205,14/08/2006,0.96,contained_substring,NAO
34995,37187835,Carlos henrique,chcoura2018@gmail.com,(21) 96412-1709,SIM,"Curso de Oficial: EsPCEx - Assinatura, Nivelamento de Física - Assinatura, Nivelamento de Matemática - Assinatura","active, expired",CIAGA,CARLOS HENRIQUE BRANDÃO GONÇALVES FILHO,103081-8,407,RIO DE JANEIRO,220,25/02/2007,0.952,contained_substring,NAO
35318,36630251,Miguel Ferreira,miguelferreirapaiva84@gmail.com,(21) 99482-7762,NÃO,Nenhum,expired,CIAGA,MIGUEL FERREIRA LEÃO DOS REIS DA SILVA,102394-1,657,RIO DE JANEIRO,205,14/07/2008,0.952,contained_substring,NAO
36187,35463921,Victor Souza,victor.gama.jf@gmail.com,(32) 99174-7048,NÃO,Nenhum,expired,CIAGA,SÉRGIO VICTOR SOUZA DE OLIVEIRA LOPES,105212-8,536,RIO DE JANEIRO,210,07/05/2009,0.952,contained_substring,NAO
31871,43086238,Gabriel Martins,gabrielgamer1745@gmail.com,(21) 98249-3327,SIM,"Nivelamento de Física - Assinatura, Curso de Oficial: EFOMM, AFA e Escola Naval - Assinatura, Nivelamento de Matemática - Assinatura",active,CIAGA,MARCOS GABRIEL MARTINS TELES TIANO,107809-6,62,BRASÍLIA,265,03/01/2008,0.952,contained_substring,NAO
104416,44053554,João Carlos,crvgjoao12345@gmail.com,(21) 96599-9821,NÃO,Nenhum,sem_assinatura,CIAGA,JOÃO CARLOS DE OLIVEIRA ALVES LIMA,101328-4,636,RIO DE JANEIRO,205,10/06/2009,0.952,contained_substring,NAO
35781,36322924,João Carlos,joaocarloslimxs@gmail.com,(88) 98233-3732,NÃO,Nenhum,expired,CIAGA,JOÃO CARLOS DE OLIVEIRA ALVES LIMA,101328-4,636,RIO DE JANEIRO,205,10/06/2009,0.952,contained_substring,NAO
37578,31316025,Carlos Rafael,rafaelxaviersilva9593@gmail.com,(61) 99988-7489,NÃO,Nenhum,expired,CIAGA,CARLOS RAFAEL DE MELO FERNANDEZ VIDAL,112337-9,86,RIO DE JANEIRO,255,14/01/2009,0.952,contained_substring,NAO
37958,30725348,Gabriel Martins,ga77999el@gmail.com,(32) 99931-2183,NÃO,Nenhum,expired,CIAGA,MARCOS GABRIEL MARTINS TELES TIANO,107809-6,62,BRASÍLIA,265,03/01/2008,0.952,contained_substring,NAO
31601,43190772,Eric,eric.silva.gomes.12@gmail.com,(83) 98231-6427,NÃO,Nenhum,sem_assinatura,CIAGA,ERIC FRANCISCO DA SILVA,110669-1,187,BRASÍLIA,260,31/12/2007,0.9467,contained_substring,SIM
34011,40173298,Emanuel,emanuelsilvac09@gmail.com,(31) 98482-6044,NÃO,Nenhum,expired,CIAGA,EMANUEL DA SILVA DE MATTOS,103335-7,469,FLORIANÓPOLIS,215,16/11/2007,0.9467,contained_substring,SIM
35145,36968358,Samuel,samuelcorreadosreis@gmail.com,(21) 97741-5934,NÃO,Nenhum,expired,CIAGA,SAMUEL DOS REIS XAVIER,104945-5,227,SÃO PAULO,245,06/06/2006,0.9467,contained_substring,SIM
36159,35558983,Esteves,estevesguilherme701@gmail.com,(85) 98238-2701,NÃO,Nenhum,expired,CIAGA,GUILHERME DA SILVA ESTEVES,100620-1,157,RIO DE JANEIRO,220,03/01/2005,0.9467,contained_substring,SIM
32480,42649309,João,joao.pedroveiga@outlook.com,(21) 98078-0403,SIM,"Curso de Oficial: EFOMM, AFA e Escola Naval - Assinatura, Nivelamento de Matemática - Assinatura, Nivelamento de Física - Assinatura",active,CIAGA,JOÃO PEDRO BARBOSA,103825-4,231,RIO DE JANEIRO,245,11/04/2005,0.9467,contained_substring,SIM
38737,27727041,Ronaldo,ronaldoferreira101@gmail.com,(21) 99209-0614,NÃO,Nenhum,expired,CIAGA,RONALDO FERREIRA DIAS,105349-7,401,RIO DE JANEIRO,220,19/06/2004,0.9467,contained_substring,SIM
38807,27480842,João,joaopedroma260309@gmail.com,(21) 99239-6876,NÃO,Nenhum,expired,CIAGA,JOÃO PEDRO BARBOSA,103825-4,231,RIO DE JANEIRO,245,11/04/2005,0.9467,contained_substring,SIM
30949,43432638,Flavio,flavioteixeiraneto@gmail.com,(21) 99533-7686,NÃO,Nenhum,sem_assinatura,CIAGA,JOSÉ FLÁVIO CEDRINHO NETO,104743-3,170,SÃO PAULO,265,06/07/2006,0.94,contained_substring,SIM
30886,43434002,Gabriel E S Vieira,vieiraxnz@gmail.com,(83) 99172-1856,NÃO,Nenhum,sem_assinatura,CIAGA,GABRIEL BORGES DA SILVA VIEIRA,105782-6,392,VITÓRIA,220,09/09/2006,0.94,contained_tokens,NAO
31320,43310963,Iury,iury.boas@gmail.com,(21) 98555-6105,NÃO,Nenhum,sem_assinatura,CIAGA,IURY VILAS BOAS ALVES,101388-2,510,RIO DE JANEIRO,210,15/09/2009,0.94,contained_substring,SIM
33156,41768401,Ana Luiza Pataro,analuizapataro@gmail.com,(21) 97086-9501,SIM,"Nivelamento de Física - Assinatura, Nivelamento de Matemática - Assinatura, Curso de Oficial: EFOMM, AFA e Escola Naval - Assinatura",active,CIAGA,ANA LUIZA BRAGA PATARO,106552-7,741,RIO DE JANEIRO,200,01/10/2007,0.94,contained_tokens,NAO
35151,36957587,João Vitor Dos Santos,joaovitorfonseca0707@gmail.com,(55) 99674-7522,NÃO,Nenhum,"expired, inactive",CIAGA,JOÃO VÍTOR MENDONÇA DOS SANTOS,104496-1,752,BRASÍLIA,200,29/10/2007,0.94,contained_tokens,NAO
35920,36189013,João Lucas De Souza,joaolucasdesouza0711@gmail.com,(21) 96757-1543,NÃO,Nenhum,expired,CIAGA,JOÃO LUCAS SOUZA FRANÇA,108259-7,136,BRASÍLIA,235,10/04/2007,0.94,contained_tokens,NAO
35874,36284039,Pedro Henrique de Oliveira,pedrohenriqueol1807@gmail.com,(35) 98800-5760,NÃO,Nenhum,expired,CIAGA,PEDRO HENRIQUE BEZERRA OLIVEIRA,113037-6,108,RIO DE JANEIRO,245,27/04/2005,0.94,contained_tokens,NAO
164280,44783778,Apollo,apollo.duarte11@gmail.com,(21) 97306-7893,NÃO,Nenhum,sem_assinatura,CIAGA,APOLLO DUARTE CORREA MARQUES,100186-5,118,RIO DE JANEIRO,245,17/01/2008,0.94,contained_substring,SIM
34117,39986067,Luana Luiza Cartaxo,luanaluizacartaxo@gmail.com,(21) 99760-5862,NÃO,Nenhum,expired,CIAGA,LUANA LUIZA AMORIM CARTAXO,102382-9,123,RIO DE JANEIRO,245,10/07/2007,0.94,contained_tokens,NAO
164145,44747342,Yago,ramiresyago83@gmail.com,(21) 98106-5814,NÃO,Nenhum,sem_assinatura,CIAGA,YAGO RAMIRES DE MELO BEZERRA,108221-2,308,RIO DE JANEIRO,230,20/12/2006,0.94,contained_substring,SIM
31926,43062945,Joao Vitor Santos,joaovitordosantoscolombo@gmail.com,(21) 98389-1485,SIM,"Nivelamento de Física - Assinatura, Nivelamento de Matemática - Assinatura, Curso de Oficial: EsPCEx - Assinatura",active,CIAGA,JOÃO VÍTOR MENDONÇA DOS SANTOS,104496-1,752,BRASÍLIA,200,29/10/2007,0.94,contained_tokens,NAO
31383,43299315,Luisa Pereira Da Silva,joaodpd15@gmail.com,(21) 98150-1807,SIM,"Curso EEAR - Assinatura, Nivelamento de Física - Assinatura, Nivelamento de Matemática - Assinatura",active,CIAGA,LUIS PEDRO FERREIRA SILVA,101910-9,226,BRASÍLIA,245,17/09/2005,0.94,contained_tokens,NAO
85609,43753231,Pedro paulo Carvalho,pedropaulo145678@gmail.com,(17) 99235-9689,NÃO,Nenhum,sem_assinatura,CIAGA,PEDRO DE PAULA EVENCIO DE CARVALHO,100646-3,402,SÃO PAULO,220,19/08/2005,0.94,contained_tokens,NAO
85487,43750881,iury,iury.boas@gmail.com21,(21) 98555-6105,NÃO,Nenhum,sem_assinatura,CIAGA,IURY VILAS BOAS ALVES,101388-2,510,RIO DE JANEIRO,210,15/09/2009,0.94,contained_substring,SIM
32706,42492251,Eduarda Mara De Oliveira,eduarda.faria08@gmail.com,(12) 99103-4799,SIM,Nivelamento de Matemática - Assinatura,active,CIAGA,MARIA EDUARDA FERREIRA DE OLIVEIRA,106340-9,612,RIO DE JANEIRO,205,06/09/2005,0.94,contained_tokens,NAO
30872,43434307,manuela,guedes.manu04@gmail.com,(21) 99446-4828,NÃO,Nenhum,sem_assinatura,CIAGA,MANUELA GUEDES MARÇAL MANACEZ,101367-1,590,RIO DE JANEIRO,205,04/08/2005,0.94,contained_substring,SIM
31555,43208042,Milenna,milennagvieira@gmail.com,(21) 99271-6519,NÃO,Nenhum,sem_assinatura,CIAGA,MILENNA GARCIA VIEIRA DA SILVA,107801-0,733,RIO DE JANEIRO,200,20/07/2006,0.94,contained_substring,SIM
104463,44052898,manuela,guedesmanu04@gmail.com,(21) 99446-4828,NÃO,Nenhum,sem_assinatura,CIAGA,MANUELA GUEDES MARÇAL MANACEZ,101367-1,590,RIO DE JANEIRO,205,04/08/2005,0.94,contained_substring,SIM
35323,36629216,Maria Eduarda Santos,eduardasantossilva2001@gmail.com,(21) 98799-7347,NÃO,Nenhum,expired,CIAGA,MARIA EDUARDA DOS SANTOS GOUVÊA,108181-8,294,BRASÍLIA,230,20/05/2008,0.94,contained_tokens,NAO
33030,41907726,Guilherme Silva Dos Santos,guilhermess140307@gmail.com,(73) 99159-6921,SIM,"Nivelamento de Física - Assinatura, Curso de Oficial: EFOMM, AFA e Escola Naval - Assinatura, Nivelamento de Matemática - Assinatura",active,CIAGA,GUILHERME DA SILVA AZEREDO DOS SANTOS,111547-5,767,RIO DE JANEIRO,200,18/07/2005,0.94,contained_tokens,NAO
30664,43482114,Daniel P Silva,danielpaulino539@gmail.com,(31) 99718-9777,SIM,Nivelamento de Inglês - Assinatura,"active, expired",CIAGA,PEDRO DANIEL DE SANTANA DA SILVA,107427-1,781,RIO DE JANEIRO,200,17/03/2009,0.94,contained_tokens,NAO
33446,41628803,Ariel Oliveira Da Silva,silvaariel364@gmail.com,(91) 98573-7893,SIM,"Curso de Oficial: EFOMM, AFA e Escola Naval - Assinatura, Nivelamento de Matemática - Assinatura, Nivelamento de Física - Assinatura",active,CIAGA,GABRIEL DE OLIVEIRA DA SILVA RIBEIRO,100024-8,672,RIO DE JANEIRO,200,29/03/2007,0.94,contained_tokens,NAO
36897,33479339,Arthur Ferreira Cavalcante,arthurcavalcantef22@gmail.com,(62) 99901-5375,NÃO,Nenhum,expired,CIAGA,ARTHUR CAVALCANTE DE ARAÚJO PEREIRA,105343-8,376,RIO DE JANEIRO,220,23/02/2007,0.94,contained_tokens,NAO
36808,33749910,Gabriel Ribeiro De Oliveira,gabrielribeirodeoliveira@outlook.com,(35) 98424-7425,NÃO,Nenhum,expired,CIAGA,GABRIEL DE OLIVEIRA DA SILVA RIBEIRO,100024-8,672,RIO DE JANEIRO,200,29/03/2007,0.94,contained_tokens,NAO
36906,33446857,Arthur Ferreira Cavalcante,arthurferreiraxlz@gmail.com,(62) 99901-5375,NÃO,Nenhum,expired,CIAGA,ARTHUR CAVALCANTE DE ARAÚJO PEREIRA,105343-8,376,RIO DE JANEIRO,220,23/02/2007,0.94,contained_tokens,NAO
37122,32527686,Daniel Carmo De Sousa,danielcarmo870@gmail.com,(22) 99247-3244,NÃO,Nenhum,expired,CIAGA,DANIEL VINHAS CAIRO DE SOUSA,108278-1,674,RIO DE JANEIRO,200,08/11/2005,0.94,contained_tokens,NAO
38564,28264454,João Vítor De Oliveira,joaov.oliv@hotmail.com,(41) 99801-7721,NÃO,Nenhum,expired,CIAGA,JOÃO VICTOR FERNANDES OLIVEIRA,102236-7,47,SÃO PAULO,275,03/12/2004,0.94,contained_tokens,NAO
38786,27531357,Maria Eduarda Pereira,maria.ep2710@gmail.com,(12) 98805-3175,NÃO,Nenhum,expired,CIAGA,MARIA EDUARDA FERREIRA DE OLIVEIRA,106340-9,612,RIO DE JANEIRO,205,06/09/2005,0.94,contained_tokens,NAO
39608,22023304,Pedro Henrique Vilela,pedroh.vilela28@gmail.com,(21) 96408-0537,SIM,Live Nivelamento de Fisíca,"active, expired",CIAGA,PEDRO HENRIQUE DA SILVA VILLAR,105939-7,460,RIO DE JANEIRO,215,31/08/2007,0.94,contained_tokens,NAO
30972,43432513,Emanoel Silva Silva,silvaemanoel4922@gmail.com,(21) 6733,NÃO,Nenhum,sem_assinatura,CIAGA,EMANUEL DA SILVA DE MATTOS,103335-7,469,FLORIANÓPOLIS,215,16/11/2007,0.93,contained_tokens,NAO
36310,34916116,Mateus Soares,matsoaresg007@gmail.com,(61) 99172-2514,NÃO,Nenhum,expired,CIAGA,MATHEUS SOARES FRANCHIN,104580-9,225,SÃO PAULO,245,10/01/2008,0.93,contained_tokens,NAO
30783,43440517,Gabriel Gonçalves,gbl293423@gmail.com,(21) 96716-6766,NÃO,Nenhum,sem_assinatura,CIAGA,GABRIELA GONÇALVES ALMEIDA,110831-2,792,SÃO PAULO,200,10/12/2005,0.93,contained_tokens,NAO
30945,43432652,Gustavo Soeiro,gustavossoeiro@gmail.com,(21) 99052-4800,NÃO,Nenhum,sem_assinatura,CIAGA,GUSTAVO SILVA SOEIRO,107867-8,749,RIO DE JANEIRO,200,14/08/2006,0.93,contained_tokens,NAO
30925,43432911,Felipe Cardoso,felipecardaraujo@gmail.com,(86) 99415-1313,NÃO,Nenhum,sem_assinatura,CIAGA,FELIPE CASTRO CARDOSO,102408-0,55,RIO DE JANEIRO,270,23/10/2008,0.93,contained_tokens,NAO
31217,43327393,Davi Silva,marinalvaferreira84602@gmail.com,(21) 96715-5102,NÃO,Nenhum,sem_assinatura,CIAGA,DAVID MAGALHÃES DA SILVA,102629-6,724,BRASÍLIA,200,07/06/2005,0.93,contained_tokens,NAO
164958,45238106,Fernando Gabriel,fernandogabrielxavier189@gmail.com,(21) 99709-0110,NÃO,Nenhum,sem_assinatura,CIAGA,GABRIEL DE SOUZA FERNANDES,108931-8,521,RIO DE JANEIRO,210,28/09/2007,0.93,contained_tokens,NAO
31714,43189003,Marcus Winicius,mwinicius28@gmail.com,(91) 99353-8587,NÃO,Nenhum,sem_assinatura,CIAGA,MARCUS VINÍCIUS SBROGLIO,103649-4,644,RIO DE JANEIRO,205,15/03/2007,0.93,contained_tokens,NAO
32688,42535013,Davi silva,davib8616@gmail.com,(21) 96715-5102,SIM,"Curso de Oficial: EFOMM, AFA e Escola Naval - Assinatura, Nivelamento de Matemática - Assinatura, Nivelamento de Física - Assinatura",active,CIAGA,DAVID MAGALHÃES DA SILVA,102629-6,724,BRASÍLIA,200,07/06/2005,0.93,contained_tokens,NAO
31518,43232572,Isabelly Soares,issbellyrr05@gmail.com,(95) 99169-4167,NÃO,Nenhum,sem_assinatura,CIAGA,ISABELLE SOARES TOSCANO,100264-9,483,RIO DE JANEIRO,215,24/01/2006,0.93,contained_tokens,NAO
32592,42637764,Lucas Gomes,lucas.souza18122@gmail.com,(21) 97494-5816,SIM,"Nivelamento de Física - Assinatura, Curso de Oficial: EsPCEx - Assinatura, Nivelamento de Matemática - Assinatura",active,CIAGA,LUCAS VIANNA GOMES,109890-0,766,RIO DE JANEIRO,200,02/06/2007,0.93,contained_tokens,NAO
36513,34672466,Pedro Carvalho,aalmagid21@gmail.com,(21) 98472-5156,NÃO,Nenhum,expired,CIAGA,PEDRO DE CARVALHO WERMELINGER,107606-6,3,RIO DE JANEIRO,320,18/08/2007,0.93,contained_tokens,NAO
164419,44881733,Pedro Jordão,pedrojmmaia3@gmail.com,(21) 98301-1646,SIM,"Nivelamento de Matemática - Assinatura, Nivelamento de Física - Assinatura",active,CIAGA,JOÃO PEDRO BARBOSA,103825-4,231,RIO DE JANEIRO,245,11/04/2005,0.93,contained_tokens,NAO
36503,34684600,Henzo Ferreira,henzoadcf@gmail.com,(21) 99343-0769,NÃO,Nenhum,expired,CIAGA,ENZO FERREIRA GUEDES,101919-2,722,VITÓRIA,200,03/08/2008,0.93,contained_tokens,SIM
31956,43059091,Gabrielly Gomes,ggabriellygomes007@gmail.com,(21) 99724-4289,SIM,Nivelamento de Matemática - Assinatura,active,CIAGA,GABRIEL MASCENE GOMES,107733-3,335,BRASÍLIA,225,18/10/2003,0.93,contained_tokens,SIM
32208,42852535,Guilherme Ferreira,12.guiferreirarocha@gmail.com,(21) 95943-1313,SIM,Nivelamento de Matemática - Assinatura,active,CIAGA,GUILHERME DE SOUSA FERREIRA,102397-6,266,BRASÍLIA,235,22/04/2008,0.93,contained_tokens,NAO
34813,37446588,Gustavo Da Silva,gustavo11g3@gmail.com,(21) 98532-2023,SIM,"Curso de Oficial: EFOMM, AFA e Escola Naval - Assinatura, Nivelamento de Matemática - Assinatura, Nivelamento de Física - Assinatura","active, expired",CIAGA,GUSTAVO GONÇALVES DA SILVA,105681-5,699,RIO DE JANEIRO,200,22/12/2007,0.93,contained_tokens,NAO
33310,41696887,André Silva,ag7156130@gmail.com,(85) 99698-1628,SIM,"Nivelamento de Física - Assinatura, Nivelamento de Matemática - Assinatura, Curso de Oficial: EsPCEx - Assinatura",active,CIAGA,ANDREW VIDOTO SILVA,112894-6,646,VITÓRIA,205,14/10/2005,0.93,contained_tokens,NAO
35879,36255161,Leonardo Ximenes,leosximenes@gmail.com,(21) 97186-2618,SIM,"Curso de Oficial: EFOMM, AFA e Escola Naval - Assinatura, Nivelamento de Matemática - Assinatura, Nivelamento de Física - Assinatura","active, expired",CIAGA,LEONARDO DA SILVA XIMENES,102091-9,275,RIO DE JANEIRO,235,27/12/2004,0.93,contained_tokens,NAO
164964,45238602,Matheus Reis,matheusdosreisdasilva15@gmail.com,(21) 99455-5804,NÃO,Nenhum,sem_assinatura,CIAGA,MATHEUS DÁVILA REIS,108913-1,584,RIO DE JANEIRO,205,15/07/2006,0.93,contained_tokens,NAO
32730,42408449,Iago Pereira,joseiagopereira01@gmail.com,(22) 99801-1408,SIM,Nivelamento de Matemática - Assinatura,active,CIAGA,TIAGO LIMOEIRO PEREIRA,112684-4,9,BRASÍLIA,300,09/06/2004,0.93,contained_tokens,NAO
32508,42641549,Guilherme Menezes,guimenezes221@gmail.com,(87) 98852-9713,SIM,"Nivelamento de Física - Assinatura, Curso de Oficial: EFOMM, AFA e Escola Naval - Assinatura, Nivelamento de Matemática - Assinatura",active,CIAGA,GUILHERME MENESES MADY,104998-1,534,BRASÍLIA,210,12/12/2008,0.93,contained_tokens,NAO
33681,41210202,Júlia Silva,jujuvic4@gmail.com,(21) 98055-2153,SIM,Nivelamento de Matemática - Assinatura,active,CIAGA,JULIA DARK DA SILVA,102134-8,142,BELO HORIZONTE,230,10/03/2007,0.93,contained_tokens,NAO
163916,44704873,Davi Hernandes,davishdasilva@gmail.com,(21) 96591-7358,NÃO,Nenhum,sem_assinatura,CIAGA,DAVI DINIZ FERNANDES,102160-4,491,RIO DE JANEIRO,215,14/05/2008,0.93,contained_tokens,NAO
34171,39897908,Nicolas Oliveira,nicolasoliveirafut@gmail.com,(13) 99106-3101,NÃO,Nenhum,expired,CIAGA,NICOLAS DE OLIVEIRA FONSECA,109790-8,671,SÃO PAULO,200,25/10/2005,0.93,contained_tokens,NAO
34494,38222029,Guilherme Ferreira,gferreiralima2604@gmail.com,(82) 99346-0944,NÃO,Nenhum,expired,CIAGA,GUILHERME DE SOUSA FERREIRA,102397-6,266,BRASÍLIA,235,22/04/2008,0.93,contained_tokens,NAO
143639,44602678,Arthur Martins,rekeeperjunior@gmail.com,(21) 98344-1525,SIM,Nivelamento de Física - Assinatura,active,CIAGA,ARTHUR ANDERSON MARTINHO,107214-5,38,RIO DE JANEIRO,280,24/05/2009,0.93,contained_tokens,NAO
34310,39302257,Giovanna Alves,gs1535689@gmail.com,(21) 97627-8227,NÃO,Nenhum,expired,CIAGA,GIOVANNA RODRIGUES ALVES,112122-6,313,RIO DE JANEIRO,225,05/11/2007,0.93,contained_tokens,NAO
35324,36629005,Gabriella Lopes,gabrielalopssggb@gmail.com,(22) 99608-2242,NÃO,Nenhum,expired,CIAGA,GABRIEL BENTO LOPES,100143-5,421,RIO DE JANEIRO,220,28/10/2007,0.93,contained_tokens,SIM
35098,37003903,Mateus Da Silva,mateussilva196503@gmail.com,(33) 99108-7875,NÃO,Nenhum,expired,CIAGA,MATHEUS BOTELHO SILVA,101717-0,706,RIO DE JANEIRO,200,21/06/2009,0.93,contained_tokens,NAO
143620,44634795,Pedro Costa,pedcoagg@gmail.com,(61) 99944-7508,SIM,Nivelamento de Física - Assinatura,active,CIAGA,PEDRO COTTA VIARD,108226-3,8,RIO DE JANEIRO,305,03/03/2007,0.93,contained_tokens,NAO
33900,40555987,Gabriel Nascimento,gabriel.nascimentosx22@gmail.com,(24) 98103-8675,SIM,"Nivelamento de Física - Assinatura, Curso de Oficial: EsPCEx - Assinatura","active, expired",CIAGA,GABRIEL ANSELMO NASCIMENTO,100971-0,496,RIO DE JANEIRO,215,31/03/2009,0.93,contained_tokens,NAO
35791,36322863,Beatriz Faria,bia-music1@hotmail.com,(21) 97036-4740,NÃO,Nenhum,expired,CIAGA,MARIA BEATRIZ PEREIRA,108730-4,419,RIO DE JANEIRO,220,25/08/2007,0.93,contained_tokens,NAO
164618,45037109,Juliana Ferreira,julianaferreiramotta06@gmail.com,(21) 98894-4820,SIM,Nivelamento de Matemática - Assinatura,active,CIAGA,JULIA FERREIRA DE LIMA,102741-6,134,RIO DE JANEIRO,235,07/03/2007,0.93,contained_tokens,SIM
35469,36476158,Gabryel Rodrigues,gabryelluiz0@gmail.com,(12) 99195-9457,NÃO,Nenhum,expired,CIAGA,GABRIEL RODRIGUES SOARES,113336-6,101,RIO DE JANEIRO,250,04/05/2006,0.93,contained_tokens,NAO
164578,45006641,Nícolas De Lima,nicolasdelimaalvesdasilva@gmail.com,(21) 96749-9798,SIM,"Nivelamento de Matemática - Assinatura, Nivelamento de Física - Assinatura, Curso de Oficial: EFOMM, AFA e Escola Naval - Assinatura",active,CIAGA,NICOLAS DE ARAUJO LIMA,106074-2,542,RIO DE JANEIRO,210,24/12/2006,0.93,contained_tokens,NAO
163987,44727070,Marcela Rodrigues,marcelaabc57@gmail.com,(12) 99618-2144,SIM,"Curso EEAR - Assinatura, Nivelamento de Matemática - Assinatura, Nivelamento de Física - Assinatura",active,CIAGA,MARCELO HENRIQUE RODRIGUES,102268-2,66,BELO HORIZONTE,265,03/10/2004,0.93,contained_tokens,NAO
31928,43062590,Gabriel Nascimento,gabrieldonascimentos01@gmail.com,(22) 99939-4112,SIM,"Nivelamento de Física - Assinatura, Curso de Oficial: EFOMM, AFA e Escola Naval - Assinatura, Nivelamento de Matemática - Assinatura",active,CIAGA,GABRIEL ANSELMO NASCIMENTO,100971-0,496,RIO DE JANEIRO,215,31/03/2009,0.93,contained_tokens,NAO
36244,35216774,Richard Silva,eurichard1612@hotmail.com,(15) 99620-9551,NÃO,Nenhum,expired,CIAGA,RICARDO DA SILVA PINTO,100031-0,88,RIO DE JANEIRO,255,05/05/2007,0.93,contained_tokens,NAO
164728,45132246,Ariel Castro,arielcastrosilva7@gmail.com,(92) 98434-3139,SIM,"Nivelamento de Matemática - Assinatura, Nivelamento de Física - Assinatura, Curso de Oficial: EFOMM, AFA e Escola Naval - Assinatura",active,CIAGA,GABRIEL PALÁCIO DE CASTRO,104514-7,130,RIO DE JANEIRO,240,09/04/2006,0.93,contained_tokens,NAO
35295,36633361,Pedro Carvalho,pedrocarvalhocout@gmail.com,(85) 99203-7953,SIM,"Curso de Oficial: EsPCEx - Assinatura, Nivelamento de Física - Assinatura, Nivelamento de Matemática - Assinatura","active, expired",CIAGA,PEDRO DE CARVALHO WERMELINGER,107606-6,3,RIO DE JANEIRO,320,18/08/2007,0.93,contained_tokens,NAO
164315,44791229,Vinícius Nunes,viniciusmiguel2806@gmail.com,(81) 99545-4195,NÃO,Nenhum,sem_assinatura,CIAGA,VINICIUS DE SOUSA NUNES,101995-0,221,SÃO PAULO,245,07/04/2007,0.93,contained_tokens,NAO
164317,44791236,Victor Gomes,hrgvictor474@gmail.com,(21) 97114-4460,NÃO,Nenhum,sem_assinatura,CIAGA,VICTOR AGUIAR GOMES,104311-7,676,PORTO ALEGRE,200,18/10/2007,0.93,contained_tokens,NAO
164620,45039390,Guilherme Ribeiro,guilhermeribeirofds@gmail.com,(67) 98146-7176,SIM,"Nivelamento de Matemática - Assinatura, Curso de Oficial: EFOMM, AFA e Escola Naval - Assinatura, Nivelamento de Física - Assinatura",active,CIAGA,GUILHERME DE ALMEIDA RIBEIRO,102057-2,410,RIO DE JANEIRO,220,31/03/2006,0.93,contained_tokens,NAO
133417,44093805,Arthur Silva,umbotnocs@gmail.com,(86) 99824-8201,SIM,Nivelamento de Física - Assinatura,active,CIAGA,ARTHUR FERREIRA DA SILVA,109478-2,48,PORTO ALEGRE,275,29/11/2006,0.93,contained_tokens,NAO
33005,41941901,Gustavo Hummel,hummelgustavo410@gmail.com,(12) 99172-4428,SIM,"Nivelamento de Matemática - Assinatura, Nivelamento de Física - Assinatura, Curso de Oficial: EFOMM, AFA e Escola Naval - Assinatura",active,CIAGA,GUSTAVO LOPES HUMMEL,110647-2,390,SÃO PAULO,220,10/10/2006,0.93,contained_tokens,NAO
33862,40621659,Breno Oliveira,brenoamaral640@gmail.com,(21) 97117-6011,SIM,"Nivelamento de Matemática - Assinatura, Nivelamento de Física - Assinatura, Curso de Oficial: EFOMM, AFA e Escola Naval - Assinatura",active,CIAGA,LEONARDO DE OLIVEIRA BOENO,106011-0,202,PORTO ALEGRE,250,29/04/2008,0.93,contained_tokens,NAO
143693,44539836,Guilherme Silva,guilhermesilvaasouza616@gmail.com,(21) 96698-0564,SIM,"Nivelamento de Física - Assinatura, Nivelamento de Matemática - Assinatura, Curso de Oficial: EFOMM, AFA e Escola Naval - Assinatura",active,CIAGA,GUILHERME DA SILVA AZEVEDO,110261-5,146,RIO DE JANEIRO,225,04/12/2003,0.93,contained_tokens,NAO
33778,40698530,Rafael Marins,rafaelmarins401@gmail.com,(21) 99950-3572,SIM,"Nivelamento de Física - Assinatura, Curso de Oficial: EFOMM, AFA e Escola Naval - Assinatura, Nivelamento de Matemática - Assinatura",active,CIAGA,RAFAEL MARTINS GARLET,107828-0,432,PORTO ALEGRE,215,15/02/2007,0.93,contained_tokens,NAO
36313,34897193,Matheus Brandão,2020matheusbrandao@gmail.com,(41) 99256-7807,NÃO,Nenhum,expired,CIAGA,MATHEUS RAMOS BRANDAO,103272-5,319,RIO DE JANEIRO,225,03/04/2008,0.93,contained_tokens,NAO
36254,35139336,Artur Santos,arturdepaulasantos607@gmail.com,(21) 97653-0562,NÃO,Nenhum,expired,CIAGA,ARTHUR SANTOS DO CARMO,108606-1,701,RIO DE JANEIRO,200,06/05/2004,0.93,contained_tokens,NAO
31874,43080531,Guilherme Sousa,gsousaesilva7@gmail.com,(19) 99576-2842,NÃO,Nenhum,expired,CIAGA,GUILHERME DE SOUSA FERREIRA,102397-6,266,BRASÍLIA,235,22/04/2008,0.93,contained_tokens,NAO
33334,41686320,Arthur Rodrigues,estudosarthurcmr@gmail.com,(21) 99069-8619,SIM,"Nivelamento de Física - Assinatura, Curso de Oficial: EFOMM, AFA e Escola Naval - Assinatura, Nivelamento de Matemática - Assinatura",active,CIAGA,ARTHUR DE SÁ RODRIGUES,110038-8,442,BRASÍLIA,215,16/12/2006,0.93,contained_tokens,N/A
133571,44216998,Maria Ferreira,mariacferreiramcf@gmail.com,(64) 98125-1434,SIM,"Nivelamento de Física - Assinatura, Curso de Oficial: EFOMM, AFA e Escola Naval - Assinatura, Nivelamento de Matemática - Assinatura",active,CIAGA,MARIA BEATRIZ PEREIRA,108730-4,419,RIO DE JANEIRO,220,25/08/2007,0.93,contained_tokens,NAO
31844,43140124,Guilherme Nóbrega,guilhermeg.nobrega@outlook.com,(11) 95558-9027,SIM,"Nivelamento de Matemática - Assinatura, Nivelamento de Física - Assinatura",active,CIAGA,GUILHERME BORGES NOBRE,105057-9,357,RIO DE JANEIRO,225,08/05/2006,0.93,contained_tokens,SIM
104360,44055217,Gabriel Batista,batistabiel31@gmail.com,(99) 98436-4750,NÃO,Nenhum,sem_assinatura,CIAGA,GABRIEL PAVIN BATISTA,109837-0,71,PORTO ALEGRE,265,04/11/2007,0.93,contained_tokens,NAO
32865,42074426,Vitor De Farias,vitorfariasquaresma123@gmail.com,(85) 99822-6937,SIM,"Curso de Oficial: EsPCEx - Assinatura, Nivelamento de Física - Assinatura, Nivelamento de Matemática - Assinatura, Curso de Oficial: EFOMM, AFA e Escola Naval - Assinatura",active,CIAGA,VITOR FARIA BALBINO,112064-5,541,VITÓRIA,210,23/01/2003,0.93,contained_tokens,SIM
31314,43310645,THIAGO COSTA,thiagolinharesqueiroz123@gmail.com,(85) 98961-4407,NÃO,Nenhum,sem_assinatura,CIAGA,IAGO COSTA DE SOUSA,113233-9,219,BRASÍLIA,245,22/09/2005,0.93,contained_tokens,SIM
36835,33671203,Guilherme Moura,guilherme88.moura@gmail.com,(11) 95595-2019,SIM,"Curso de Oficial: EFOMM, AFA e Escola Naval - Assinatura, Nivelamento de Matemática - Assinatura, Nivelamento de Física - Assinatura",active,CIAGA,GUILHERME GONÇALVES DE MOURA,101621-5,580,RIO DE JANEIRO,210,07/11/2007,0.93,contained_tokens,NAO
33584,41615407,Julia Lima,limajuls1@gmail.com,(21) 97573-2909,SIM,"Curso de Oficial: EFOMM, AFA e Escola Naval - Assinatura, Nivelamento de Matemática - Assinatura, Nivelamento de Física - Assinatura",active,CIAGA,JULIA FERREIRA DE LIMA,102741-6,134,RIO DE JANEIRO,235,07/03/2007,0.93,contained_tokens,NAO
34109,39998434,Gabriel Batista,familiaribeiro0404@gmail.com,(21) 99096-9607,NÃO,Nenhum,expired,CIAGA,GABRIEL PAVIN BATISTA,109837-0,71,PORTO ALEGRE,265,04/11/2007,0.93,contained_tokens,NAO
31380,43299475,Gabriel Fernandes,gabriel985329291@gmail.com,(55) 21966-9429,NÃO,Nenhum,sem_assinatura,CIAGA,GABRIEL DE SOUZA FERNANDES,108931-8,521,RIO DE JANEIRO,210,28/09/2007,0.93,contained_tokens,NAO
104343,44058981,Matheus Marques,matheuscreft2009@gmail.com,(21) 95902-1001,NÃO,Nenhum,sem_assinatura,CIAGA,MATEUS MARQUES ARAUJO,107980-6,182,BELO HORIZONTE,260,05/09/2007,0.93,contained_tokens,NAO
35769,36323051,Gabriel Barros,gabrielbarrosrlst@gmail.com,(21) 96800-7723,SIM,"Nivelamento de Física - Assinatura, Nivelamento de Matemática - Assinatura, Curso de Oficial: EFOMM, AFA e Escola Naval - Assinatura","active, expired",CIAGA,GABRIEL FORTUNATO BARROS,106915-7,309,BELO HORIZONTE,230,25/06/2008,0.93,contained_tokens,NAO
32001,43033696,Guilherme Ferreira,guilherme.fer2008@gmail.com,(32) 99198-1600,SIM,"Nivelamento de Matemática - Assinatura, Nivelamento de Física - Assinatura, Curso de Oficial: EFOMM, AFA e Escola Naval - Assinatura",active,CIAGA,GUILHERME DE SOUSA FERREIRA,102397-6,266,BRASÍLIA,235,22/04/2008,0.93,contained_tokens,NAO
30777,43440754,Gabriel Nascimento,gabriel.nascimento.ferreira10@gmail.com,(35) 99109-2975,NÃO,Nenhum,sem_assinatura,CIAGA,GABRIEL ANSELMO NASCIMENTO,100971-0,496,RIO DE JANEIRO,215,31/03/2009,0.93,contained_tokens,NAO
30763,43441824,Matheus De Araújo,matheuszayit@gmail.com,(21) 99006-5724,NÃO,Nenhum,sem_assinatura,CIAGA,MATEUS MARQUES ARAUJO,107980-6,182,BELO HORIZONTE,260,05/09/2007,0.93,contained_tokens,NAO
37210,32297140,Rodrigo Silva Da Silva,rodrigonsilva299@gmail.com,(91) 99279-8193,NÃO,Nenhum,expired,CIAGA,RODRIGO COSTA DA SILVA,111110-8,742,RIO DE JANEIRO,200,05/04/2007,0.93,contained_tokens,NAO
31836,43151869,Samuel Reis,samuelrc1211@gmail.com,(91) 98629-1117,SIM,"Nivelamento de Física - Assinatura, Curso de Oficial: EFOMM, AFA e Escola Naval - Assinatura, Nivelamento de Matemática - Assinatura",active,CIAGA,SAMUEL DOS REIS XAVIER,104945-5,227,SÃO PAULO,245,06/06/2006,0.93,contained_tokens,NAO
30744,43442887,Tiago Sousa,mtiagosousa2024@gmail.com,(91) 98868-1260,NÃO,Nenhum,sem_assinatura,CIAGA,THIAGO BRASILEIRO DE SOUSA,104746-8,167,SÃO PAULO,270,27/12/2005,0.93,contained_tokens,NAO
32337,42722308,Matheus Santos,matheusjdossantosbarrozo@gmail.com,(93) 98813-4559,SIM,"Nivelamento de Física - Assinatura, Curso de Oficial: EFOMM, AFA e Escola Naval - Assinatura, Nivelamento de Matemática - Assinatura",active,CIAGA,MATHEUS OLIVEIRA SANTOS,105903-9,347,RIO DE JANEIRO,225,20/07/2006,0.93,contained_tokens,NAO
36987,32961207,Guilherme Ferreira,marginaisyt123@gmail.com,(21) 97708-9937,SIM,"Curso de Oficial: EFOMM, AFA e Escola Naval - Assinatura, Nivelamento de Física - Assinatura, Nivelamento de Inglês - Assinatura","active, expired, inactive",CIAGA,GUILHERME DE SOUSA FERREIRA,102397-6,266,BRASÍLIA,235,22/04/2008,0.93,contained_tokens,NAO
36463,34716091,Felipe Sousa,ffeelipenasci@gmail.com,(21) 97043-4950,NÃO,Nenhum,expired,CIAGA,FELIPE OIRING DE SOUSA,106287-9,775,BRASÍLIA,200,06/11/2007,0.93,contained_tokens,NAO
32689,42535961,Gabriel Sousa,gabrieldesousarego@gmail.com,(86) 99438-2422,SIM,"Curso de Oficial: EFOMM, AFA e Escola Naval - Assinatura, Nivelamento de Física - Assinatura, Nivelamento de Matemática - Assinatura",active,CIAGA,GABRIEL DE SOUZA FERNANDES,108931-8,521,RIO DE JANEIRO,210,28/09/2007,0.93,contained_tokens,NAO
36440,34731998,Gustavo Aguiar,gustavoaguiar1227@gmail.com,(81) 98852-1174,SIM,"Curso de Oficial: EFOMM, AFA e Escola Naval - Assinatura, Nivelamento de Física - Assinatura, Nivelamento de Matemática - Assinatura","active, expired",CIAGA,GUSTAVO DE AGUIAR MEDEIROS,104729-0,11,SÃO PAULO,300,14/06/2005,0.93,contained_tokens,NAO
32640,42629245,Luiz Eduardo,luizzeduardo05@icloud.com,(84) 99231-3111,SIM,Nivelamento de Inglês - Assinatura,active,CIAGA,EDUARDO GONÇALVES LUZ,103924-9,695,RIO DE JANEIRO,200,25/06/2008,0.93,contained_tokens,NAO
33676,41219399,Felipe Moura,felipextremedoifo@gmail.com,(82) 99994-1008,SIM,"Nivelamento de Matemática - Assinatura, Nivelamento de Física - Assinatura, Curso de Oficial: EFOMM, AFA e Escola Naval - Assinatura",active,CIAGA,FELIPE PRUDENCIO MOURA,107583-0,222,VITÓRIA,245,21/10/2006,0.93,contained_tokens,NAO
33516,41616385,Gabriel Soares,corgozinhogabriel@gmail.com,(21) 96594-2137,SIM,"Curso de Oficial: EFOMM, AFA e Escola Naval - Assinatura, Nivelamento de Matemática - Assinatura, Nivelamento de Física - Assinatura",active,CIAGA,GABRIEL RODRIGUES SOARES,113336-6,101,RIO DE JANEIRO,250,04/05/2006,0.93,contained_tokens,NAO
104415,44053558,Lucas gomes,lucasgomessilvags@gmail.com,(79) 99913-1562,NÃO,Nenhum,sem_assinatura,CIAGA,LUCAS VIANNA GOMES,109890-0,766,RIO DE JANEIRO,200,02/06/2007,0.93,contained_tokens,NAO
34873,37421417,Gabriel Almeida,gabriel.almeida2723@gmail.com,(21) 98805-3800,SIM,"Nivelamento de Física - Assinatura, Nivelamento de Matemática - Assinatura, Curso de Oficial: EFOMM, AFA e Escola Naval - Assinatura","active, expired",CIAGA,GABRIELA GONÇALVES ALMEIDA,110831-2,792,SÃO PAULO,200,10/12/2005,0.93,contained_tokens,SIM
33767,40710590,Guilherme Ferreira,guilhermefrgc@gmail.com,(73) 99991-4952,SIM,"Nivelamento de Matemática - Assinatura, Nivelamento de Física - Assinatura",active,CIAGA,GUILHERME DE SOUSA FERREIRA,102397-6,266,BRASÍLIA,235,22/04/2008,0.93,contained_tokens,NAO
34656,37671062,Guilherme Ribeiro,guicribeiro@icloud.com,(47) 99119-7402,NÃO,Nenhum,expired,CIAGA,GUILHERME DE ALMEIDA RIBEIRO,102057-2,410,RIO DE JANEIRO,220,31/03/2006,0.93,contained_tokens,NAO
36803,33760261,Gabriel do Nascimento,gdonascimento2007@gmail.com,(81) 99528-2621,SIM,"Curso de Oficial: EFOMM, AFA e Escola Naval - Assinatura","active, expired",CIAGA,GABRIEL ANSELMO NASCIMENTO,100971-0,496,RIO DE JANEIRO,215,31/03/2009,0.93,contained_tokens,NAO
34470,38342894,Arthur Rodrigues,capitaoarthurodrigues@gmail.com,(21) 99857-3727,NÃO,Nenhum,expired,CIAGA,ARTHUR DE SÁ RODRIGUES,110038-8,442,BRASÍLIA,215,16/12/2006,0.93,contained_tokens,N/A
34756,37506125,Guilherme Azeredo,filhoguilherme01@gmail.com,(21) 98340-5510,NÃO,Nenhum,expired,CIAGA,GUILHERME DA SILVA AZEVEDO,110261-5,146,RIO DE JANEIRO,225,04/12/2003,0.93,contained_tokens,NAO
33072,41848392,Gabriel Souza,gabriel.souza29314@gmail.com,(81) 99637-9532,SIM,"Curso de Oficial: EFOMM, AFA e Escola Naval - Assinatura, Nivelamento de Matemática - Assinatura, Nivelamento de Física - Assinatura",active,CIAGA,GABRIEL DE SOUZA FERNANDES,108931-8,521,RIO DE JANEIRO,210,28/09/2007,0.93,contained_tokens,NAO
34923,37328362,Arthur Rodrigues,capitaoarthurrodrigues@gmail.com,(21) 99857-3727,NÃO,Nenhum,expired,CIAGA,ARTHUR DE SÁ RODRIGUES,110038-8,442,BRASÍLIA,215,16/12/2006,0.93,contained_tokens,N/A
104484,44051898,Rafaela Santos,rafasan082@gmail.com,(21) 98248-3598,NÃO,Nenhum,sem_assinatura,CIAGA,RAFAEL VIEIRA DOS SANTOS,104072-5,265,RIO DE JANEIRO,235,25/06/2005,0.93,contained_tokens,NAO
35764,36323109,Gabriel De Almeida,gabrielalmeidag29@gmail.com,(21) 96561-4669,NÃO,Nenhum,expired,CIAGA,GABRIELA GONÇALVES ALMEIDA,110831-2,792,SÃO PAULO,200,10/12/2005,0.93,contained_tokens,SIM
33274,41710720,Guilherme Vieira,vieiraguilherme389@gmail.com,(68) 99239-5832,SIM,"Nivelamento de Matemática - Assinatura, Curso de Oficial: EsPCEx - Assinatura, Nivelamento de Física - Assinatura",active,CIAGA,GUILHERME LOPES VIEIRA,104557-7,314,SÃO PAULO,225,22/05/2004,0.93,contained_tokens,NAO
104563,44044092,Arthur Castro,arthur.forhard@gmail.com,(32) 99826-7009,NÃO,Nenhum,sem_assinatura,CIAGA,ARTHUR DE CASTRO LACERDA,102503-1,103,RIO DE JANEIRO,250,04/02/2009,0.93,contained_tokens,NAO
38268,29890480,Rodrigo Silva,rddotrembala69@gmail.com,(21) 96580-4835,SIM,"Curso de Oficial: EFOMM, AFA e Escola Naval - Assinatura, Nivelamento de Física - Assinatura, Nivelamento de Matemática - Assinatura","active, expired",CIAGA,RODRIGO COSTA DA SILVA,111110-8,742,RIO DE JANEIRO,200,05/04/2007,0.93,contained_tokens,NAO
34166,39900148,Vinícius Cabalini,vini.cabalini3110@gmail.com,(21) 96709-1843,NÃO,Nenhum,expired,CIAGA,VINICIUS CABALDI BASSO,102973-7,280,PORTO ALEGRE,230,13/09/2007,0.93,contained_tokens,NAO
30721,43445252,Gabriela Ferreira,gabielagab@gmail.com,(98) 98827-9594,NÃO,Nenhum,sem_assinatura,CIAGA,ARTHUR GABRIEL FERREIRA,110478-4,450,PARANAGUÁ,215,26/06/2008,0.93,contained_tokens,NAO
34687,37622747,Matheus Silva,matheussilvadasilvax7@gmail.com,(55) 99112-5355,NÃO,Nenhum,expired,CIAGA,MATHEUS BOTELHO SILVA,101717-0,706,RIO DE JANEIRO,200,21/06/2009,0.93,contained_tokens,NAO
35757,36323288,Gabriel Almeida,gs311253@gmail.com,(84) 98645-7539,NÃO,Nenhum,expired,CIAGA,GABRIELA GONÇALVES ALMEIDA,110831-2,792,SÃO PAULO,200,10/12/2005,0.93,contained_tokens,NAO
144020,44360805,Pedro reis,pedroreis3314@gmail.com,(21) 98029-3314,NÃO,Nenhum,sem_assinatura,CIAGA,PEDRO CHIMENTO DOS REIS,108081-5,152,RIO DE JANEIRO,220,30/06/2006,0.93,contained_tokens,NAO
133533,44204827,Matheus Dos Santos,matheusimento@gmail.com,(61) 98653-3269,SIM,Nivelamento de Matemática - Assinatura,active,CIAGA,MATHEUS OLIVEIRA SANTOS,105903-9,347,RIO DE JANEIRO,225,20/07/2006,0.93,contained_tokens,NAO
32003,43030523,Miguel Dacri,miguel.dacri.08@gmail.com,(21) 98207-1277,SIM,"Curso de Oficial: EFOMM, AFA e Escola Naval - Assinatura, Nivelamento de Física - Assinatura, Nivelamento de Matemática - Assinatura",active,CIAGA,MIGUEL DE OLIVEIRA DACRI,108594-0,479,RIO DE JANEIRO,215,26/07/2008,0.93,contained_tokens,NAO
104527,44049901,Davi Costa,davifons999@gmail.com,(22) 99879-7325,NÃO,Nenhum,sem_assinatura,CIAGA,DAVI DA COSTA FONSECA,102223-6,391,VITÓRIA,220,18/06/2004,0.93,contained_tokens,NAO
36780,33859868,Nicolas Oliveira,nicolasviana374@gmail.com,(21) 97028-6914,NÃO,Nenhum,expired,CIAGA,NICOLAS DE OLIVEIRA FONSECA,109790-8,671,SÃO PAULO,200,25/10/2005,0.93,contained_tokens,NAO
36879,33560590,Luiz Eduardo,luizedupaulino@gmail.com,(12) 93085-6282,NÃO,Nenhum,expired,CIAGA,EDUARDO GONÇALVES LUZ,103924-9,695,RIO DE JANEIRO,200,25/06/2008,0.93,contained_tokens,NAO
36583,34516112,Luiz Eduardo,coft.boys@gmail.com,(11) 95370-4849,NÃO,Nenhum,expired,CIAGA,EDUARDO GONÇALVES LUZ,103924-9,695,RIO DE JANEIRO,200,25/06/2008,0.93,contained_tokens,NAO
36788,33815748,Mateus Ramos,jmb5922@gmail.com,(14) 99881-2036,NÃO,Nenhum,expired,CIAGA,MATHEUS RAMOS BRANDAO,103272-5,319,RIO DE JANEIRO,225,03/04/2008,0.93,contained_tokens,NAO
36775,33872769,Marcelo Rodrigues,marceloabrodrigues10@gmail.com,(12) 99184-7226,NÃO,Nenhum,expired,CIAGA,MARCELO HENRIQUE RODRIGUES,102268-2,66,BELO HORIZONTE,265,03/10/2004,0.93,contained_tokens,NAO
37034,32835389,Gabriel Almeida,gabrielfelipee528@gmail.com,(91) 98634-3218,NÃO,Nenhum,expired,CIAGA,GABRIELA GONÇALVES ALMEIDA,110831-2,792,SÃO PAULO,200,10/12/2005,0.93,contained_tokens,NAO
37009,32909620,Daniel Da Silva,daniellcunhapro@gmail.com,(32) 99133-9885,NÃO,Nenhum,expired,CIAGA,DANIEL HENRIQUE SILVA,102686-0,415,RIO DE JANEIRO,220,15/08/2007,0.93,contained_tokens,NAO
36953,33123111,Arthur Rodrigues,arthurhidasy@outlook.com.br,(24) 99967-8182,NÃO,Nenhum,expired,CIAGA,ARTHUR DE SÁ RODRIGUES,110038-8,442,BRASÍLIA,215,16/12/2006,0.93,contained_tokens,N/A
37214,32287071,Davi Silva,davidouglas834@gmail.com,(81) 99939-7891,NÃO,Nenhum,expired,CIAGA,DAVID MAGALHÃES DA SILVA,102629-6,724,BRASÍLIA,200,07/06/2005,0.93,contained_tokens,SIM
37235,32213025,Júlia Lima,05limaju@gmail.com,(21) 95933-2939,NÃO,Nenhum,expired,CIAGA,JULIA FERREIRA DE LIMA,102741-6,134,RIO DE JANEIRO,235,07/03/2007,0.93,contained_tokens,NAO
37507,31466956,Gabriel Oliveira,gabrieloo483@gmail.com,(92) 98269-1887,NÃO,Nenhum,expired,CIAGA,GABRIEL GREGÓRIO DE OLIVEIRA,108262-6,111,PARANAGUÁ,245,26/03/2005,0.93,contained_tokens,NAO
37617,31202220,Gabriel Da Silva,gabriell.siillvags2006@gmail.com,(21) 99209-9354,NÃO,Nenhum,expired,CIAGA,GABRIEL GALVÃO SILVA,105758-6,622,SÃO PAULO,205,09/05/2009,0.93,contained_tokens,NAO
37745,31004545,Davi Costa,davicostadesousa1502@gmail.com,(21) 97025-4411,NÃO,Nenhum,expired,CIAGA,DAVI DA COSTA FONSECA,102223-6,391,VITÓRIA,220,18/06/2004,0.93,contained_tokens,NAO
37427,31667974,Matheus Silva,matheus_lilioliveira@hotmail.com,(22) 99278-6282,NÃO,Nenhum,expired,CIAGA,MATHEUS BOTELHO SILVA,101717-0,706,RIO DE JANEIRO,200,21/06/2009,0.93,contained_tokens,NAO
37429,31661980,Gabriel Da Fonseca,fonsequinha9674@gmail.com,(22) 99923-8702,NÃO,Nenhum,expired,CIAGA,GABRIEL FONSECA MARINHO,104062-9,424,RIO DE JANEIRO,220,14/03/2007,0.93,contained_tokens,NAO
37832,30821771,Matheus Silva,alvesmatheus.s@hotmail.com,(67) 99299-9857,NÃO,Nenhum,expired,CIAGA,MATHEUS BOTELHO SILVA,101717-0,706,RIO DE JANEIRO,200,21/06/2009,0.93,contained_tokens,NAO
38016,30713829,Guilherme Ribeiro,guilhermerdsz73@gmail.com,(67) 99246-2107,NÃO,Nenhum,expired,CIAGA,GUILHERME DE ALMEIDA RIBEIRO,102057-2,410,RIO DE JANEIRO,220,31/03/2006,0.93,contained_tokens,NAO
37987,30716234,Guilherme Santana,gui.santana5101@gmail.com,(84) 99608-7953,NÃO,Nenhum,expired,CIAGA,GUILHERME AQUINO SANTANA,109673-7,721,RIO DE JANEIRO,200,08/05/2008,0.93,contained_tokens,NAO
38155,30265515,Lucca Machado,luccagvmachado@gmail.com,(84) 98124-1544,NÃO,Nenhum,expired,CIAGA,LUCAS MACHADO EVANGELISTA,105172-3,448,BELO HORIZONTE,215,02/03/2009,0.93,contained_tokens,NAO
38264,29894839,Leonard Silva,leonardoflanet@gmail.com,(21) 98913-1694,NÃO,Nenhum,expired,CIAGA,LEONARDO DA SILVA XIMENES,102091-9,275,RIO DE JANEIRO,235,27/12/2004,0.93,contained_tokens,SIM
38242,29981671,Davi Reis,davireis14anos@gmail.com,(21) 99168-6656,NÃO,Nenhum,expired,CIAGA,MATHEUS DÁVILA REIS,108913-1,584,RIO DE JANEIRO,205,15/07/2006,0.93,contained_tokens,NAO
38265,29894516,Gabriel Oliveira,oliceira.gabriel19879@gmail.com,(21) 97609-2951,NÃO,Nenhum,expired,CIAGA,GABRIEL GREGÓRIO DE OLIVEIRA,108262-6,111,PARANAGUÁ,245,26/03/2005,0.93,contained_tokens,NAO
38330,29662436,Ruan Silva,ruanfeliciano02@gmail.com,(84) 98631-6105,NÃO,Nenhum,expired,CIAGA,RUAN DA SILVA TEIXEIRA,107182-0,758,SÃO PAULO,200,31/10/2008,0.93,contained_tokens,NAO
38567,28261994,Guilherme Ferreira,guilhermefm021@gmail.com,(21) 96528-9582,NÃO,Nenhum,expired,CIAGA,GUILHERME DE SOUSA FERREIRA,102397-6,266,BRASÍLIA,235,22/04/2008,0.93,contained_tokens,NAO
38233,30014880,Gustavo Brito,gugabritooliveira12@gmail.com,(21) 97663-0197,SIM,"Nivelamento de Matemática - Assinatura, Curso de Oficial: EFOMM, AFA e Escola Naval - Assinatura, Nivelamento de Física - Assinatura","active, expired",CIAGA,GUSTAVO DE BRITO OLIVEIRA,106144-6,535,RIO DE JANEIRO,210,27/04/2008,0.93,contained_tokens,SIM
38843,27431014,Lucas Leal,lucaslealb03@gmail.com,(89) 98825-0417,NÃO,Nenhum,expired,CIAGA,LUCAS BAPTISTA LEAL,101129-7,197,RIO DE JANEIRO,255,15/06/2007,0.93,contained_tokens,NAO
38700,27885953,Thiago Pereira,thigo200356@gmail.com,(35) 99895-9822,NÃO,Nenhum,expired,CIAGA,TIAGO LIMOEIRO PEREIRA,112684-4,9,BRASÍLIA,300,09/06/2004,0.93,contained_tokens,NAO
38855,27405352,Lucas Araújo,vmmlucas@gmail.com,(71) 98500-9025,NÃO,Nenhum,expired,CIAGA,LUCAS LIMA DE ARAUJO,100020-5,23,RIO DE JANEIRO,285,28/02/2008,0.93,contained_tokens,NAO
38717,27851579,Sales Rodrigues,salescrisostomorodrigues1234@gmail.com,(85) 98923-9513,NÃO,Nenhum,expired,CIAGA,GIOVANNA RODRIGUES ALVES,112122-6,313,RIO DE JANEIRO,225,05/11/2007,0.93,contained_tokens,NAO
38982,24389913,Matheus Araújo,matheusaraujoegidio97@gmail.com,(21) 97626-8644,NÃO,Nenhum,expired,CIAGA,MATEUS MARQUES ARAUJO,107980-6,182,BELO HORIZONTE,260,05/09/2007,0.93,contained_tokens,NAO
38958,25608936,Davi Reis,reisdavi459@gmail.com,(61) 99242-4359,NÃO,Nenhum,expired,CIAGA,MATHEUS DÁVILA REIS,108913-1,584,RIO DE JANEIRO,205,15/07/2006,0.93,contained_tokens,NAO
38965,25192902,Arthur Silva,arthursilvz@outlook.com,(82) 98871-0678,NÃO,Nenhum,expired,CIAGA,ARTHUR FERREIRA DA SILVA,109478-2,48,PORTO ALEGRE,275,29/11/2006,0.93,contained_tokens,NAO
38997,22733798,Matheus Gomes,matheusgomes2004@gmail.com,(21) 96451-2089,NÃO,Nenhum,expired,CIAGA,MATEUS MUNIZ GOMES,102172-7,428,BELO HORIZONTE,220,04/05/2008,0.93,contained_tokens,NAO
39425,22040741,Vinicius Souza,viniciussouza1322@gmail.com,(92) 98623-2623,SIM,Live Nivelamento de Fisíca,"active, expired",CIAGA,VINICIUS DE SOUSA NUNES,101995-0,221,SÃO PAULO,245,07/04/2007,0.93,contained_tokens,NAO
39290,22103666,Leonardo Oliveira,leonardoj151002@gmail.com,(21) 96476-7673,NÃO,Nenhum,expired,CIAGA,LEONARDO DE OLIVEIRA BOENO,106011-0,202,PORTO ALEGRE,250,29/04/2008,0.93,contained_tokens,NAO
39457,22035880,Davi Rodriues,davirodrigues2006h05@gmail.com,(32) 98835-6243,SIM,Live Nivelamento de Fisíca,"active, expired",CIAGA,DAVI RODRIGUES PESSANHA,105686-6,437,RIO DE JANEIRO,215,16/03/2006,0.93,contained_tokens,SIM
39487,22029086,David Souza,ds1381476@gmail.com,(83) 98145-6461,NÃO,Nenhum,expired,CIAGA,DAVI GOMES DE SOUZA,103945-0,342,RIO DE JANEIRO,225,23/08/2006,0.93,contained_tokens,NAO
37232,32217289,GUILHERME BARBOSA DOS SANTOS,guilhermebarbosa08@hotmail.com,(21) 97553-0216,SIM,"Curso de Oficial: EFOMM, AFA e Escola Naval - Assinatura, Nivelamento de Matemática - Assinatura, Nivelamento de Física - Assinatura",active,CIAGA,LUÍS GUILHERME BOMFIM SANTOS BARBOSA,102151-6,262,RIO DE JANEIRO,235,15/08/2007,0.922,contained_tokens,NAO
35000,37183011,João Vitor Ribeiro,ribeirojoaovitor635@gmail.com,(15) 99814-4340,NÃO,Nenhum,expired,CIAGA,JOAO VICTOR SILVARES RIBEIRO GRILLO,112322-1,459,RIO DE JANEIRO,215,05/03/2009,0.922,contained_tokens,NAO
165383,45490889,Guilherme Pereira Dias,guilhermepdias.1701@gmail.com,(21) 99811-4378,SIM,"Curso de Oficial: EFOMM, AFA e Escola Naval - Assinatura, Nivelamento de Matemática - Assinatura, Nivelamento de Física - Assinatura",active,CIAGA,GUILHERME BREÇANO FERREIRA NOBRE DIAS,108927-0,589,RIO DE JANEIRO,205,11/11/2008,0.922,contained_tokens,NAO
34294,39370014,João Victor Ribeiro,joaovictorrrqwe@gmail.com,(81) 99750-6745,NÃO,Nenhum,expired,CIAGA,JOAO VICTOR SILVARES RIBEIRO GRILLO,112322-1,459,RIO DE JANEIRO,215,05/03/2009,0.922,contained_tokens,NAO
33724,40895664,Victor Da Silva Oliveira,victtor.silva.oliveira.18@gmail.com,(21) 98775-0724,SIM,Nivelamento de Matemática - Assinatura,active,CIAGA,VICTÓRIA LUIZA OLIVEIRA SILVA SANTOS,106348-4,336,RIO DE JANEIRO,225,04/10/2005,0.922,contained_tokens,NAO
39495,22027723,Felipe Santos De Oliveira,felipe.santosdeoliveira2004@gmail.com,(82) 99943-8090,SIM,Live Nivelamento de Fisíca,"active, expired",CIAGA,LUIS FELIPE SANTOS OLIVEIRA VIDAL,110003-8,425,RIO DE JANEIRO,220,05/04/2007,0.922,contained_tokens,NAO
30770,43441334,Pedro Felipe,pf795957@gmail.com,(86) 3010,NÃO,Nenhum,sem_assinatura,CIAGA,LUÍS FELIPE PEDROZO DA CUNHA,107741-3,582,RIO DE JANEIRO,210,13/06/2006,0.91,contained_tokens,NAO
30850,43434968,felipe carvalho,fpzncrvg@gmail.com,(21) 98856-6115,NÃO,Nenhum,sem_assinatura,CIAGA,FELIPE HODIE VEIGA DE CARVALHO,108705-6,568,RIO DE JANEIRO,210,14/01/2009,0.91,contained_tokens,NAO
30797,43439990,João Marcos,umjotaeme@gmail.com,(79) 99906-1308,NÃO,Nenhum,sem_assinatura,CIAGA,JOÃO MARCIO SILVA DA CUNHA,101810-6,633,RIO DE JANEIRO,205,18/11/2005,0.91,contained_tokens,NAO
31079,43390924,Vitor Santos,vitorsfa24@gmail.com,(21) 99835-4528,SIM,"Nivelamento de Física - Assinatura, Curso de Matemática ESA + Nivela Mat - Assinatura",active,CIAGA,VITOR LUCAS ALVES DOS SANTOS,103440-5,446,SÃO PAULO,215,22/04/2007,0.91,contained_tokens,NAO
164950,45238000,Pedro Gabriel,01arcanjo.gabriell@gmail.com,(21) 97428-9869,NÃO,Nenhum,sem_assinatura,CIAGA,PEDRO ARIEL DORNELA PEIXOTO,103621-6,50,BELO HORIZONTE,275,03/12/2005,0.91,contained_tokens,NAO
31239,43325297,Luiz Filipe,luizfilipegomes2009@gmail.com,(21) 99129-1492,NÃO,Nenhum,sem_assinatura,CIAGA,LUIZ FELIPE DA COSTA FERREIRA,108327-4,540,PORTO ALEGRE,210,23/03/2006,0.91,contained_tokens,NAO
31148,43367807,Pedro Cardoso,pedrocardosolima@proton.me,(21) 97272-1529,SIM,"Curso de Oficial: EFOMM, AFA e Escola Naval - Assinatura, Nivelamento de Matemática - Assinatura, Nivelamento de Física - Assinatura",active,CIAGA,PEDRO MARIANO CARDOSO PERES,100295-6,430,BRASÍLIA,220,25/08/2007,0.91,contained_tokens,NAO
164373,44828817,Eric Oliveira,futuromilitar002@gmail.com,(19) 99649-3109,SIM,Nivelamento de Matemática - Assinatura,active,CIAGA,ERIC LUCAS DE OLIVEIRA MESQUITA,102680-0,477,RIO DE JANEIRO,215,03/03/2007,0.91,contained_tokens,NAO
31260,43324334,Felipe Costa,felipedamasceno394@gmail.com,(91) 98089-6255,NÃO,Nenhum,sem_assinatura,CIAGA,FELLIPE AUGUSTO OLIVEIRA COSTA,100066-0,388,BELO HORIZONTE,220,24/10/2006,0.91,contained_tokens,NAO
32019,43022108,Eduardo Da Silva,papiroexato101@gmail.com,(21) 98888-3293,SIM,Nivelamento de Matemática - Assinatura,active,CIAGA,NYCOLLAS EDUARDO MOTA DA SILVA,101581-0,648,RIO DE JANEIRO,205,16/04/2004,0.91,contained_tokens,NAO
38167,30219251,Hygor Silva,hygor.pereira31@gmail.com,(21) 97591-5157,NÃO,Nenhum,expired,CIAGA,HIGOR MACEDO MAIA DA SILVA,105673-5,735,RIO DE JANEIRO,200,17/03/2009,0.91,contained_tokens,NAO
33734,40870098,João Oliveira,joaooli545@gmail.com,(15) 99743-8429,SIM,Nivelamento de Matemática - Assinatura,active,CIAGA,JOÃO VICTOR FERNANDES OLIVEIRA,102236-7,47,SÃO PAULO,275,03/12/2004,0.91,contained_tokens,NAO
35886,36240945,Robson Junior,robsonronald48@gmail.com,(21) 98653-3616,SIM,Nivelamento de Física - Assinatura,"active, expired",CIAGA,ROBINSON VAGNER BISPO JUNIOR,108695-0,191,SÃO PAULO,260,03/12/2004,0.91,contained_tokens,NAO
31745,43188965,davi ribeiro,drbeir2103@gmail.com,(21) 97752-6088,NÃO,Nenhum,sem_assinatura,CIAGA,DAVI CARDOSO RIBEIRO DOS SANTOS,113751-9,604,SÃO PAULO,205,07/09/2008,0.91,contained_tokens,NAO
38915,26966507,Guilherme Marrins,guilhermemartinsferreira889@gmail.com,(21) 99029-9716,NÃO,Nenhum,expired,CIAGA,GUILHERME ESTEVÃO MARTINS PIMENTA,101774-4,36,SÃO PAULO,280,24/05/2006,0.91,contained_tokens,SIM
31056,43397464,Gabriel Costa,costagabrielffx@gmail.com,(91) 99292-3352,SIM,"Curso de Oficial: EFOMM, AFA e Escola Naval - Assinatura, Nivelamento de Física - Assinatura, Nivelamento de Matemática - Assinatura",active,CIAGA,GABRIELA MENDONÇA COSTA SARGACEIRA,102181-5,440,RIO DE JANEIRO,215,14/05/2006,0.91,contained_tokens,NAO
36407,34766347,Guilherme De Faria,guiorelha12@gmail.com,(21) 99532-2059,SIM,"Curso de Oficial: EFOMM, AFA e Escola Naval - Assinatura, Nivelamento de Matemática - Assinatura","active, expired",CIAGA,GUILHERME FARIA GALLO LOURENÇO,101972-3,647,RIO DE JANEIRO,205,07/07/2006,0.91,contained_tokens,NAO
104249,43774590,Eduardo Luna,eduardolunalt@gmail.com,(11) 91103-0048,NÃO,Nenhum,sem_assinatura,CIAGA,WAGNER EDUARDO LAGUNA LOPES,111839-3,380,PORTO ALEGRE,220,08/07/2005,0.91,contained_tokens,NAO
32264,42815048,Pedro Gabriel,gabrielferreirafgs@gmail.com,(84) 99142-3455,SIM,"Curso de Oficial: EsPCEx - Assinatura, Nivelamento de Matemática - Assinatura, Nivelamento de Física - Assinatura",active,CIAGA,PEDRO ARIEL DORNELA PEIXOTO,103621-6,50,BELO HORIZONTE,275,03/12/2005,0.91,contained_tokens,NAO
32095,42948663,Pedro Araújo,pedroaraujo23020@gmail.com,(21) 99591-5190,SIM,"Nivelamento de Matemática - Assinatura, Nivelamento de Física - Assinatura, Curso de Oficial: EFOMM, AFA e Escola Naval - Assinatura",active,CIAGA,PEDRO LUCAS DA SILVA ARAUJO,105714-8,528,RIO DE JANEIRO,210,05/04/2004,0.91,contained_tokens,NAO
32185,42879756,Ana Luisa,luisaalmeidavls@gmail.com,(21) 97268-6736,SIM,"Curso de Oficial: EsPCEx - Assinatura, Nivelamento de Matemática - Assinatura, Nivelamento de Física - Assinatura",active,CIAGA,ANA LUIZA BRAGA PATARO,106552-7,741,RIO DE JANEIRO,200,01/10/2007,0.91,contained_tokens,NAO
31568,43203099,Murilo Santos,murilosalmeida01@gmail.com,(11) 93901-4584,SIM,"Nivelamento de Física - Assinatura, Nivelamento de Matemática - Assinatura, Curso de Oficial: EFOMM, AFA e Escola Naval - Assinatura",active,CIAGA,MURILO KENJI SANTOS KOSEKI,104983-4,228,SÃO PAULO,245,11/01/2008,0.91,contained_tokens,NAO
32603,42637725,Fernanda Rosa,fernandakarolinerosa@gmail.com,(21) 99703-2293,SIM,"Curso de Oficial: EFOMM, AFA e Escola Naval - Assinatura, Nivelamento de Física - Assinatura, Nivelamento de Matemática - Assinatura",active,CIAGA,FERNANDA CARMO ROSADO DE SOUSA,105900-4,413,BELO HORIZONTE,220,15/01/2008,0.91,contained_tokens,NAO
32673,42564925,Vitória Da Silva,vitoriaaasilva12@gmail.com,(11) 98044-8831,SIM,Nivelamento de Matemática - Assinatura,active,CIAGA,JOÃO VITOR FRONZA DA SILVA,112052-2,790,PARANAGUÁ,200,17/12/2008,0.91,contained_tokens,SIM
37322,31964746,Kauã Da Silva,skaua7065@gmail.com,(21) 97339-1881,NÃO,Nenhum,expired,CIAGA,KAUÃ GONÇALVES CORDEIRO DA SILVA,108243-1,530,RIO DE JANEIRO,210,02/03/2006,0.91,contained_tokens,NAO
33074,41847091,André Rodrigues,alsrf2003@gmail.com,(21) 99997-5849,NÃO,Nenhum,expired,CIAGA,ANDRE LUIZ CAVALCANTI RODRIGUES,106029-1,607,RIO DE JANEIRO,205,11/11/2004,0.91,contained_tokens,NAO
32899,42046857,Luiz Filipe,luiz.filipinho36@gmail.com,(34) 99777-9793,SIM,"Curso de Oficial: EFOMM, AFA e Escola Naval - Assinatura, Nivelamento de Física - Assinatura, Curso: Turma ESA - Assinatura, Nivelamento de Matemática - Assinatura",active,CIAGA,LUIZ FELIPE DA COSTA FERREIRA,108327-4,540,PORTO ALEGRE,210,23/03/2006,0.91,contained_tokens,NAO
31648,43189229,ANDREY DE Souza,andreysouza14061991@gmail.com,(91) 99319-2505,NÃO,Nenhum,sem_assinatura,CIAGA,ANDREY KALEL SOUZA SOARES,104953-5,12,SÃO PAULO,300,24/01/2006,0.91,contained_tokens,NAO
30930,43432855,Daniel Bastos,daniboy.baslima@gmail.com,(27) 99883-3462,NÃO,Nenhum,sem_assinatura,CIAGA,DANIEL TAKESHI BASTOS IAMADA,100246-2,264,BRASÍLIA,235,04/01/2008,0.91,contained_tokens,NAO
33801,40682360,Victor Ugo,victor.ugo.9028@gmail.com,(19) 99392-7408,SIM,"Nivelamento de Física - Assinatura, Nivelamento de Matemática - Assinatura",active,CIAGA,VICTOR HUGO DE SOUZA MACEDO,108587-8,716,RIO DE JANEIRO,200,19/12/2008,0.91,contained_tokens,NAO
34241,39622351,Antônio Paulo,netocorreia2006@gmail.com,(81) 99240-8134,NÃO,Nenhum,expired,CIAGA,ANTONIO CAIQUE GUIMARAES DE PAULA,101971-5,507,SÃO PAULO,210,10/11/2004,0.91,contained_tokens,NAO
33722,40903172,Dhavid Santos,ferreiradhavid298@gmail.com,(38) 99228-4328,SIM,Nivelamento de Física - Assinatura,active,CIAGA,DAVI CARDOSO RIBEIRO DOS SANTOS,113751-9,604,SÃO PAULO,205,07/09/2008,0.91,contained_tokens,NAO
34244,39614038,João Pinheiro,joaogvspinheiro@gmail.com,(24) 99933-2464,NÃO,Nenhum,expired,CIAGA,JOÃO MANOEL PINHEIRO ROCHA,104470-0,21,PORTO ALEGRE,290,30/12/2008,0.91,contained_tokens,NAO
34345,38998243,Guilherme Lima,guilhermebarboza1963@gmail.com,(21) 96527-1595,NÃO,Nenhum,expired,CIAGA,GUILHERME CARREIRO LIMA PEREIRA,100074-0,668,RIO DE JANEIRO,200,07/08/2008,0.91,contained_tokens,NAO
34468,38361956,Pablo Henrique,phvaladares4537@gmail.com,(61) 99819-4724,NÃO,Nenhum,expired,CIAGA,PAULO HENRIQUE VARGAS TESCH,112701-1,317,PORTO ALEGRE,225,17/07/2008,0.91,contained_tokens,NAO
34694,37607022,Christian Santos,christian26ncs@gmail.com,(62) 99165-4576,NÃO,Nenhum,expired,CIAGA,CHRISTIAN GERALDO DOS SANTOS DUARTE,110063-6,780,RIO DE JANEIRO,200,04/05/2008,0.91,contained_tokens,NAO
32752,42321459,Gabriel Mauri,gabriel.mauri789@gmail.com,(19) 99795-4921,SIM,"Nivelamento de Matemática - Assinatura, Nivelamento de Física - Assinatura",active,CIAGA,GABRIEL MARIA DANTAS ROCHA,102500-7,250,RIO DE JANEIRO,235,19/02/2008,0.91,contained_tokens,NAO
34608,37774673,Davi Dos Santos,davipedrosps@gmail.com,(21) 99776-8405,NÃO,Nenhum,expired,CIAGA,DAVI CARDOSO RIBEIRO DOS SANTOS,113751-9,604,SÃO PAULO,205,07/09/2008,0.91,contained_tokens,NAO
164508,44916816,Ana Souza,anacarlademouradesouzax@gmail.com,(91) 98277-0313,SIM,"Nivelamento de Matemática - Assinatura, Curso de Oficial: EFOMM, AFA e Escola Naval - Assinatura, Nivelamento de Física - Assinatura",active,CIAGA,ANA CAROLINA PIRES SOUZA,103852-9,63,RIO DE JANEIRO,265,30/05/2007,0.91,contained_tokens,NAO
34589,37819094,Pedro Borges,borges.pzp@gmail.com,(34) 99631-8563,NÃO,Nenhum,expired,CIAGA,PEDRO VERGUEIRO BORGES PEREIRA,104386-2,234,SÃO PAULO,240,18/10/2006,0.91,contained_tokens,NAO
34322,39199526,Pedro Gabriel,pedringb07@gmail.com,(21) 98300-2185,NÃO,Nenhum,expired,CIAGA,PEDRO ARIEL DORNELA PEIXOTO,103621-6,50,BELO HORIZONTE,275,03/12/2005,0.91,contained_tokens,NAO
35161,36935534,Vitor Costa,bbbbbe.vieira@gmail.com,(31) 98501-0027,NÃO,Nenhum,expired,CIAGA,LUAN VITOR DE SANTANA DA COSTA,104236-8,272,RIO DE JANEIRO,235,18/02/2005,0.91,contained_tokens,NAO
35234,36760006,Guilherme Mello,chefeusuario74@gmail.com,(21) 97990-1929,NÃO,Nenhum,expired,CIAGA,GUILHERME TOLEDO BEZERRA DE MELLO,104959-4,345,PORTO ALEGRE,225,24/10/2008,0.91,contained_tokens,NAO
35310,36631654,Jean Filipe,ajjv.jean@gmail.com,(21) 97572-4740,NÃO,Nenhum,expired,CIAGA,JEAN FELIPE ALVES DE OLIVEIRA,109337-6,624,RIO DE JANEIRO,205,28/12/2006,0.91,contained_tokens,NAO
36868,33572376,Joao Pereira,trioaprovado@gmail.com,(21) 98756-0205,NÃO,Nenhum,expired,CIAGA,JOÃO VICTOR PEREIRA DOS SANTOS,107607-4,462,RIO DE JANEIRO,215,07/02/2006,0.91,contained_tokens,NAO
35047,37096459,Igor Silva,igor735bx@gmail.com,(12) 99670-9877,NÃO,Nenhum,expired,CIAGA,HIGOR MACEDO MAIA DA SILVA,105673-5,735,RIO DE JANEIRO,200,17/03/2009,0.91,contained_tokens,NAO
35246,36739310,Lucas Ferreira,bandlucas10@gmail.com,(63) 99953-0045,NÃO,Nenhum,expired,CIAGA,LUCAS AUGUSTO RODRIGUES PEREIRA,101398-9,120,RIO DE JANEIRO,245,28/09/2005,0.91,contained_tokens,NAO
35591,36371676,Ana Oliveira,03oliveira27ana@gmail.com,(21) 98841-7827,NÃO,Nenhum,expired,CIAGA,ANA BEATRIZ DE OLIVEIRA LIMA,101754-1,466,RIO DE JANEIRO,215,16/09/2006,0.91,contained_tokens,NAO
35808,36322798,Marco Antonio,marcomuaythai2008@gmail.com,(12) 99208-5416,NÃO,Nenhum,expired,CIAGA,MARCOS ANTONIO CORDEIRO FARIAS,103523-0,79,RIO DE JANEIRO,260,10/05/2007,0.91,contained_tokens,NAO
35703,36324906,João Gomes,joaonetogf1@gmail.com,(68) 98422-7913,NÃO,Nenhum,expired,CIAGA,JOÃO PEDRO GOMES GONÇALVES,104427-5,289,SÃO PAULO,230,13/10/2003,0.91,contained_tokens,NAO
35514,36436776,Pedro Pires,piresmec18@gmail.com,(32) 98444-8845,NÃO,Nenhum,expired,CIAGA,PEDRO MARIANO CARDOSO PERES,100295-6,430,BRASÍLIA,220,25/08/2007,0.91,contained_tokens,NAO
35605,36365674,Pedro Paulo,pedropaulomoura05@gmail.com,(21) 98840-7160,NÃO,Nenhum,expired,CIAGA,PEDRO DE PAULA EVENCIO DE CARVALHO,100646-3,402,SÃO PAULO,220,19/08/2005,0.91,contained_tokens,NAO
36050,35818010,Gabrielle Rocha,gabi.rocha1604@gmail.com,(21) 97296-7020,NÃO,Nenhum,expired,CIAGA,GABRIEL MARIA DANTAS ROCHA,102500-7,250,RIO DE JANEIRO,235,19/02/2008,0.91,contained_tokens,NAO
36190,35444854,Gabriel Vieira,gabriel.afonso017@gmail.com,(24) 99927-2730,NÃO,Nenhum,expired,CIAGA,GABRIEL BORGES DA SILVA VIEIRA,105782-6,392,VITÓRIA,220,09/09/2006,0.91,contained_tokens,NAO
32147,42915853,Matheus Coelho,naldinhopqddompsa@gmail.com,(21) 97303-0272,SIM,"Nivelamento de Física - Assinatura, Curso de Oficial: EsPCEx - Assinatura, Nivelamento de Matemática - Assinatura",active,CIAGA,ICARO MATEUS FRANCISCONI COELHO,102573-6,754,VITÓRIA,200,18/10/2006,0.91,contained_tokens,NAO
36006,35960236,João Rodrigues,j.alvesneto28@gmail.com,(99) 98259-4997,NÃO,Nenhum,expired,CIAGA,JOAO PEDRO RODRIGUES PINTO,100146-0,570,RIO DE JANEIRO,210,19/11/2008,0.91,contained_tokens,NAO
36143,35593693,Mariana Silva,maryanazicom5@gmail.com,(84) 99109-5126,NÃO,Nenhum,expired,CIAGA,JOÃO VICTOR DA SILVA MARANHA,108507-7,296,RIO DE JANEIRO,230,22/06/2008,0.91,contained_tokens,NAO
36303,34918890,Renzo Da Silva,renzoironmaiden@gmail.com,(21) 98941-8341,NÃO,Nenhum,expired,CIAGA,ENZO DE PAULO DIAS SILVA,112244-8,255,RIO DE JANEIRO,235,05/01/2009,0.91,contained_tokens,SIM
36323,34864492,Arthur Barbosa,arthurfcbarbosa17@gmail.com,(87) 98141-6975,NÃO,Nenhum,expired,CIAGA,ARTHUR RIBEIRO BARBOZA MARTINS,107044-9,757,BRASÍLIA,200,19/06/2006,0.91,contained_tokens,NAO
36353,34822025,Marcos Monteiro,mm6119049@gmail.com,(21) 99581-1839,NÃO,Nenhum,expired,CIAGA,MARCUS VINICIUS MONTEIRO FERRAZ,104926-0,69,BRASÍLIA,265,02/12/2007,0.91,contained_tokens,NAO
32362,42706969,Marcos Silva,marcosvssilvak18@gmail.com,(35) 99935-9353,SIM,"Curso: Turma ESA - Assinatura, Nivelamento de Matemática - Assinatura",active,CIAGA,JOÃO MARCIO SILVA DA CUNHA,101810-6,633,RIO DE JANEIRO,205,18/11/2005,0.91,contained_tokens,NAO
35991,35996458,Mariah Eduarda,bentomarciana298@gmail.com,(21) 98211-9011,NÃO,Nenhum,expired,CIAGA,MARIA EDUARDA FERREIRA DE OLIVEIRA,106340-9,612,RIO DE JANEIRO,205,06/09/2005,0.91,contained_tokens,NAO
31350,43307687,Guilherme Figueiredo,paixaoguilherme2008@gmail.com,(71) 98474-6611,SIM,"Nivelamento de Física - Assinatura, Nivelamento de Matemática - Assinatura, Curso EEAR - Assinatura",active,CIAGA,GUILHERME GRAVINO FIGUEIREDO GONÇALVES,104909-2,435,RIO DE JANEIRO,215,07/07/2006,0.91,contained_tokens,NAO
35568,36388650,Guilherme Lima,guilhermecrf3@gmail.com,(21) 97150-6944,SIM,"Curso de Oficial: EFOMM, AFA e Escola Naval - Assinatura, Nivelamento de Física - Assinatura, Nivelamento de Matemática - Assinatura","active, expired",CIAGA,GUILHERME CARREIRO LIMA PEREIRA,100074-0,668,RIO DE JANEIRO,200,07/08/2008,0.91,contained_tokens,NAO
31251,43324750,Arthur Araújo,arthuraraujovasco@gmail.com,(21) 97027-7913,SIM,"Nivelamento de Física - Assinatura, Curso de Oficial: EsPCEx - Assinatura, Nivelamento de Matemática - Assinatura",active,CIAGA,ARTHUR GABRIEL QUARESMA DE ARAÚJO,100797-6,322,BRASÍLIA,225,12/07/2008,0.91,contained_tokens,NAO
164086,44746514,pedro lima,pedrolyma.2020@gmail.com,(85) 99268-4252,NÃO,Nenhum,sem_assinatura,CIAGA,JOÃO PEDRO ISIDRO DE LIMA,101967-8,591,BRASÍLIA,205,08/04/2008,0.91,contained_tokens,NAO
34794,37466396,André Lucas,al4904420@gmail.com,(84) 98151-9972,SIM,"Curso de Oficial: EFOMM, AFA e Escola Naval - Assinatura, Nivelamento de Matemática - Assinatura, Nivelamento de Física - Assinatura","active, expired",CIAGA,LUCAS ANDRÉ BASTOS DA COSTA,112399-3,177,RIO DE JANEIRO,265,20/10/2007,0.91,contained_tokens,NAO
164736,45135497,Gabriel Peixoto,gabrielpeixotoandrade@gmail.com,(24) 99818-2083,SIM,"Nivelamento de Matemática - Assinatura, Curso: Turma ESA - Assinatura",active,CIAGA,PEDRO ARIEL DORNELA PEIXOTO,103621-6,50,BELO HORIZONTE,275,03/12/2005,0.91,contained_tokens,NAO
165270,45383975,Kauã Silva,danileshakira@gmail.com,(21) 96611-9566,NÃO,Nenhum,sem_assinatura,CIAGA,KAUÃ GONÇALVES CORDEIRO DA SILVA,108243-1,530,RIO DE JANEIRO,210,02/03/2006,0.91,contained_tokens,NAO
31047,43413584,João Marcos,jm8752421@gmail.com,(21) 97082-7760,SIM,"Curso: Turma ESA - Assinatura, Nivelamento de Física - Assinatura, Nivelamento de Matemática - Assinatura, Curso EEAR - Assinatura",active,CIAGA,JOÃO MARCIO SILVA DA CUNHA,101810-6,633,RIO DE JANEIRO,205,18/11/2005,0.91,contained_tokens,NAO
33087,41832189,Wagner Lopes,wagner07lopes@hotmail.com,(55) 98459-1117,SIM,"Nivelamento de Física - Assinatura, Curso de Oficial: EFOMM, AFA e Escola Naval - Assinatura, Nivelamento de Matemática - Assinatura",active,CIAGA,WAGNER EDUARDO LAGUNA LOPES,111839-3,380,PORTO ALEGRE,220,08/07/2005,0.91,contained_tokens,NAO
37655,31143413,João Rodrigues,itsjao26@gmail.com,(21) 99307-5644,NÃO,Nenhum,expired,CIAGA,JOAO PEDRO RODRIGUES PINTO,100146-0,570,RIO DE JANEIRO,210,19/11/2008,0.91,contained_tokens,NAO
33157,41768331,Pedro Rocha,pedro14zsx@gmail.com,(32) 98403-8861,SIM,"Nivelamento de Matemática - Assinatura, Curso de Oficial: EFOMM, AFA e Escola Naval - Assinatura, Nivelamento de Física - Assinatura",active,CIAGA,PEDRO HENRIQUE TOMÁS DA ROCHA,105611-0,15,RIO DE JANEIRO,295,26/11/2009,0.91,contained_tokens,NAO
33364,41678874,Lucas Almeida,lukinharepossi@gmail.com,(21) 97528-3363,SIM,"Nivelamento de Física - Assinatura, Curso de Oficial: EsPCEx - Assinatura, Nivelamento de Matemática - Assinatura",active,CIAGA,KAIO LUCAS MIRANDA DE ALMEIDA,100308-6,212,BELO HORIZONTE,250,23/05/2008,0.91,contained_tokens,NAO
143665,44565472,ANA SOUZA,ana02ssouza@gmail.com,(32) 98813-1350,SIM,Nivelamento de Matemática - Assinatura,active,CIAGA,ANA CAROLINA PIRES SOUZA,103852-9,63,RIO DE JANEIRO,265,30/05/2007,0.91,contained_tokens,NAO
143666,44569207,Eduarda Pereira,eduardape05@gmail.com,(51) 99785-6650,NÃO,Nenhum,sem_assinatura,CIAGA,MARIA EDUARDA FERREIRA DE OLIVEIRA,106340-9,612,RIO DE JANEIRO,205,06/09/2005,0.91,contained_tokens,NAO
33910,40545712,Mário Silva,mariofernandodasilva08@gmail.com,(91) 99249-4986,NÃO,Nenhum,expired,CIAGA,JOÃO MARCIO SILVA DA CUNHA,101810-6,633,RIO DE JANEIRO,205,18/11/2005,0.91,contained_tokens,NAO
36357,34820104,luis fillipe,luisfillipe2203@gmail.com,(21) 99087-9745,NÃO,Nenhum,expired,CIAGA,LUIS FILIPE MACIEL GOMES,105247-8,83,RIO DE JANEIRO,260,20/06/2006,0.91,contained_tokens,NAO
38413,29125233,Lucas Ferreira,lucasgarciaferreira773@gmail.com,(21) 99441-0956,NÃO,Nenhum,expired,CIAGA,LUCAS AUGUSTO RODRIGUES PEREIRA,101398-9,120,RIO DE JANEIRO,245,28/09/2005,0.91,contained_tokens,NAO
33911,40542434,Anna Letícia,annafariass2008@gmail.com,(21) 99160-8218,NÃO,Nenhum,expired,CIAGA,ANA LETÍCIA MARQUES DA SILVA,103012-1,577,RIO DE JANEIRO,210,27/02/2008,0.91,contained_tokens,NAO
36252,35157837,Lucas Ferreira,lucasfs.pqt@gmail.com,(12) 99177-1660,SIM,Nivelamento de Física - Assinatura,active,CIAGA,LUCAS AUGUSTO RODRIGUES PEREIRA,101398-9,120,RIO DE JANEIRO,245,28/09/2005,0.91,contained_tokens,NAO
36176,35485522,Bernardo De Andrade,andradebernardo06@gmail.com,(21) 99765-6917,NÃO,Nenhum,expired,CIAGA,BERNARDO RIBEIRO LEDA DE ANDRADE,107281-5,509,RIO DE JANEIRO,210,25/12/2005,0.91,contained_tokens,NAO
104361,44061788,marcos vinnicius,vinnicius0409@gmail.com,(21) 97959-8785,NÃO,Nenhum,sem_assinatura,CIAGA,MARCOS VINÍCIUS MELANDA COSTA,108625-6,793,RIO DE JANEIRO,200,16/02/2006,0.91,contained_tokens,NAO
31349,43307713,Gabriela Araújo,gabrielaaraujo1106@gmail.com,(84) 99612-5643,NÃO,Nenhum,sem_assinatura,CIAGA,ARTHUR GABRIEL QUARESMA DE ARAÚJO,100797-6,322,BRASÍLIA,225,12/07/2008,0.91,contained_tokens,SIM
30549,43640532,Vinicius Alves,viniciusalves069@gmail.com,(21) 98950-4690,SIM,Nivelamento de Matemática - Assinatura,active,CIAGA,MARCUS VINICIUS SALES DE ALMEIDA,109688-4,107,PARANAGUÁ,250,16/06/2009,0.91,contained_tokens,NAO
85522,43751138,Gabriela Coelho,scgabi515@gmail.com,(24) 99208-7226,NÃO,Nenhum,sem_assinatura,CIAGA,GABRIEL LIMA DA SILVA COELHO,107760-8,789,RIO DE JANEIRO,200,13/02/2006,0.91,contained_tokens,NAO
85509,43750964,Pedro Cabral,pedrocabral.reis@gmail.com,(21) 97106-4407,NÃO,Nenhum,sem_assinatura,CIAGA,JOÃO PEDRO MEDEIROS CABRAL,101155-3,581,RIO DE JANEIRO,210,06/03/2007,0.91,contained_tokens,NAO
39642,43644259,Gabriela Araújo,jussaraaraujo1726@gmail.com,(84) 99188-1661,SIM,"Nivelamento de Física - Assinatura, Curso de Oficial: EFOMM, AFA e Escola Naval - Assinatura, Nivelamento de Matemática - Assinatura",active,CIAGA,ARTHUR GABRIEL QUARESMA DE ARAÚJO,100797-6,322,BRASÍLIA,225,12/07/2008,0.91,contained_tokens,NAO
30802,43439819,gustavo de melo,gmm.santos@hotmail.com,(21) 3258,NÃO,Nenhum,sem_assinatura,CIAGA,GUSTAVO NOVAES DE MELLO OLIVEIRA,100930-6,656,RIO DE JANEIRO,205,29/10/2005,0.91,contained_tokens,NAO
30623,43555122,Arthur Costa,espcexarcanjo@gmail.com,(21) 99996-7709,SIM,"Nivelamento de Física - Assinatura, Nivelamento de Matemática - Assinatura, Curso de Oficial: EsPCEx - Assinatura",active,CIAGA,ARTHUR DO AMARAL FERREIRA COSTA,104662-5,755,RIO DE JANEIRO,200,11/08/2006,0.91,contained_tokens,NAO
30748,43442456,Pedro.souz,pedrokawan061122@gmail.com,(81) 98834-7992,NÃO,Nenhum,sem_assinatura,CIAGA,PEDRO SANTOS AMARAL DE SOUZA,109705-1,43,RIO DE JANEIRO,280,26/10/2006,0.91,contained_tokens,NAO
30779,43440595,Pedro Cruz,pedrophcruz8@gmail.com,(21) 96939-8049,NÃO,Nenhum,sem_assinatura,CIAGA,PEDRO HENRIQUE DA CRUZ ESTRADA,101139-3,455,RIO DE JANEIRO,215,28/11/2008,0.91,contained_tokens,NAO
33881,40579080,Julia Coelho,juliacoe2@outlook.com,(92) 98104-6890,SIM,"Curso de Oficial: EFOMM, AFA e Escola Naval - Assinatura, Nivelamento de Física - Assinatura, Nivelamento de Matemática - Assinatura",active,CIAGA,ANA JÚLIA NASCIMENTO COELHO,103839-3,545,RIO DE JANEIRO,210,03/07/2008,0.91,contained_tokens,NAO
104402,44053780,João Gomes,jpgomesdacosta77145@gmail.com,(91) 98208-1804,NÃO,Nenhum,sem_assinatura,CIAGA,JOÃO PEDRO GOMES GONÇALVES,104427-5,289,SÃO PAULO,230,13/10/2003,0.91,contained_tokens,NAO
33456,41627033,João Vitor69,sousajoao2804@gmail.com,(86) 99583-7990,SIM,"Curso de Oficial: EsPCEx - Assinatura, Nivelamento de Física - Assinatura, Nivelamento de Matemática - Assinatura",active,CIAGA,JOAO VITOR VALENTE MARQUES,106460-4,267,RIO DE JANEIRO,235,08/05/2007,0.91,contained_tokens,NAO
31733,43188979,Arthur Câmara,aarthurnasc@gmail.com,(84) 98855-1848,NÃO,Nenhum,sem_assinatura,CIAGA,ARTHUR DO AMARAL FERREIRA COSTA,104662-5,755,RIO DE JANEIRO,200,11/08/2006,0.91,contained_tokens,NAO
37312,31987148,Augusto Cezar,augustocezar018@gmail.com,(88) 99927-1542,SIM,"Nivelamento de Inglês - Assinatura, Nivelamento de Física - Assinatura, Nivelamento de Matemática - Assinatura, Curso de Oficial: EFOMM, AFA e Escola Naval - Assinatura",active,CIAGA,AUGUSTO CESAR COSTA DIAS,104382-0,286,BELO HORIZONTE,230,16/06/2009,0.91,contained_tokens,NAO
32710,42490248,Lucas Pinheiro,kuka.pinheiro07@gmail.com,(51) 99997-4430,SIM,Nivelamento de Física - Assinatura,active,CIAGA,LUCAS HENRIQUES COSTA PINHEIRO,112489-0,304,RIO DE JANEIRO,230,20/04/2009,0.91,contained_tokens,NAO
32535,42638725,João Rodrigues,joao.lopes.rodrigues2@gmail.com,(96) 99147-4700,SIM,"Curso de Oficial: EFOMM, AFA e Escola Naval - Assinatura, Nivelamento de Matemática - Assinatura, Nivelamento de Física - Assinatura",active,CIAGA,JOAO PEDRO RODRIGUES PINTO,100146-0,570,RIO DE JANEIRO,210,19/11/2008,0.91,contained_tokens,NAO
32690,42525753,Lucas Almeida,lucasalmeidapf30@gmail.com,(21) 98131-8069,SIM,Nivelamento de Matemática - Assinatura,active,CIAGA,KAIO LUCAS MIRANDA DE ALMEIDA,100308-6,212,BELO HORIZONTE,250,23/05/2008,0.91,contained_tokens,NAO
32845,42078457,Caio sousa,caiosousa3157@gmail.com,(21) 98254-3278,SIM,"Nivelamento de Matemática - Assinatura, Nivelamento de Física - Assinatura, Curso de Oficial: EFOMM, AFA e Escola Naval - Assinatura",active,CIAGA,DANIEL VINHAS CAIRO DE SOUSA,108278-1,674,RIO DE JANEIRO,200,08/11/2005,0.91,contained_tokens,NAO
30554,43638291,Lucas Ferreira,canaldolucas2010@gmail.com,(21) 98254-4265,SIM,"Curso de Oficial: EPCAR - Assinatura, Nivelamento de Física - Assinatura, Nivelamento de Matemática - Assinatura",active,CIAGA,LUCAS AUGUSTO RODRIGUES PEREIRA,101398-9,120,RIO DE JANEIRO,245,28/09/2005,0.91,contained_tokens,NAO
34195,39866617,Pedro Brasil,phpedrobrasil7@gmail.com,(21) 96762-5924,NÃO,Nenhum,expired,CIAGA,PEDRO HENRIQUE AZEVEDO DO BRASIL,109080-2,89,RIO DE JANEIRO,255,07/05/2008,0.91,contained_tokens,NAO
34098,40008873,Lucas Soares,lucassoarestelles517@gmail.com,(22) 99802-1117,NÃO,Nenhum,expired,CIAGA,LUCAS HENRIQUE GOMES SOARES,109145-0,366,BELO HORIZONTE,220,10/09/2008,0.91,contained_tokens,NAO
33035,41898643,Gabriel Rocha,gr1525128@gmail.com,(67) 99604-7613,SIM,"Nivelamento de Física - Assinatura, Curso de Oficial: EsPCEx - Assinatura, Nivelamento de Matemática - Assinatura",active,CIAGA,GABRIEL MARIA DANTAS ROCHA,102500-7,250,RIO DE JANEIRO,235,19/02/2008,0.91,contained_tokens,NAO
35472,36473883,Davi Zandoná,daviaugustozp@gmail.com,(67) 99943-9422,SIM,"Nivelamento de Matemática - Assinatura, Nivelamento de Inglês - Assinatura, Nivelamento de Física - Assinatura, Curso: Turma ESA - Assinatura, Mentoria do Arcanjo - Matemática, Curso de Oficial: EPCAR - Assinatura, Curso de Oficial: EFOMM, AFA e Escola Naval - Assinatura, Live Nivelamento de Fisíca, Curso EEAR - Assinatura, Curso de Oficial: EsPCEx - Assinatura, Curso de Matemática ESA + Nivela Mat - Assinatura, Curso de Matemática ESA - Assinatura",active,CIAGA,DAVI AUGUSTO ZANDONÁ PEREIRA,100218-0,626,PORTO ALEGRE,205,16/10/2007,0.91,contained_tokens,SIM
34571,37871989,Luiz Rodrigues,marcloxsvinicios@gmail.com,(71) 9674,NÃO,Nenhum,expired,CIAGA,ANDRE LUIZ CAVALCANTI RODRIGUES,106029-1,607,RIO DE JANEIRO,205,11/11/2004,0.91,contained_tokens,NAO
34781,37478272,Pedro Maués,pedromauesmilem@gmail.com,(85) 98418-9503,NÃO,Nenhum,expired,CIAGA,JOÃO PEDRO DOMINGOS MARQUES,104141-0,76,BELO HORIZONTE,260,13/11/2006,0.91,contained_tokens,NAO
104688,43910632,Christian Santos,matheuzesantos@gmail.com,(16) 99790-9149,SIM,"Nivelamento de Física - Assinatura, Curso EEAR - Assinatura, Nivelamento de Matemática - Assinatura",active,CIAGA,CHRISTIAN GERALDO DOS SANTOS DUARTE,110063-6,780,RIO DE JANEIRO,200,04/05/2008,0.91,contained_tokens,NAO
33261,41714042,Alexandre Júnior,alexandrejrsilva603@gmail.com,(86) 98177-9234,SIM,"Curso de Oficial: EFOMM, AFA e Escola Naval - Assinatura, Nivelamento de Física - Assinatura, Nivelamento de Matemática - Assinatura",active,CIAGA,ALEXANDRE LIMA DE SOUSA JUNIOR,100135-5,372,RIO DE JANEIRO,220,04/08/2005,0.91,contained_tokens,NAO
34260,39522965,Felipe Nobrega,felipe.nobrega77@gmail.com,(61) 98284-8010,NÃO,Nenhum,expired,CIAGA,FELIPE VIANA DA NÓBREGA CAMPOS,109523-2,652,RIO DE JANEIRO,205,26/12/2007,0.91,contained_tokens,NAO
34369,38882497,Pedro Souza,pedrojiu123@gmail.com,(19) 99601-4164,SIM,"Nivelamento de Matemática - Assinatura, Nivelamento de Física - Assinatura, Curso de Oficial: EFOMM, AFA e Escola Naval - Assinatura","active, expired",CIAGA,PEDRO SANTOS AMARAL DE SOUZA,109705-1,43,RIO DE JANEIRO,280,26/10/2006,0.91,contained_tokens,NAO
34728,37529465,Carlos Neto,carlosgccmilk@gmail.com,(84) 99157-4348,NÃO,Nenhum,expired,CIAGA,CARLOS ALBERTO DE SOUZA NETO,104927-9,28,SÃO PAULO,285,18/06/2003,0.91,contained_tokens,NAO
34527,38071777,Joao Carvalho,j.v.nunescarvalho@gmail.com,(35) 99856-9254,NÃO,Nenhum,expired,CIAGA,JOÃO GABRIEL DE CARVALHO ARRUDA,108281-0,785,RIO DE JANEIRO,200,25/10/2004,0.91,contained_tokens,NAO
35155,36954719,Pedro Moreira,pedromoreira10072006@gmail.com,(21) 97910-1283,NÃO,Nenhum,expired,CIAGA,PEDRO HENRIQUE MOREIRA COELHO,108734-7,525,RIO DE JANEIRO,210,21/06/2008,0.91,contained_tokens,NAO
35282,36637726,Mateus Nunes,mpn2007ff@gmail.com,(11) 98418-2272,NÃO,Nenhum,expired,CIAGA,MATHEUS NUNES SOARES SILVA,111176-5,774,BRASÍLIA,200,15/07/2008,0.91,contained_tokens,NAO
35467,36477967,Gabriel Araújo,gabri3l.4raujo@outlook.com,(21) 97265-0607,NÃO,Nenhum,expired,CIAGA,ARTHUR GABRIEL QUARESMA DE ARAÚJO,100797-6,322,BRASÍLIA,225,12/07/2008,0.91,contained_tokens,NAO
34877,37421256,Vitor De Oliveira,victordias775@gmail.com,(21) 97502-0502,NÃO,Nenhum,expired,CIAGA,JOÃO VICTOR FERNANDES OLIVEIRA,102236-7,47,SÃO PAULO,275,03/12/2004,0.91,contained_tokens,SIM
104478,44052253,Vitor Santos,vitorpele12345@gmail.com,(54) 99615-1313,NÃO,Nenhum,sem_assinatura,CIAGA,VITOR LUCAS ALVES DOS SANTOS,103440-5,446,SÃO PAULO,215,22/04/2007,0.91,contained_tokens,NAO
35538,36419969,Luccas Pinheiro,luccasmaximus6@gmail.com,(21) 98398-1428,NÃO,Nenhum,expired,CIAGA,LUCAS HENRIQUES COSTA PINHEIRO,112489-0,304,RIO DE JANEIRO,230,20/04/2009,0.91,contained_tokens,NAO
35617,36361228,Miguel Santana,guelsn4@gmail.com,(21) 99324-0357,NÃO,Nenhum,expired,CIAGA,MIGUEL LOPES SILVA DE SANTANA,104606-0,252,RIO DE JANEIRO,235,12/07/2007,0.91,contained_tokens,NAO
35429,36524812,Lucas De Souza,lucassouzalopes9299@gmail.com,(79) 99814-2421,NÃO,Nenhum,expired,CIAGA,JOÃO LUCAS SOUZA FRANÇA,108259-7,136,BRASÍLIA,235,10/04/2007,0.91,contained_tokens,NAO
133683,44340269,Gustavo Santos,gustavoms9660@gmail.com,(13) 99781-3016,SIM,"Nivelamento de Matemática - Assinatura, Nivelamento de Física - Assinatura",active,CIAGA,LUIZ GUSTAVO DOS SANTOS DE OLIVEIRA,100751-1,311,RIO DE JANEIRO,225,21/08/2007,0.91,contained_tokens,NAO
104515,44050104,Kauan silva,kawansilvarocha021@gmail.com,(21) 96548-4605,NÃO,Nenhum,sem_assinatura,CIAGA,KAUÃ GONÇALVES CORDEIRO DA SILVA,108243-1,530,RIO DE JANEIRO,210,02/03/2006,0.91,contained_tokens,NAO
38979,24393252,Felipe Gomes,felipe.gomesslourenco@gmail.com,(81) 98354-9921,SIM,Live Nivelamento de Fisíca,"active, expired",CIAGA,LUIS FILIPE MACIEL GOMES,105247-8,83,RIO DE JANEIRO,260,20/06/2006,0.91,contained_tokens,NAO
144001,44386278,Matheus Fernandes,mfg7413@gmail.com,(21) 99844-1286,SIM,"Nivelamento de Física - Assinatura, Curso de Oficial: EsPCEx - Assinatura, Nivelamento de Matemática - Assinatura",active,CIAGA,FERNANDO MATHEUS DE JESUS SANTAREM,100032-8,271,RIO DE JANEIRO,235,17/03/2007,0.91,contained_tokens,NAO
104583,44026067,Kauã Ferreira,kauafs200326@gmail.com,(21) 97929-9433,SIM,"Nivelamento de Matemática - Assinatura, Curso: Turma ESA - Assinatura",active,CIAGA,KAUÃ TELES PEREIRA DE PAIVA,101427-9,160,RIO DE JANEIRO,215,17/12/2008,0.91,contained_tokens,NAO
104689,43911999,Gustavo Enrique,ge6077794@gmail.com,(83) 99925-4912,NÃO,Nenhum,sem_assinatura,CIAGA,GUSTAVO HENRIQUE RIBEIRO DE SALLES,105069-1,35,SÃO PAULO,280,09/09/2005,0.91,contained_tokens,NAO
104684,43912000,Gustavo Enrique,olelinhadenenem@gmail.com,(83) 99925-4912,NÃO,Nenhum,sem_assinatura,CIAGA,GUSTAVO HENRIQUE RIBEIRO DE SALLES,105069-1,35,SÃO PAULO,280,09/09/2005,0.91,contained_tokens,NAO
104635,43968052,Ana Luísa,analuisadacostasousa@gmail.com,(91) 98279-2682,NÃO,Nenhum,sem_assinatura,CIAGA,ANA LUIZA BRAGA PATARO,106552-7,741,RIO DE JANEIRO,200,01/10/2007,0.91,contained_tokens,NAO
30957,43432579,João Gomes,joaopedrogomesdacosta89155@gmail.com,(91) 98208-1804,NÃO,Nenhum,sem_assinatura,CIAGA,JOÃO PEDRO GOMES GONÇALVES,104427-5,289,SÃO PAULO,230,13/10/2003,0.91,contained_tokens,SIM
104621,43981814,Luiz Felipi,luis.albuquerqueozaro@gmail.com,(21) 95904-4113,NÃO,Nenhum,expired,CIAGA,LUIZ FELIPE ARAUJO MORAIS,104841-0,614,RIO DE JANEIRO,205,10/01/2004,0.91,contained_tokens,NAO
39643,43645367,Miguel Duarte,miguelmachadoduarte0307@gmail.com,(21) 96496-3013,SIM,"Nivelamento de Matemática - Assinatura, Curso EEAR - Assinatura, Nivelamento de Física - Assinatura",active,CIAGA,MIGUEL ANGELO DUARTE COSTA,109873-2,471,RIO DE JANEIRO,215,01/02/2007,0.91,contained_tokens,NAO
32340,42721860,Gabriel Coelho,gabrielcoelho9667@gmail.com,(21) 98617-7056,SIM,"Nivelamento de Matemática - Assinatura, Nivelamento de Física - Assinatura, Curso de Oficial: EFOMM, AFA e Escola Naval - Assinatura",active,CIAGA,GABRIEL LIMA DA SILVA COELHO,107760-8,789,RIO DE JANEIRO,200,13/02/2006,0.91,contained_tokens,NAO
35609,36367383,Júnior Oliveira,lplojunior29@gmail.com,(21) 97234-6042,SIM,"Curso de Oficial: EFOMM, AFA e Escola Naval - Assinatura, Nivelamento de Matemática - Assinatura, Nivelamento de Física - Assinatura","active, expired",CIAGA,ALLINSON OLIVEIRA DE VASCONCELOS JÚNIOR,108870-2,240,BRASÍLIA,240,09/07/2007,0.91,contained_tokens,NAO
34486,38235108,Marcos Silva,marcosviniciusgtr4@gmail.com,(96) 99170-7118,NÃO,Nenhum,expired,CIAGA,JOÃO MARCIO SILVA DA CUNHA,101810-6,633,RIO DE JANEIRO,205,18/11/2005,0.91,contained_tokens,NAO
133416,44090618,Arthur Quaresma,arthurqma.focus@gmail.com,(21) 96787-1509,SIM,Nivelamento de Matemática - Assinatura,active,CIAGA,ARTHUR GABRIEL QUARESMA DE ARAÚJO,100797-6,322,BRASÍLIA,225,12/07/2008,0.91,contained_tokens,NAO
36502,34689039,Thiago Oliveira,thiago007juniorlp@gmail.com,(81) 99921-8551,NÃO,Nenhum,expired,CIAGA,THIAGO MARTINS DE OLIVEIRA PUPO,104030-3,171,SÃO PAULO,265,20/10/2007,0.91,contained_tokens,NAO
104502,44050407,Luiz Gabriel,lbrocagoncalvesdasilva@gmail.com,(12) 99720-2729,NÃO,Nenhum,sem_assinatura,CIAGA,GABRIEL HENRIQUE LUIZ DO NASCIMENTO,102718-4,547,SÃO PAULO,210,16/04/2007,0.91,contained_tokens,NAO
144045,44516204,Gustavo Luiz,gustavolmarqueso@gmail.com,(84) 99439-1498,SIM,Nivelamento de Matemática - Assinatura,active,CIAGA,LUIZ GUSTAVO DOS SANTOS DE OLIVEIRA,100751-1,311,RIO DE JANEIRO,225,21/08/2007,0.91,contained_tokens,NAO
144069,44470011,Guilherme Luis,rain7bo3w@gmail.com,(21) 96647-5884,SIM,"Nivelamento de Física - Assinatura, Nivelamento de Matemática - Assinatura, Curso EEAR - Assinatura",active,CIAGA,LUIS GUILHERME ALVES BRITO,101352-4,501,RIO DE JANEIRO,215,10/05/2004,0.91,contained_tokens,NAO
36518,34666551,Ana Oliveira,oliveira03oliveira27ana@gmail.com,(21) 98841-7827,NÃO,Nenhum,expired,CIAGA,ANA BEATRIZ DE OLIVEIRA LIMA,101754-1,466,RIO DE JANEIRO,215,16/09/2006,0.91,contained_tokens,NAO
36623,34453454,Gabriel Ribeiro,gabrielsiqueiraribeiro13@gmail.com,(83) 98193-0025,NÃO,Nenhum,expired,CIAGA,GABRIEL DE OLIVEIRA DA SILVA RIBEIRO,100024-8,672,RIO DE JANEIRO,200,29/03/2007,0.91,contained_tokens,NAO
36847,33600896,Rocha Joseph,ericjesus636@gmail.com,(31) 99805-4848,NÃO,Nenhum,expired,CIAGA,JOSÉ EDUARDO FERNANDES ROCHA,107921-6,199,BELO HORIZONTE,255,06/02/2003,0.91,contained_tokens,NAO
36722,34140237,Isaac Santos,isaacsan625@gmail.com,(86) 99569-6907,NÃO,Nenhum,expired,CIAGA,ISAAC NUNES COELHO DOS SANTOS,101337-2,673,RIO DE JANEIRO,200,24/03/2008,0.91,contained_tokens,NAO
36579,34518930,Lucas Franco,papirosinistro24@gmail.com,(24) 99868-9127,NÃO,Nenhum,expired,CIAGA,JOÃO LUCAS SOUZA FRANÇA,108259-7,136,BRASÍLIA,235,10/04/2007,0.91,contained_tokens,NAO
36592,34508445,Lucas Vieira,zzcansadozz@gmail.com,(11) 94914-3683,NÃO,Nenhum,expired,CIAGA,LUCAS COSTA VIEIRA COUTINHO,108322-3,138,BRASÍLIA,235,12/11/2008,0.91,contained_tokens,NAO
36746,34024158,Eduardo Da Silva,papirofirme2013@gmail.com,(21) 98888-3293,NÃO,Nenhum,expired,CIAGA,NYCOLLAS EDUARDO MOTA DA SILVA,101581-0,648,RIO DE JANEIRO,205,16/04/2004,0.91,contained_tokens,NAO
36704,34229439,Jonathan Da Silva,gemado113@gmail.com,(21) 97569-0968,NÃO,Nenhum,expired,CIAGA,JONATHAN ALEXANDRO GOMES DA SILVA,105844-0,247,RIO DE JANEIRO,240,29/05/2006,0.91,contained_tokens,NAO
36552,34580577,Henrique Ferreira,henriqueferreira13878@gmail.com,(21) 99096-0740,NÃO,Nenhum,expired,CIAGA,ARTHUR HENRIQUE DA CUNHA PEREIRA,104357-1,341,SÃO PAULO,225,13/01/2007,0.91,contained_tokens,NAO
37006,32910792,Guilherme Martins,guilhermemartinsooliveira@gmail.com,(21) 96487-9306,NÃO,Nenhum,expired,CIAGA,GUILHERME ESTEVÃO MARTINS PIMENTA,101774-4,36,SÃO PAULO,280,24/05/2006,0.91,contained_tokens,NAO
37074,32652716,Thiago Oliveira,thiagooliveira00junior@gmail.com,(81) 99921-8551,NÃO,Nenhum,expired,CIAGA,THIAGO MARTINS DE OLIVEIRA PUPO,104030-3,171,SÃO PAULO,265,20/10/2007,0.91,contained_tokens,NAO
36732,34110568,Pedro Souza,pedrosls07@gmail.com,(21) 96558-7474,NÃO,Nenhum,expired,CIAGA,PEDRO SANTOS AMARAL DE SOUZA,109705-1,43,RIO DE JANEIRO,280,26/10/2006,0.91,contained_tokens,NAO
37022,32878241,Filipe Da Silva,sgtfilipe1@gmail.com,(11) 94749-7647,NÃO,Nenhum,expired,CIAGA,FELIPE WYZYKOWSKI RIBEIRO E SILVA,110472-5,759,CORUMBÁ,200,05/03/2009,0.91,contained_tokens,NAO
37054,32772993,André Andrade,du10infa@gmail.com,(21) 97707-6210,NÃO,Nenhum,expired,CIAGA,ANDRÉ LUIZ MELO DE ANDRADE,106359-9,100,RIO DE JANEIRO,250,05/04/2005,0.91,contained_tokens,NAO
36957,33120910,Pedro Domingues,pedrofilipe789ppp@gmail.com,(21) 98524-1123,NÃO,Nenhum,expired,CIAGA,JOÃO PEDRO DOMINGOS MARQUES,104141-0,76,BELO HORIZONTE,260,13/11/2006,0.91,contained_tokens,NAO
37327,31952720,Luan Costa,luansk8ct@gmail.com,(21) 99224-5193,NÃO,Nenhum,expired,CIAGA,LUAN VITOR DE SANTANA DA COSTA,104236-8,272,RIO DE JANEIRO,235,18/02/2005,0.91,contained_tokens,NAO
37346,31906739,Beatriz Oliveira,boba_11_lola@hotmail.com,(21) 97350-4625,NÃO,Nenhum,expired,CIAGA,ANA BEATRIZ DE OLIVEIRA LIMA,101754-1,466,RIO DE JANEIRO,215,16/09/2006,0.91,contained_tokens,NAO
37359,31874780,Miguel Costa,miguel.moras.costa@outlook.com,(21) 97622-9580,NÃO,Nenhum,expired,CIAGA,MIGUEL ANGELO DUARTE COSTA,109873-2,471,RIO DE JANEIRO,215,01/02/2007,0.91,contained_tokens,NAO
37423,31677808,Victor Santos,victorwizkhalifa16@yahoo.com,(21) 98243-7114,NÃO,Nenhum,expired,CIAGA,VITOR LUCAS ALVES DOS SANTOS,103440-5,446,SÃO PAULO,215,22/04/2007,0.91,contained_tokens,NAO
37684,31102736,Fernanda Santos,fernandadossantossilva38@gmail.com,(94) 99135-6709,NÃO,Nenhum,expired,CIAGA,FERNANDO ELIAS DOS SANTOS JUNIOR,108497-1,444,SÃO PAULO,215,16/05/2005,0.91,contained_tokens,NAO
37766,30981292,Pedro Gabriel,starkgump@gmail.com,(21) 97428-9869,SIM,"Nivelamento de Matemática - Assinatura, Curso: Turma ESA - Assinatura",active,CIAGA,PEDRO ARIEL DORNELA PEIXOTO,103621-6,50,BELO HORIZONTE,275,03/12/2005,0.91,contained_tokens,NAO
37917,30751623,Tiago De Oliveira,tmaiasantana@gmail.com,(61) 99325-6916,NÃO,Nenhum,expired,CIAGA,THIAGO MARTINS DE OLIVEIRA PUPO,104030-3,171,SÃO PAULO,265,20/10/2007,0.91,contained_tokens,NAO
37851,30805530,André Moreira,andre.coitinho@gmail.com,(21) 98559-8878,NÃO,Nenhum,expired,CIAGA,THULIO HENRIQUE ANDRADE MOREIRA,102516-2,115,SÃO PAULO,245,19/12/2005,0.91,contained_tokens,NAO
37812,30851358,Pedro Castro,phcastro52@gmail.com,(19) 98317-3196,NÃO,Nenhum,expired,CIAGA,JOÃO PEDRO BENTIN DE CASTRO,106187-6,629,RIO DE JANEIRO,205,31/10/2007,0.91,contained_tokens,NAO
37799,30876727,Vinicius Silva,vini.domingos123@gmail.com,(11) 9373,NÃO,Nenhum,expired,CIAGA,ALESSANDRO VINICIUS BRANDÃO DA SILVA,106284-4,135,SÃO PAULO,235,04/05/2006,0.91,contained_tokens,NAO
37872,30789768,Matheus Almeida,matheusalmeidasantos014@gmail.com,(21) 98527-5033,NÃO,Nenhum,expired,CIAGA,HEITOR MATEUS OLIVEIRA DE ALMEIDA,104982-6,679,SÃO PAULO,200,11/10/2006,0.91,contained_tokens,NAO
38017,30713826,Daniel Marques,danielmarques676@gmail.com,(61) 98570-2282,NÃO,Nenhum,expired,CIAGA,DANIEL IAN FARIAS MARQUES,102289-3,578,RIO DE JANEIRO,210,12/08/2004,0.91,contained_tokens,NAO
37788,30905488,Wagner Junior,wagnerfajr@hotmail.com,(81) 98804-1122,NÃO,Nenhum,expired,CIAGA,ROBINSON VAGNER BISPO JUNIOR,108695-0,191,SÃO PAULO,260,03/12/2004,0.91,contained_tokens,NAO
37811,30853143,Gustavo Peres,gu05.peres@gmail.com,(91) 98355-2955,NÃO,Nenhum,expired,CIAGA,GUSTAVO SUREDA LEBEIS PIRES,103949-2,414,RIO DE JANEIRO,220,19/05/2008,0.91,contained_tokens,NAO
37914,30751798,gustavo de melo,hohast.santos@gmail.com,(21) 99163-2958,NÃO,Nenhum,expired,CIAGA,GUSTAVO NOVAES DE MELLO OLIVEIRA,100930-6,656,RIO DE JANEIRO,205,29/10/2005,0.91,contained_tokens,NAO
38024,30708178,Pedro Lima,plbxxx6@gmail.com,(21) 96430-0629,NÃO,Nenhum,expired,CIAGA,JOÃO PEDRO ISIDRO DE LIMA,101967-8,591,BRASÍLIA,205,08/04/2008,0.91,contained_tokens,NAO
38149,30285739,Lucas Nunes,lucasuzumaki1296@gmail.com,(69) 99334-9514,NÃO,Nenhum,expired,CIAGA,LUCAS CARVALHO BLECK ANTUNES,109776-4,328,SÃO PAULO,225,19/04/2009,0.91,contained_tokens,NAO
38260,29903028,Gustavo Barbosa,gustavoapr76@gmail.com,(88) 99799-0724,NÃO,Nenhum,expired,CIAGA,GUSTAVO CARDOSO RIBEIRO BARBOSA,108714-4,489,BELO HORIZONTE,215,03/02/2007,0.91,contained_tokens,NAO
38193,30171588,Vinícius Alves,va48472@gmail.com,(83) 98618-9130,NÃO,Nenhum,expired,CIAGA,MARCUS VINICIUS SALES DE ALMEIDA,109688-4,107,PARANAGUÁ,250,16/06/2009,0.91,contained_tokens,NAO
38329,29672530,Arthur Dias,arthurad@hotmail.com,(11) 98733-3946,NÃO,Nenhum,expired,CIAGA,ARTHUR PEREIRA LEITE DIAS,107692-0,209,BELO HORIZONTE,250,16/12/2007,0.91,contained_tokens,NAO
38266,29893340,Raphael Martins,raphaelmartinsrm06@gmail.com,(21) 98112-2467,NÃO,Nenhum,expired,CIAGA,RAPHAEL ZILIO MARTINS DE AMORIM,102626-1,94,SÃO PAULO,250,09/02/2007,0.91,contained_tokens,NAO
38432,29042691,Natalia Andrade,andradent01@gmail.com,(21) 97907-9303,NÃO,Nenhum,expired,CIAGA,NATALIA DA SILVA GOMES ANDRADE,109541-9,179,RIO DE JANEIRO,265,09/12/2005,0.91,contained_tokens,NAO
38487,28584266,Weverton Silva,wevertonadao16@gmail.com,(21) 97996-8330,NÃO,Nenhum,expired,CIAGA,EWERTON FARINELLI DE MELO SILVA,106137-4,109,RIO DE JANEIRO,245,22/01/2003,0.91,contained_tokens,NAO
38396,29221074,Victor Oliveira,victor.oliveira.2000@hotmail.com,(21) 99673-1344,NÃO,Nenhum,expired,CIAGA,JOÃO VICTOR FERNANDES OLIVEIRA,102236-7,47,SÃO PAULO,275,03/12/2004,0.91,contained_tokens,NAO
38540,28321832,Gabriel Assis,gabriel140504pg@gmail.com,(24) 99861-1002,NÃO,Nenhum,expired,CIAGA,JOÃO GABRIEL FREITAS DE ASSIS,108291-7,526,BRASÍLIA,210,11/08/2005,0.91,contained_tokens,NAO
38647,28070966,Pedro Gabriel,joaosouzz2017@gmail.com,(21) 99304-7937,NÃO,Nenhum,expired,CIAGA,PEDRO ARIEL DORNELA PEIXOTO,103621-6,50,BELO HORIZONTE,275,03/12/2005,0.91,contained_tokens,NAO
38499,28472326,João Rodrigues,jr5152744@gmail.com,(21) 97888-7212,NÃO,Nenhum,expired,CIAGA,JOAO PEDRO RODRIGUES PINTO,100146-0,570,RIO DE JANEIRO,210,19/11/2008,0.91,contained_tokens,NAO
38824,27459414,Ana Luísa,ana.oliveira.4167@gmail.com,(21) 96585-5349,NÃO,Nenhum,expired,CIAGA,ANA LUIZA BRAGA PATARO,106552-7,741,RIO DE JANEIRO,200,01/10/2007,0.91,contained_tokens,NAO
38595,28189468,Thiago Da Cunha,thiagoalecunha@gmail.com,(61) 99452-2856,NÃO,Nenhum,expired,CIAGA,THIAGO MÔÇO DA CUNHA GAMA,100138-0,239,RIO DE JANEIRO,240,10/05/2006,0.91,contained_tokens,NAO
38687,27915700,Caio De Sousa,caiodesousa739@gmail.com,(21) 96810-5895,NÃO,Nenhum,expired,CIAGA,DANIEL VINHAS CAIRO DE SOUSA,108278-1,674,RIO DE JANEIRO,200,08/11/2005,0.91,contained_tokens,NAO
38483,28604736,Pedro Felipe,pedroneves367@gmail.com,(73) 98879-7928,NÃO,Nenhum,expired,CIAGA,LUÍS FELIPE PEDROZO DA CUNHA,107741-3,582,RIO DE JANEIRO,210,13/06/2006,0.91,contained_tokens,NAO
38822,27462681,Mateus Henrique,mateushenriqueteodorio21@gmail.com,(21) 96743-2470,NÃO,Nenhum,expired,CIAGA,MATHEUS HENRIQUE CHINOLLI CARNEIRO,112932-4,713,PARANAGUÁ,200,01/06/2007,0.91,contained_tokens,NAO
38931,26605310,Vitor Hugo,vt3881@gmail.com,(21) 98475-7222,NÃO,Nenhum,expired,CIAGA,VICTOR HUGO DE SOUZA MACEDO,108587-8,716,RIO DE JANEIRO,200,19/12/2008,0.91,contained_tokens,NAO
39064,22507132,Bruno Rodrigues,brunorodrigues29177@gmail.com,(35) 99946-4432,SIM,Live Nivelamento de Fisíca,"active, expired",CIAGA,CAROLINA RODRIGUES BUENO DIAS,100257-7,127,RIO DE JANEIRO,240,30/11/2007,0.91,contained_tokens,NAO
39015,22674008,Mariana Oliveira,msouzaoliveira18@gmail.com,(21) 99871-0063,SIM,Live Nivelamento de Fisíca,"active, expired",CIAGA,MARIA EDUARDA FERREIRA DE OLIVEIRA,106340-9,612,RIO DE JANEIRO,205,06/09/2005,0.91,contained_tokens,NAO
38920,26901897,Filipe Ferreira,filipefds95@gmail.com,(21) 98326-3462,NÃO,Nenhum,expired,CIAGA,LUIZ FELIPE DA COSTA FERREIRA,108327-4,540,PORTO ALEGRE,210,23/03/2006,0.91,contained_tokens,NAO
38996,23147887,Cesar Aughusto,cesar.a.francoduarte@gmail.com,(84) 98872-4107,NÃO,Nenhum,expired,CIAGA,AUGUSTO CESAR COSTA DIAS,104382-0,286,BELO HORIZONTE,230,16/06/2009,0.91,contained_tokens,NAO
39109,22284765,Guilherme Martinez,bene19dito@gmail.com,(11) 94003-1018,NÃO,Nenhum,expired,CIAGA,GUILHERME ESTEVÃO MARTINS PIMENTA,101774-4,36,SÃO PAULO,280,24/05/2006,0.91,contained_tokens,NAO
38936,26587621,Luzia Costa,luzialene@hotmail.com,(21) 97670-6335,NÃO,Nenhum,expired,CIAGA,MARIA LUIZA DE SOUZA COSTA,107358-6,398,RIO DE JANEIRO,220,11/07/2007,0.91,contained_tokens,NAO
38987,23981679,Arthur De Moraes,arthurmoes10@gmail.com,(55) 98177-6955,SIM,Live Nivelamento de Fisíca,"active, expired",CIAGA,ARTHUR MEIRELLES CONSIDERA MORAES,107232-1,732,RIO DE JANEIRO,200,08/04/2007,0.91,contained_tokens,NAO
39357,22060147,César Augusto,cesinhamarins14@gmail.com,,NÃO,Nenhum,expired,CIAGA,AUGUSTO CESAR COSTA DIAS,104382-0,286,BELO HORIZONTE,230,16/06/2009,0.91,contained_tokens,NAO
39351,22062610,Guilherme Lima,yguihtm12@gmail.com,,NÃO,Nenhum,expired,CIAGA,GUILHERME CARREIRO LIMA PEREIRA,100074-0,668,RIO DE JANEIRO,200,07/08/2008,0.91,contained_tokens,NAO
39106,22285181,Alexandre Junior,xandejr03@gmail.com,(21) 96813-3047,SIM,"Nivelamento de Física - Assinatura, Nivelamento de Matemática - Assinatura, Curso de Oficial: EFOMM, AFA e Escola Naval - Assinatura",active,CIAGA,ALEXANDRE LIMA DE SOUSA JUNIOR,100135-5,372,RIO DE JANEIRO,220,04/08/2005,0.91,contained_tokens,NAO
39279,22120292,Mauricio Silva,mnunes0411@gmail.com,(91) 98551-6315,SIM,Live Nivelamento de Fisíca,"active, expired",CIAGA,MIGUEL MAURILIO PEDINOTTI DA SILVA,107077-2,572,RIO DE JANEIRO,210,03/07/2008,0.91,contained_tokens,NAO
39496,22027395,Felipe Sales,fesaleszagueiro@gmail.com,(21) 97447-6290,SIM,Live Nivelamento de Fisíca,"active, expired",CIAGA,JEAN FELIPE ALVES DE OLIVEIRA,109337-6,624,RIO DE JANEIRO,205,28/12/2006,0.91,contained_tokens,NAO
39260,22124055,Gustavo Lebeis,gustavolebeis123@gmail.com,(21) 97568-2858,NÃO,Nenhum,expired,CIAGA,GUSTAVO SUREDA LEBEIS PIRES,103949-2,414,RIO DE JANEIRO,220,19/05/2008,0.91,contained_tokens,NAO
39406,22042193,Marcos Vincius,marcoscraftvenom@gmail.com,(21) 98420-1156,SIM,Live Nivelamento de Fisíca,"active, expired",CIAGA,MARCOS VINÍCIUS MELANDA COSTA,108625-6,793,RIO DE JANEIRO,200,16/02/2006,0.91,contained_tokens,NAO
39234,22137364,Pedro Oliveira,pedrobr077@gmail.com,(12) 98107-7370,SIM,"Live Nivelamento de Fisíca, Nivelamento de Física - Assinatura",active,CIAGA,PEDRO HENRIQUE BEZERRA OLIVEIRA,113037-6,108,RIO DE JANEIRO,245,27/04/2005,0.91,contained_tokens,NAO
39504,22025803,Alexandre Da Silva,alexandre2003dasilva100@gmail.com,(21) 96557-2556,SIM,Live Nivelamento de Fisíca,"active, expired",CIAGA,JONATHAN ALEXANDRO GOMES DA SILVA,105844-0,247,RIO DE JANEIRO,240,29/05/2006,0.91,contained_tokens,NAO
39258,22128045,Felipe Carvalho,felipecar123157@gmail.com,(62) 99380-0591,SIM,Live Nivelamento de Fisíca,"active, expired",CIAGA,FELIPE HODIE VEIGA DE CARVALHO,108705-6,568,RIO DE JANEIRO,210,14/01/2009,0.91,contained_tokens,NAO
39249,22130885,João Fernandes,jobielfire1@gmail.com,(92) 98465-2617,SIM,Live Nivelamento de Fisíca,"active, expired",CIAGA,JOÃO VICTOR FERNANDES OLIVEIRA,102236-7,47,SÃO PAULO,275,03/12/2004,0.91,contained_tokens,NAO
39310,22080928,Lucas Andrade,lucas.s.andrade0101@gmail.com,(84) 98865-6654,NÃO,Nenhum,expired,CIAGA,LUCAS ANDRÉ BASTOS DA COSTA,112399-3,177,RIO DE JANEIRO,265,20/10/2007,0.91,contained_tokens,NAO
39391,22043866,Cezar Augusto,cezfro1238@gmail.com,(21) 97367-1842,SIM,Live Nivelamento de Fisíca,"active, expired",CIAGA,AUGUSTO CESAR COSTA DIAS,104382-0,286,BELO HORIZONTE,230,16/06/2009,0.91,contained_tokens,NAO
31294,43316891,Arthur Barbosa,arthurfellypecbarbosa@gmail.com,(87) 98141-6975,SIM,"Nivelamento de Matemática - Assinatura, Nivelamento de Física - Assinatura",active,CIAGA,ARTHUR RIBEIRO BARBOZA MARTINS,107044-9,757,BRASÍLIA,200,19/06/2006,0.91,contained_tokens,NAO
30952,43432605,Júllia Souza,juxlliasouza@gmail.com,(21) 99371-7631,NÃO,Nenhum,sem_assinatura,CIAGA,JÚLIA LOPES DE SOUZA PEREIRA DA SILVA,104937-5,339,RIO DE JANEIRO,225,16/05/2008,0.898,contained_tokens,NAO
165293,45388432,Guilherme Araujo,guilhermearaujonetto17@gmail.com,(21) 99032-6356,NÃO,Nenhum,sem_assinatura,CIAGA,GUILHERME REBOUÇAS DE ARAÚJO SENA ROCHA,102772-3,173,RIO DE JANEIRO,265,24/10/2008,0.898,contained_tokens,NAO
35878,36266181,Guilherme Barbosa,guiplayfull@gmail.com,(99) 98507-6834,NÃO,Nenhum,expired,CIAGA,LUÍS GUILHERME BOMFIM SANTOS BARBOSA,102151-6,262,RIO DE JANEIRO,235,15/08/2007,0.898,contained_tokens,NAO
31672,43189106,Bernardo Rodrigues,oliveira138.krr@gmail.com,(21) 96909-6681,NÃO,Nenhum,sem_assinatura,CIAGA,BERNARDO MAGALHÃES RODRIGUES GRACIOLLI XAVIER,103017-2,436,BRASÍLIA,215,26/07/2006,0.898,contained_tokens,NAO
165345,45470750,Márcio Gabriel,marciogabrielaraujorocha@gmail.com,(62) 99241-7455,SIM,"Curso de Oficial: EsPCEx - Assinatura, Nivelamento de Matemática - Assinatura, Nivelamento de Física - Assinatura",active,CIAGA,MARCOS GABRIEL MARTINS TELES TIANO,107809-6,62,BRASÍLIA,265,03/01/2008,0.898,contained_tokens,NAO
30841,43435269,Rafael Fernandes,rafael021237@gmail.com,(65) 99901-1900,SIM,Nivelamento de Física - Assinatura,active,CIAGA,CARLOS RAFAEL DE MELO FERNANDEZ VIDAL,112337-9,86,RIO DE JANEIRO,255,14/01/2009,0.898,contained_tokens,NAO
163898,44704488,Danilo Freitas,danilofrt96@gmail.com,(83) 98869-5308,NÃO,Nenhum,sem_assinatura,CIAGA,DANIEL HIPOLITO DE FREITAS CEZIMBRA MORAES,102712-5,270,RIO DE JANEIRO,235,24/04/2006,0.898,contained_tokens,NAO
32534,42638736,Luis Bastos,lufebastos10@gmail.com,(12) 96666-0773,SIM,"Curso de Oficial: EFOMM, AFA e Escola Naval - Assinatura, Nivelamento de Matemática - Assinatura, Nivelamento de Física - Assinatura",active,CIAGA,LUIS FELIPE APARECIDO COSTA BASTOS,110684-3,58,SÃO PAULO,270,30/03/2007,0.898,contained_tokens,NAO
31138,43368082,Vitor Nascimento,jf97814913@gmail.com,(47) 98831-6113,SIM,"Nivelamento de Matemática - Assinatura, Curso de Oficial: EFOMM, AFA e Escola Naval - Assinatura, Nivelamento de Física - Assinatura",active,CIAGA,LETÍCIA VITÓRIA QUEIROZ NASCIMENTO DA SILVA,100768-5,554,RIO DE JANEIRO,210,13/09/2004,0.898,contained_tokens,NAO
143654,44589390,Eduarda Souza,eduardapsouza26@gmail.com,(21) 96680-6596,SIM,Nivelamento de Matemática - Assinatura,active,CIAGA,EDUARDO BALTHAZAR PAULICHI CARRION SOUZA,102847-8,675,SÃO PAULO,200,22/05/2006,0.898,contained_tokens,NAO
33409,41644646,Rafael Fernandes,rafaelfernandesribe@hotmail.com,(13) 97417-1393,SIM,"Nivelamento de Física - Assinatura, Curso de Oficial: EFOMM, AFA e Escola Naval - Assinatura, Nivelamento de Matemática - Assinatura",active,CIAGA,CARLOS RAFAEL DE MELO FERNANDEZ VIDAL,112337-9,86,RIO DE JANEIRO,255,14/01/2009,0.898,contained_tokens,NAO
165054,45284160,Carlos Fernando,carlosfernandobento2@gmail.com,(21) 97452-1840,SIM,"Nivelamento de Matemática - Assinatura, Nivelamento de Física - Assinatura, Curso de Oficial: EFOMM, AFA e Escola Naval - Assinatura",active,CIAGA,CARLOS RAFAEL DE MELO FERNANDEZ VIDAL,112337-9,86,RIO DE JANEIRO,255,14/01/2009,0.898,contained_tokens,NAO
104330,44072398,Carlos Fernando,carlosfachieve@gmail.com,(21) 98510-4964,SIM,Curso: Turma ESA - Assinatura,"active, expired",CIAGA,CARLOS RAFAEL DE MELO FERNANDEZ VIDAL,112337-9,86,RIO DE JANEIRO,255,14/01/2009,0.898,contained_tokens,NAO
31355,43307894,Henrique Araujo,henrique.concurseiro1@gmail.com,(11) 97267-4020,NÃO,Nenhum,sem_assinatura,CIAGA,SERGIO HENRIQUE GOMES ARAUJO MONTEIRO,110608-5,166,RIO DE JANEIRO,275,17/12/2006,0.898,contained_tokens,NAO
37418,31691157,Miguel Pereira,j.14.6.miguel@gmail.com,(21) 98297-2481,NÃO,Nenhum,expired,CIAGA,MIGUEL FERREIRA LEÃO DOS REIS DA SILVA,102394-1,657,RIO DE JANEIRO,205,14/07/2008,0.898,contained_tokens,NAO
133426,44096631,Victor Ribeiro,victorribeiro1898@gmail.com,(21) 97256-4886,SIM,Nivelamento de Matemática - Assinatura,active,CIAGA,JOAO VICTOR SILVARES RIBEIRO GRILLO,112322-1,459,RIO DE JANEIRO,215,05/03/2009,0.898,contained_tokens,NAO
33436,41631471,Marcos Ariel,marcosariel103@gmail.com,(75) 99988-5372,SIM,"Nivelamento de Matemática - Assinatura, Nivelamento de Física - Assinatura, Curso de Oficial: EFOMM, AFA e Escola Naval - Assinatura",active,CIAGA,MARCOS GABRIEL MARTINS TELES TIANO,107809-6,62,BRASÍLIA,265,03/01/2008,0.898,contained_tokens,NAO
33535,41615973,Guilherme Sena,guilhermesilvasena23@gmail.com,(74) 98127-3446,SIM,"Nivelamento de Física - Assinatura, Nivelamento de Matemática - Assinatura, Curso de Oficial: EFOMM, AFA e Escola Naval - Assinatura",active,CIAGA,GUILHERME REBOUÇAS DE ARAÚJO SENA ROCHA,102772-3,173,RIO DE JANEIRO,265,24/10/2008,0.898,contained_tokens,NAO
104427,44053437,Victoria lopes,victoria.lopesnegreirosr@gmail.com,(21) 99768-1305,SIM,"Nivelamento de Matemática - Assinatura, Nivelamento de Física - Assinatura",active,CIAGA,SÉRGIO VICTOR SOUZA DE OLIVEIRA LOPES,105212-8,536,RIO DE JANEIRO,210,07/05/2009,0.898,contained_tokens,SIM
34528,38070803,Arthur Machado,wt4arthur@gmail.com,(21) 98590-5492,NÃO,Nenhum,expired,CIAGA,ARTHUR LAUTON MACHADO LOPES GOMES,107580-5,517,RIO DE JANEIRO,210,19/01/2006,0.898,contained_tokens,NAO
34952,37267412,Silvia Cristina,nelsonvicente2008@yahoo.com.br,(32) 99802-5553,NÃO,Nenhum,expired,CIAGA,ANA CRISTINA FARIA DA SILVA GUEDES,109712-3,779,RIO DE JANEIRO,200,18/02/2008,0.898,contained_tokens,NAO
35171,36911674,sergio monteiro,sergiomonteiro1712@gmail.com,(21) 99187-8722,NÃO,Nenhum,expired,CIAGA,SERGIO HENRIQUE GOMES ARAUJO MONTEIRO,110608-5,166,RIO DE JANEIRO,275,17/12/2006,0.898,contained_tokens,NAO
104668,43934555,Rafael Vital,rafaelvital135@gmail.com,(21) 98136-5581,NÃO,Nenhum,sem_assinatura,CIAGA,CARLOS RAFAEL DE MELO FERNANDEZ VIDAL,112337-9,86,RIO DE JANEIRO,255,14/01/2009,0.898,contained_tokens,NAO
35071,37051944,Pedro De Melo,pedro.melosouza26@gmail.com,(22) 99882-4225,SIM,"Nivelamento de Inglês - Assinatura, Curso de Oficial: EFOMM, AFA e Escola Naval - Assinatura","active, expired",CIAGA,JOÃO PEDRO TERTO MELO SATURNINO,101979-0,382,SÃO PAULO,220,25/09/2006,0.898,contained_tokens,NAO
133558,44212793,Júlio Pereira,julioo.aalcantara@gmail.com,(11) 97392-4254,SIM,"Nivelamento de Física - Assinatura, Nivelamento de Matemática - Assinatura, Curso de Oficial: EFOMM, AFA e Escola Naval - Assinatura",active,CIAGA,JÚLIA LOPES DE SOUZA PEREIRA DA SILVA,104937-5,339,RIO DE JANEIRO,225,16/05/2008,0.898,contained_tokens,NAO
36866,33584681,Felipe Bastos,estudofelipe1310@gmail.com,(71) 98192-7982,NÃO,Nenhum,expired,CIAGA,LUIS FELIPE APARECIDO COSTA BASTOS,110684-3,58,SÃO PAULO,270,30/03/2007,0.898,contained_tokens,NAO
37010,32909373,Eduardo De Jesus,eduardojam05@gmail.com,(98) 98340-8264,NÃO,Nenhum,expired,CIAGA,EDUARDO PAULINO JESUS IBIAPINA RODRIGUES,104920-1,295,SÃO PAULO,230,05/05/2005,0.898,contained_tokens,NAO
36726,34134930,Daniel Freitas,danimarquess2006@outlook.com,(21) 97892-1031,NÃO,Nenhum,expired,CIAGA,DANIEL HIPOLITO DE FREITAS CEZIMBRA MORAES,102712-5,270,RIO DE JANEIRO,235,24/04/2006,0.898,contained_tokens,NAO
37095,32571429,Breno Ferreira,brenokr1805@gmail.com,(21) 97517-9918,NÃO,Nenhum,expired,CIAGA,GUILHERME BREÇANO FERREIRA NOBRE DIAS,108927-0,589,RIO DE JANEIRO,205,11/11/2008,0.898,contained_tokens,NAO
37332,31930015,Vitor Ribeiro,vmoura44658@gmail.com,(86) 99953-1873,NÃO,Nenhum,expired,CIAGA,JOAO VICTOR SILVARES RIBEIRO GRILLO,112322-1,459,RIO DE JANEIRO,215,05/03/2009,0.898,contained_tokens,NAO
38726,27742580,Arthur machado,arthurcostanatal@gmail.com,(84) 99496-5050,NÃO,Nenhum,expired,CIAGA,ARTHUR LAUTON MACHADO LOPES GOMES,107580-5,517,RIO DE JANEIRO,210,19/01/2006,0.898,contained_tokens,NAO
