supabase_user_id,supabase_mk_id,supabase_full_name,supabase_email,supabase_celular,tem_assinatura_ativa,planos_ativos,status_assinaturas,candidato_lista,candidato_nome_lista,candidato_numero_inscricao,candidato_classificacao,candidato_oed,candidato_gi,candidato_data_nascimento,fuzzy_score,match_type,email_confirma_sobrenome
164328,44792046,Wesley Almeida Da Silva,desconhesedogato@gmail.com,(99) 98155-8851,NÃO,Nenhum,sem_assinatura,CIABA,WESLEY ALMEIDA DA SILVA,102817-9,917,SÃO LUIS,170,30/08/2005,1.0,exact_match,N/A
30742,43442921,JOAO PAULO RIBEIRO MANGABEIRA,joao.mangabeira@escolar.ifrn.edu.br,(84) 99402-7144,NÃO,Nenhum,sem_assinatura,CIABA,JOÃO PAULO RIBEIRO MANGABEIRA,105252-3,650,NATAL,185,05/03/2008,1.0,exact_match,N/A
31750,43188959,Ana Beatriz Ferraz Cordeiro,anabiafcordeiro@gmail.com,(91) 98818-0805,NÃO,Nenhum,sem_assinatura,CIABA,ANA BEATRIZ FERRAZ CORDEIRO,109660-6,839,BELÉM,175,24/04/2007,1.0,exact_match,N/A
31574,43201232,JOSE CHAGAS FREIRE DE CARVALHO,zecachagasfriere@gmail.com,(71) 99649-6710,NÃO,Nenhum,sem_assinatura,CIABA,JOSE CHAGAS FREIRE DE CARVALHO,102015-0,864,SALVADOR,175,06/02/2008,1.0,exact_match,N/A
143564,44661426,Gabriel Acioli Borges,gabrielacioliborges@gmail.com,(85) 99946-5117,NÃO,Nenhum,sem_assinatura,CIABA,GABRIEL ACIOLI BORGES,103843-0,938,FORTALEZA,170,05/07/2006,1.0,exact_match,N/A
32506,42642797,Davi Passos Almeida,davipassosalmeida@gmail.com,(24) 98104-8450,SIM,"Nivelamento de Matemática - Assinatura, Curso de Oficial: EFOMM, AFA e Escola Naval - Assinatura, Nivelamento de Física - Assinatura",active,CIABA,DAVI PASSOS ALMEIDA,107590-1,229,SALVADOR,220,23/07/2003,1.0,exact_match,N/A
39368,22054572,Luiz Pedro Peres Torres Melo e Silva,luizpedro384@gmail.com,(88) 99767-4346,NÃO,Nenhum,expired,CIABA,LUIZ PEDRO PERES TORRES MELO E SILVA,100500-6,966,FORTALEZA,170,28/12/2003,1.0,exact_match,N/A
37232,32217289,GUILHERME BARBOSA DOS SANTOS,guilhermebarbosa08@hotmail.com,(21) 97553-0216,SIM,"Curso de Oficial: EFOMM, AFA e Escola Naval - Assinatura, Nivelamento de Matemática - Assinatura, Nivelamento de Física - Assinatura",active,CIABA,GUILHERME BARBOSA DOS SANTOS,100868-8,366,SALVADOR,205,16/04/2003,1.0,exact_match,N/A
36852,33594735,Gabriel Rodrigues Freitas,gabriel.rod.rf.09@gmail.com,(21) 96554-9777,SIM,"Curso de Oficial: EFOMM, AFA e Escola Naval - Assinatura, Nivelamento de Matemática - Assinatura, Nivelamento de Física - Assinatura",active,CIABA,GABRIEL RODRIGUES FREITAS,100082-0,949,SALVADOR,170,22/09/2005,1.0,exact_match,N/A
164175,44768216,Francisco Vinícius Machado Vieira,franciscoviniciusmachadovieira@gmail.com,(86) 98156-6439,NÃO,Nenhum,sem_assinatura,CIABA,FRANCISCO VINÍCIUS MACHADO VIEIRA,102779-0,325,PARNAÍBA,205,26/03/2009,1.0,exact_match,N/A
34852,37427943,miguel bomfim silva,justmiguelb@gmail.com,(21) 97148-2537,SIM,"Nivelamento de Física - Assinatura, Curso de Oficial: EFOMM, AFA e Escola Naval - Assinatura, Nivelamento de Matemática - Assinatura","active, expired",CIABA,MIGUEL BOMFIM SILVA,108125-2,741,SALVADOR,180,30/05/2005,1.0,exact_match,N/A
32627,42637640,Geovanna Andrade Santos,andrea.andrade19750@gmail.com,(21) 96968-0593,SIM,"Nivelamento de Matemática - Assinatura, Nivelamento de Física - Assinatura, Curso de Oficial: EFOMM, AFA e Escola Naval - Assinatura",active,CIABA,GEOVANNA ANDRADE SANTOS,106676-5,587,SALVADOR,190,04/09/2006,1.0,exact_match,N/A
33367,41672089,Arthur Claro De Carvalho Bisneto,arthurbisneto04@gmail.com,(21) 99155-6848,SIM,"Nivelamento de Matemática - Assinatura, Nivelamento de Física - Assinatura, Curso de Oficial: EFOMM, AFA e Escola Naval - Assinatura",active,CIABA,ARTHUR CLARO DE CARVALHO BISNETO,100104-8,321,FORTALEZA,210,03/01/2004,1.0,exact_match,N/A
36980,32999287,Samuel Campos Carvalho,sam13carvalho@gmail.com,(93) 99104-2345,SIM,"Nivelamento de Matemática - Assinatura, Nivelamento de Física - Assinatura, Curso de Oficial: EFOMM, AFA e Escola Naval - Assinatura","active, expired",CIABA,SAMUEL CAMPOS CARVALHO,103683-0,696,SANTARÉM,180,13/08/2004,1.0,exact_match,N/A
39073,22440762,Miguel Scaglioni De La Puente,miguelpuente@terra.com.br,(19) 99720-4352,SIM,"Curso de Oficial: EsPCEx - Assinatura, Curso de Oficial: EFOMM, AFA e Escola Naval - Assinatura, Nivelamento de Matemática - Assinatura, Nivelamento de Física - Assinatura, Live Nivelamento de Fisíca","active, expired",CIABA,MIGUEL SCAGLIONI DE LA PUENTE,103059-4,517,SALVADOR,195,07/04/2006,1.0,exact_match,N/A
37365,31859941,Miguel Barra Valladao,miguelbarra30@gmail.com,(21) 97135-6051,NÃO,Nenhum,expired,CIABA,MIGUEL BARRA VALLADAO,106452-4,562,SALVADOR,190,08/03/2004,1.0,exact_match,N/A
34625,37740775,Eduardo Soeiro Santana,eduardonove8@gmail.com,(27) 99520-6799,NÃO,Nenhum,expired,CIABA,EDUARDO SOEIRO SANTANA,104491-0,598,RECIFE,185,30/11/2004,1.0,exact_match,N/A
37728,31031707,Heitor Rodrigues De Souza Oliveira,hrodrigues2308@gmail.com,(31) 98332-6908,NÃO,Nenhum,expired,CIABA,HEITOR RODRIGUES DE SOUZA OLIVEIRA,104402-1,300,SALVADOR,210,23/08/2006,1.0,exact_match,N/A
35430,36523439,Antonio Marcos Nogueira Dos Santos,antoniogg12354@gmail.com,(75) 99136-3705,NÃO,Nenhum,expired,CIABA,ANTONIO MARCOS NOGUEIRA DOS SANTOS,101727-7,198,SALVADOR,225,20/09/2005,1.0,exact_match,N/A
35627,36358297,Pedro Paulo Macedo Moraes Cardoso,senhorpppedro@gmail.com,(89) 99979-2165,NÃO,Nenhum,expired,CIABA,PEDRO PAULO MACEDO MORAES CARDOSO,102665-9,736,PARNAÍBA,180,29/03/2005,1.0,exact_match,N/A
39341,22066170,Yago Oliveira de Freitas,redtreinador4@gmail.com,(21) 98314-8917,NÃO,Nenhum,expired,CIABA,YAGO OLIVEIRA DE FREITAS,104526-0,944,BELÉM,170,28/12/2004,1.0,exact_match,N/A
36013,35941431,Elias Queiroz Da Silva,eliasqsilva98@gmail.com,(71) 98523-0341,NÃO,Nenhum,expired,CIABA,ELIAS QUEIROZ DA SILVA,111462-4,669,SALVADOR,185,21/01/2008,1.0,exact_match,N/A
36371,34803774,Emanoel Marques Alexandrino Filho,femanoel43@gmail.com,(88) 99376-3119,NÃO,Nenhum,expired,CIABA,EMANOEL MARQUES ALEXANDRINO FILHO,108746-0,889,FORTALEZA,170,06/12/2004,1.0,exact_match,N/A
36355,34819534,Lucas Rocha Fernandes Leite,lucas.leite.130987@gmail.com,(83) 98652-0330,NÃO,Nenhum,sem_assinatura,CIABA,LUCAS ROCHA FERNANDES LEITE,105305-9,434,RECIFE,200,11/10/2007,1.0,exact_match,N/A
164264,44782539,Adriel Estrai,adrielestrai648@gmail.com,(46) 99942-3946,NÃO,Nenhum,sem_assinatura,CIABA,ADRIEL ESTRAI,105520-6,931,RECIFE,170,08/07/2006,1.0,exact_match,N/A
33560,41615517,Alessandra Carolina Ramos Ribeiro,alessandracarolina765@gmail.com,(91) 99352-6615,SIM,"Nivelamento de Física - Assinatura, Curso de Oficial: EFOMM, AFA e Escola Naval - Assinatura, Nivelamento de Matemática - Assinatura",active,CIABA,ALESSANDRA CAROLINA RAMOS RIBEIRO,107877-4,892,BELÉM,170,31/07/2009,1.0,exact_match,N/A
32661,42593340,GABRIEL EL HAKEH DE PAULA,5914.elhakeh@gmail.com,(81) 98995-8214,SIM,"Curso de Oficial: EFOMM, AFA e Escola Naval - Assinatura, Nivelamento de Matemática - Assinatura, Nivelamento de Física - Assinatura",active,CIABA,GABRIEL EL HAKEH DE PAULA,106106-7,569,RECIFE,190,06/01/2007,1.0,exact_match,N/A
33215,41726940,Pedro Rocha Do Nascimento,pedrorocha87654321@gmail.com,(68) 99256-4434,SIM,"Nivelamento de Matemática - Assinatura, Nivelamento de Física - Assinatura, Curso de Oficial: EFOMM, AFA e Escola Naval - Assinatura",active,CIABA,PEDRO ROCHA DO NASCIMENTO,101760-5,38,MANAUS,260,13/07/2006,1.0,exact_match,N/A
32826,42120191,EDUARDO HENRIQUE SIQUEIRA ARAUJO,eduardosiqueira.araujo@gmail.com,(79) 98141-2057,SIM,"Nivelamento de Matemática - Assinatura, Curso de Oficial: EFOMM, AFA e Escola Naval - Assinatura, Nivelamento de Física - Assinatura",active,CIABA,EDUARDO HENRIQUE SIQUEIRA ARAUJO,100898-7,967,SALVADOR,170,12/04/2007,1.0,exact_match,N/A
33629,41615307,Miguel Fillipe França Da Silva,miguelffs2003@gmail.com,(21) 99845-9214,SIM,"Curso de Oficial: EFOMM, AFA e Escola Naval - Assinatura, Nivelamento de Física - Assinatura, Nivelamento de Matemática - Assinatura",active,CIABA,MIGUEL FILLIPE FRANÇA DA SILVA,100925-0,672,RECIFE,185,04/06/2003,1.0,exact_match,N/A
35391,36572299,Miguel Ribeiro de Santana,slwmiguel@gmail.com,(22) 98836-2282,SIM,"Nivelamento de Matemática - Assinatura, Curso de Oficial: EFOMM, AFA e Escola Naval - Assinatura, Nivelamento de Física - Assinatura","active, expired",CIABA,MIGUEL RIBEIRO DE SANTANA,108175-4,347,SALVADOR,205,10/08/2007,1.0,exact_match,N/A
32079,42957539,Marcela dos Santos Ribeiro,marcela.sr0609@gmail.com,(22) 99602-6065,SIM,"Nivelamento de Física - Assinatura, Curso de Oficial: EFOMM, AFA e Escola Naval - Assinatura, Nivelamento de Matemática - Assinatura",active,CIABA,MARCELA DOS SANTOS RIBEIRO,109298-0,826,SALVADOR,175,06/09/2004,1.0,exact_match,N/A
35623,36359705,Ian Aguiar Pimenta,iansaulo05@gmail.com,(85) 99688-3376,SIM,"Nivelamento de Física - Assinatura, Curso de Oficial: EFOMM, AFA e Escola Naval - Assinatura, Nivelamento de Matemática - Assinatura","active, expired",CIABA,IAN AGUIAR PIMENTA,100444-1,828,FORTALEZA,175,07/03/2005,1.0,exact_match,N/A
32590,42637789,Antônio Aquiles Clemente Linhares,aquileslinhares84@gmail.com,(85) 99235-5415,SIM,"Curso de Oficial: EFOMM, AFA e Escola Naval - Assinatura, Nivelamento de Física - Assinatura, Nivelamento de Matemática - Assinatura",active,CIABA,ANTONIO AQUILES CLEMENTE LINHARES,101546-6,214,FORTALEZA,225,11/11/2008,1.0,exact_match,N/A
164126,44747017,José Francisco Ferreira de Aguiar,jose.ferreiraa112233@gmail.com,(84) 99618-3011,NÃO,Nenhum,sem_assinatura,CIABA,JOSÉ FRANCISCO FERREIRA DE AGUIAR,102205-0,361,NATAL,205,07/11/2007,1.0,exact_match,N/A
35619,36362725,João Victor Da Silva Bezerra,joaovictorsb1011@gmail.com,(85) 98682-9748,SIM,"Curso de Oficial: EFOMM, AFA e Escola Naval - Assinatura, Nivelamento de Física - Assinatura, Nivelamento de Matemática - Assinatura","active, expired",CIABA,JOÃO VICTOR DA SILVA BEZERRA,105008-5,494,FORTALEZA,195,06/05/2006,1.0,exact_match,N/A
35713,36324616,João Guilherme Oliveira De Lima,guilhermejoao56879@gmail.com,(21) 97527-1688,SIM,"Nivelamento de Física - Assinatura, Curso de Oficial: EFOMM, AFA e Escola Naval - Assinatura, Nivelamento de Matemática - Assinatura","active, expired",CIABA,JOAO GUILHERME OLIVEIRA DE LIMA,102177-8,272,RECIFE,215,16/09/2003,1.0,exact_match,N/A
164140,44747255,Joao Eduardo Farias de Sousa,joaoestrategia2024@gmail.com,(85) 98117-7340,NÃO,Nenhum,sem_assinatura,CIABA,JOÃO EDUARDO FARIAS DE SOUSA,101115-8,953,FORTALEZA,170,24/06/2006,1.0,exact_match,N/A
143686,44546484,Pablo Costa Silva,pablocosta13022008@gmail.com,(94) 98421-3844,NÃO,Nenhum,expired,CIABA,PABLO COSTA SILVA,101900-2,957,BELÉM,170,13/02/2008,1.0,exact_match,N/A
36165,35539217,RAPHAEL ICÓ RIBEIRO DE OLIVEIRA,icoraphael82@gmail.com,(71) 98488-6556,NÃO,Nenhum,expired,CIABA,RAPHAEL ICÓ RIBEIRO DE OLIVEIRA,100279-6,362,SALVADOR,205,02/03/2006,1.0,exact_match,N/A
143721,44520544,Clara costa da silva gomes,clarasilvaaaaa662@gmail.com,(21) 97233-7855,NÃO,Nenhum,sem_assinatura,CIABA,CLARA COSTA DA SILVA GOMES,111873-0,482,RECIFE,195,16/12/2004,1.0,exact_match,N/A
36123,35631437,João Pedro Santos Silva,pepeujoao210@gmail.com,(32) 99912-6348,NÃO,Nenhum,expired,CIABA,JOÃO PEDRO DOS SANTOS SILVA,100677-0,910,SÃO LUIS,170,15/12/2007,1.0,exact_reordered,N/A
35332,36627520,João Ricardo de Araújo landim,joaoricardo26landim@gmail.com,(85) 99937-4380,NÃO,Nenhum,expired,CIABA,JOÃO RICARDO DE ARAUJO LANDIM,102498-7,687,FORTALEZA,180,26/08/2004,1.0,exact_match,N/A
31598,43191112,Cauã Nascimento Maciel,macielcaua13@gmail.com,(91) 98086-3926,NÃO,Nenhum,sem_assinatura,CIABA,CAUA NASCIMENTO MACIEL,100942-9,941,BELÉM,170,22/12/2004,1.0,exact_match,N/A
34086,40032620,Joao Herberth Viana De Assis,herberthviana007@gmail.com,(88) 99301-3567,NÃO,Nenhum,"expired, inactive",CIABA,JOÃO HERBERTH VIANA DE ASSIS,100328-9,881,FORTALEZA,170,27/06/2003,1.0,exact_match,N/A
31372,43302199,João Gabriel  Sampaio delgado,joaogabrielsd7@gmail.com,(84) 99684-5071,NÃO,Nenhum,sem_assinatura,CIABA,JOÃO GABRIEL SAMPAIO DELGADO,101587-0,936,NATAL,170,01/10/2008,1.0,exact_match,N/A
32735,42376905,Eduardo Opata Vettorazzi,eduardoopata@gmail.com,(61) 97400-4418,SIM,"Curso de Oficial: EFOMM, AFA e Escola Naval - Assinatura, Nivelamento de Matemática - Assinatura, Nivelamento de Física - Assinatura",active,CIABA,EDUARDO OPATA VETTORAZZI,100653-5,141,SALVADOR,240,23/01/2006,1.0,exact_match,N/A
30897,43433625,João Pedro Nobre Sousa,jpnobreee@gmail.com,(85) 98717-8721,NÃO,Nenhum,sem_assinatura,CIABA,JOÃO PEDRO NOBRE SOUSA,110804-8,756,FORTALEZA,180,03/06/2005,1.0,exact_match,N/A
37210,32297140,Rodrigo Silva Da Silva,rodrigonsilva299@gmail.com,(91) 99279-8193,NÃO,Nenhum,expired,CIABA,RODRIGO SILVA DA SILVA,109681-7,628,BELÉM,185,25/10/2006,1.0,exact_match,N/A
31007,43432399,Yrwin Gomes França De Almeida,yrwin0211@gmail.com,(21) 97435-3228,NÃO,Nenhum,sem_assinatura,CIABA,YRWIN GOMES FRANÇA DE ALMEIDA,100496-0,352,SALVADOR,205,02/11/2006,1.0,exact_match,N/A
31519,43232539,Guilherme Pereira Diniz,guilhermeworkline@gmail.com,(95) 98104-1010,NÃO,Nenhum,sem_assinatura,CIABA,GUILHERME PEREIRA DINIZ,107598-7,460,MANAUS,195,28/09/2007,1.0,exact_match,N/A
30943,43432701,Eduardo Henrique Siqueira Araujo,dudugamers2007@gmail.com,(79) 98141-2057,NÃO,Nenhum,sem_assinatura,CIABA,EDUARDO HENRIQUE SIQUEIRA ARAUJO,100898-7,967,SALVADOR,170,12/04/2007,1.0,exact_match,N/A
31176,43360850,Antonio Gabriel de Mendonça Sousa,gsgabriel2004@gmail.com,(86) 98866-6957,SIM,"Curso de Oficial: EFOMM, AFA e Escola Naval - Assinatura, Nivelamento de Matemática - Assinatura, Nivelamento de Física - Assinatura",active,CIABA,ANTONIO GABRIEL DE MENDONÇA SOUSA,106549-8,970,PARNAÍBA,170,22/12/2004,1.0,exact_match,N/A
32422,42672031,Alex Santos Do Amaral,alexsantamaral@gmail.com,(91) 98587-5845,SIM,"Nivelamento de Matemática - Assinatura, Nivelamento de Física - Assinatura, Curso de Oficial: EFOMM, AFA e Escola Naval - Assinatura",active,CIABA,ALEX SANTOS DO AMARAL,100226-0,605,BELÉM,185,27/02/2006,1.0,exact_match,N/A
33926,40540584,Arthur Jonas Gomes De Fontes,jonasarthur945@gmail.com,(81) 98565-3961,NÃO,Nenhum,expired,CIABA,ARTHUR JONAS GOMES DE FONTES,102756-3,799,RECIFE,175,02/07/2006,1.0,exact_match,N/A
34159,39915861,Fabricio Mendonça Ferreira,fabriciomend0506@gmail.com,(83) 98647-8261,NÃO,Nenhum,expired,CIABA,FABRICIO MENDONÇA FERREIRA,104695-9,793,RECIFE,175,05/06/2005,1.0,exact_match,N/A
32616,42637696,Pedro Levi Bandeira Brito,plevi324@gmail.com,(85) 99220-5736,SIM,"Nivelamento de Matemática - Assinatura, Nivelamento de Física - Assinatura, Curso de Oficial: EFOMM, AFA e Escola Naval - Assinatura",active,CIABA,PEDRO LEVI BANDEIRA BRITO,100479-1,802,FORTALEZA,175,05/03/2006,1.0,exact_match,N/A
32980,41958034,Arthur De Moura Guedes,arthurdmg@gmail.com,(84) 99833-4668,SIM,"Curso de Oficial: EFOMM, AFA e Escola Naval - Assinatura, Nivelamento de Matemática - Assinatura, Nivelamento de Física - Assinatura",active,CIABA,ARTHUR DE MOURA GUEDES,101944-0,507,NATAL,195,19/09/2007,1.0,exact_match,N/A
33144,41787694,Wellington Gurgel De Carvalho Camilo,gurgelwellington0@gmail.com,(84) 99192-3654,SIM,"Nivelamento de Física - Assinatura, Curso de Oficial: EFOMM, AFA e Escola Naval - Assinatura, Nivelamento de Matemática - Assinatura",active,CIABA,WELLINGTON GURGEL DE CARVALHO CAMILO,100452-1,927,NATAL,170,12/09/2007,1.0,exact_match,N/A
33204,41727795,Kaio Ramalho De Araújo,kaioramalhoaraujo@gmail.com,(85) 98590-0185,SIM,"Curso de Oficial: EFOMM, AFA e Escola Naval - Assinatura, Nivelamento de Física - Assinatura, Nivelamento de Matemática - Assinatura",active,CIABA,KAIO RAMALHO DE ARAÚJO,106716-0,414,FORTALEZA,200,13/07/2006,1.0,exact_match,N/A
30622,43554619,João Guilherme Lisbôa Correia,joaolisboa8002@gmail.com,(24) 99816-8282,SIM,"Nivelamento de Matemática - Assinatura, Curso de Oficial: EFOMM, AFA e Escola Naval - Assinatura, Nivelamento de Física - Assinatura",active,CIABA,JOÃO GUILHERME LISBÔA CORREIA,106545-5,820,SALVADOR,175,22/02/2008,1.0,exact_match,N/A
34463,38393835,André Gabriel Campos Da Silva,andregabriel2908@gmail.com,(84) 98842-6746,NÃO,Nenhum,expired,CIABA,ANDRÉ GABRIEL CAMPOS DA SILVA,113509-7,617,NATAL,185,29/09/2008,1.0,exact_match,N/A
35058,37077332,Mateus Clementino Malveira,malveira3005@gmail.com,(81) 99821-7954,NÃO,Nenhum,expired,CIABA,MATEUS CLEMENTINO MALVEIRA,111133-5,750,RECIFE,180,30/09/2005,1.0,exact_match,N/A
34893,37420570,Joao Andrye Santos Ribeiro,andrye06ribeiro09@gmail.com,(83) 99924-3972,NÃO,Nenhum,expired,CIABA,JOÃO ANDRYÊ SANTOS RIBEIRO,101471-1,631,NATAL,185,06/09/2007,1.0,exact_match,N/A
33122,41807271,Rafael Ferreira Rael,rafaeleqpcao@gmail.com,(21) 98712-7494,SIM,"Nivelamento de Física - Assinatura, Curso de Oficial: EFOMM, AFA e Escola Naval - Assinatura, Nivelamento de Matemática - Assinatura",active,CIABA,RAFAEL FERREIRA RAEL,108201-0,350,RECIFE,205,03/06/2006,1.0,exact_match,N/A
35400,36565165,João Magno Abreu Alves,joaomagnoaa10@gmail.com,(88) 99492-8198,NÃO,Nenhum,expired,CIABA,JOAO MAGNO ABREU ALVES,108461-3,31,FORTALEZA,270,05/05/2009,1.0,exact_match,N/A
34966,37238144,Lucas da Rocha Lira,lr4480977@gmail.com,(84) 99834-5218,NÃO,Nenhum,expired,CIABA,LUCAS DA ROCHA LIRA,106762-9,439,NATAL,200,19/01/2005,1.0,exact_match,N/A
32731,42406171,Luiz Felipe Rodriguez Santos,felipe19rodriguez@gmail.com,(91) 98483-5797,SIM,"Nivelamento de Matemática - Assinatura, Curso de Oficial: EFOMM, AFA e Escola Naval - Assinatura, Nivelamento de Física - Assinatura",active,CIABA,LUIZ FELIPE RODRIGUEZ SANTOS,102411-9,655,BELÉM,185,19/01/2004,1.0,exact_match,N/A
34777,37490071,Gustavo Sandes Araujo,gustavosandes888@gmail.com,(79) 99664-4300,SIM,"Nivelamento de Física - Assinatura, Curso de Oficial: EFOMM, AFA e Escola Naval - Assinatura, Nivelamento de Matemática - Assinatura","active, expired",CIABA,GUSTAVO SANDES ARAUJO,109599-6,419,SALVADOR,200,19/05/2007,1.0,exact_match,N/A
34733,37524408,Daniel Agostinho De Souza Rodrigues,danielmilanista1899@gmail.com,(88) 98874-9213,SIM,"Nivelamento de Matemática - Assinatura, Nivelamento de Física - Assinatura, Curso de Oficial: EFOMM, AFA e Escola Naval - Assinatura","active, expired",CIABA,DANIEL AGOSTINHO DE SOUZA RODRIGUES,102231-6,900,FORTALEZA,170,18/01/2008,1.0,exact_match,N/A
35342,36621205,RIQUELME RAFAEL CORDEIRO CORDEIRO,riquelmetwo9@gmail.com,(55) 91985-7509,NÃO,Nenhum,expired,CIABA,RIQUELME RAFAEL CORDEIRO CORDEIRO,106111-2,794,BELÉM,175,17/02/2007,1.0,exact_match,N/A
31788,43188914,Gabriely Lima Dos Anjos,gabrielylanjoss@gmail.com,(85) 99269-5181,SIM,"Curso de Oficial: EFOMM, AFA e Escola Naval - Assinatura, Nivelamento de Física - Assinatura, Nivelamento de Matemática - Assinatura",active,CIABA,GABRIELY LIMA DOS ANJOS,101491-4,692,FORTALEZA,180,16/12/2003,1.0,exact_match,N/A
31726,43188985,JOAO VICTOR CARDOSO DE OLIVEIRA,joaovictorcardoso256@gmail.com,(38) 99852-7697,NÃO,Nenhum,sem_assinatura,CIABA,JOAO VICTOR CARDOSO DE OLIVEIRA,100571-9,643,SALVADOR,185,28/08/2006,1.0,exact_match,N/A
35794,36322854,Nathália Cristina Simões Rayol,nathaliasrayol@gmail.com,(91) 98130-2932,NÃO,Nenhum,expired,CIABA,NATHÁLIA CRISTINA SIMÕES RAYOL,103218-6,206,BELÉM,225,14/12/2006,1.0,exact_match,N/A
144030,44520368,Lucas Gusmão Vilas Boas,lugusmaovilasboas@gmail.com,(71) 98195-5426,NÃO,Nenhum,sem_assinatura,CIABA,LUCAS GUSMÃO VILAS BOAS,107236-4,174,SALVADOR,230,19/02/2008,1.0,exact_match,N/A
36572,34532521,João Matheus Costa Albuquerque Moura,mateuscam08@gmail.com,(81) 99310-6490,NÃO,Nenhum,expired,CIABA,JOÃO MATHEUS COSTA ALBUQUERQUE MOURA,100317-4,745,RECIFE,180,03/07/2008,1.0,exact_match,N/A
34233,39672105,Lucas Dias Da Rocha,lucasdiasdarocha@gmail.com,(67) 99863-7065,NÃO,Nenhum,expired,CIABA,LUCAS DIAS DA ROCHA,110465-3,983,SALVADOR,170,26/05/2009,1.0,exact_match,N/A
39276,22123364,Vinícius Gabriel Silva Campos,vcampos2243@gmail.com,(12) 99261-0642,SIM,"Curso de Oficial: EFOMM, AFA e Escola Naval - Assinatura, Nivelamento de Matemática - Assinatura, Nivelamento de Física - Assinatura","active, expired",CIABA,VINÍCIUS GABRIEL SILVA CAMPOS,104885-8,644,SALVADOR,185,22/04/2003,1.0,exact_match,N/A
37204,32331598,Kelvyn De Paula Carvalho,kelvyn0810@gmail.com,(27) 99261-1175,NÃO,Nenhum,expired,CIABA,KELVYN DE PAULA CARVALHO,100555-9,767,SALVADOR,180,08/10/2004,1.0,exact_match,N/A
37615,31214206,DAVID ANDRES PAIVA DE SOUSA,davidandrespaiva989990@gmail.com,(84) 99692-6076,NÃO,Nenhum,expired,CIABA,DAVID ANDRES PAIVA DE SOUSA,109050-3,816,NATAL,175,04/04/2006,1.0,exact_match,N/A
38317,29721901,Fábio Augusto Vacari Dos Santos,fabiobr2016@gmail.com,(15) 99750-5552,NÃO,Nenhum,expired,CIABA,FABIO AUGUSTO VACARI DOS SANTOS,100989-1,703,SALVADOR,180,06/08/2005,1.0,exact_match,N/A
39089,22346949,Enzo Baleki,enzobaleki33@gmail.com,(11) 97394-2008,NÃO,Nenhum,"expired, inactive",CIABA,ENZO BALEKI,105147-5,69,NATAL,225,28/03/2008,1.0,exact_match,N/A
38878,27216078,Isaque Silva Santos,isaque_silva1@outlook.com.br,(87) 99129-1966,NÃO,Nenhum,expired,CIABA,ISAQUE SILVA SANTOS,100671-1,232,RECIFE,220,14/06/2003,1.0,exact_match,N/A
39096,22324084,Wdis Kaue Da Cruz Alves,wdiskaue@gmail.com,(73) 98149-7271,NÃO,Nenhum,expired,CIABA,WDIS KAUÊ DA CRUZ ALVES,106141-1,390,FORTALEZA,200,17/11/2006,1.0,exact_match,N/A
39204,22150293,João Pedro de Andrade Soares,joao10colina@gmail.com,(21) 99317-9904,NÃO,Nenhum,expired,CIABA,JOÃO PEDRO DE ANDRADE SOARES,110987-6,433,RECIFE,200,28/02/2003,1.0,exact_match,N/A
39263,22124041,Arthur Manoel Alves Costa,rumoamarinha01@gmail.com,(91) 98626-3873,NÃO,Nenhum,expired,CIABA,ARTHUR MANOEL ALVES COSTA,107258-3,400,BELÉM,200,26/12/2004,1.0,exact_match,N/A
39286,22105213,Victor Reis Dos Santos,victoor.reiss@gmail.com,(91) 98046-3368,SIM,Live Nivelamento de Fisíca,"active, expired",CIABA,VICTOR REIS DOS SANTOS,107308-4,656,BELÉM,185,03/11/2005,1.0,exact_match,N/A
32442,42665717,João pedro Silva Laureano,laureanocmf@gmail.com,(85) 98820-6904,SIM,"Curso de Oficial: EsPCEx - Assinatura, Nivelamento de Matemática - Assinatura, Curso de Oficial: EFOMM, AFA e Escola Naval - Assinatura, Nivelamento de Física - Assinatura",active,CIABA,JOÃO PEDRO SILVA LAUREANO LUIZ,101666-1,149,RECIFE,235,07/06/2006,0.984,contained_substring,NAO
30782,43440534,Paulo Henrique Medeiros,paulohmf52@gmail.com,(85) 98471-9743,NÃO,Nenhum,sem_assinatura,CIABA,PAULO HENRIQUE MEDEIROS FRANCO,101711-1,397,FORTALEZA,200,08/05/2004,0.98,contained_substring,NAO
32460,42653143,Gustavo Henrique Da Cruz,gustavohcmaciel15@gmail.com,(84) 99928-2602,SIM,"Nivelamento de Física - Assinatura, Curso de Oficial: EFOMM, AFA e Escola Naval - Assinatura, Nivelamento de Matemática - Assinatura",active,CIABA,GUSTAVO HENRIQUE DA CRUZ MACIEL,105718-0,808,NATAL,175,15/01/2005,0.98,contained_substring,SIM
35375,36603412,Ana Clara Da Silva,anasilva461523@gmail.com,(94) 98412-7548,NÃO,Nenhum,expired,CIABA,ANA CLARA DA SILVA MENDES,113041-3,841,BELÉM,175,23/03/2009,0.98,contained_substring,NAO
31551,43212888,João Guilherme Oliveira,joaoguilhermeo.b@gmail.com,(85) 99751-5695,NÃO,Nenhum,sem_assinatura,CIABA,JOAO GUILHERME OLIVEIRA DE LIMA,102177-8,272,RECIFE,215,16/09/2003,0.98,contained_substring,NAO
32117,42932246,Pedro Lima Dos Santos,pedrolimadossantos00@gmail.com,(21) 98386-3586,SIM,"Curso de Oficial: EFOMM, AFA e Escola Naval - Assinatura, Nivelamento de Física - Assinatura, Nivelamento de Matemática - Assinatura",active,CIABA,FRANCISCO PEDRO LIMA DOS SANTOS,102945-4,381,FORTALEZA,205,27/06/2008,0.98,contained_substring,NAO
36682,34329014,Ana Clara Da Silva,anamilitarp4@gmail.com,(35) 99762-3635,NÃO,Nenhum,expired,CIABA,ANA CLARA DA SILVA MENDES,113041-3,841,BELÉM,175,23/03/2009,0.98,contained_substring,NAO
164156,44748681,lethicia veillard,veillard.planteldeduvidas@gmail.com,(21) 98099-7175,NÃO,Nenhum,sem_assinatura,CIABA,LETHICIA VEILLARD CLEMENTINO,100476-7,379,RECIFE,205,31/07/2004,0.9733,contained_substring,NAO
38676,27988784,Rafael Alonso,rafaalonsononato@gmail.com,(61) 99142-2219,NÃO,Nenhum,expired,CIABA,RAFAEL ALONSO NONATO,112191-2,728,RECIFE,180,20/07/2006,0.9733,contained_substring,SIM
30759,43442276,Daniel Rodrigues,danielrdgsviana@gmail.com,(84) 99953-6797,NÃO,Nenhum,sem_assinatura,CIABA,DANIEL RODRIGUES VIANA,100147-8,635,NATAL,185,21/02/2008,0.9733,contained_substring,SIM
35878,36266181,Guilherme Barbosa,guiplayfull@gmail.com,(99) 98507-6834,NÃO,Nenhum,expired,CIABA,GUILHERME BARBOSA DOS SANTOS,100868-8,366,SALVADOR,205,16/04/2003,0.9733,contained_substring,NAO
31801,43188901,Matheus Barros,matheusbarrospinto192@gmail.com,(82) 99954-9894,NÃO,Nenhum,sem_assinatura,CIABA,MATHEUS BARROS PINTO,104075-0,202,RECIFE,225,06/10/2005,0.9733,contained_substring,SIM
38422,29056774,Gabriel Rodrigues,gabrielrsantos0318@gmail.com,(21) 98251-2274,NÃO,Nenhum,expired,CIABA,GABRIEL RODRIGUES DOS SANTOS,100283-3,762,RECIFE,180,17/04/2008,0.9733,contained_substring,SIM
34307,39306181,Lucas Tavares,tavaresantoslucas@outlook.com,(31) 98976-4977,NÃO,Nenhum,expired,CIABA,LUCAS TAVARES VITORIANO,108593-1,106,FORTALEZA,250,03/04/2006,0.9733,contained_substring,NAO
32592,42637764,Lucas Gomes,lucas.souza18122@gmail.com,(21) 97494-5816,SIM,"Nivelamento de Física - Assinatura, Curso de Oficial: EsPCEx - Assinatura, Nivelamento de Matemática - Assinatura",active,CIABA,LUCAS GOMES SILVA,104843-6,398,RECIFE,200,11/05/2007,0.9733,contained_substring,NAO
36513,34672466,Pedro Carvalho,aalmagid21@gmail.com,(21) 98472-5156,NÃO,Nenhum,expired,CIABA,PEDRO CARVALHO COUTINHO,101512-4,634,FORTALEZA,185,19/02/2005,0.9733,contained_substring,NAO
35911,36207329,Lucas Tavares,lt909907@gmail.com,(61) 99158-1548,NÃO,Nenhum,expired,CIABA,LUCAS TAVARES VITORIANO,108593-1,106,FORTALEZA,250,03/04/2006,0.9733,contained_substring,NAO
30633,43542300,André Luis,aandreluiscc@gmail.com,(21) 96587-0992,SIM,"Nivelamento de Física - Assinatura, Curso de Oficial: EFOMM, AFA e Escola Naval - Assinatura, Nivelamento de Matemática - Assinatura",active,CIABA,ANDRÉ LUIS SILVA,108098-9,710,NATAL,180,14/07/2006,0.9733,contained_substring,NAO
164257,44782293,Italo Nascimento,italonascimento369@gmail.com,(85) 98670-4925,NÃO,Nenhum,sem_assinatura,CIABA,ITALO NASCIMENTO AQUINO,101499-0,133,FORTALEZA,240,13/01/2009,0.9733,contained_substring,NAO
32678,42560328,Victor Reis,reis44835@gmail.com,(83) 98199-2206,SIM,"Nivelamento de Matemática - Assinatura, Curso de Oficial: EFOMM, AFA e Escola Naval - Assinatura, Nivelamento de Física - Assinatura",active,CIABA,VICTOR REIS DOS SANTOS,107308-4,656,BELÉM,185,03/11/2005,0.9733,contained_substring,NAO
164431,44886852,Caua Silva,cauasilv41@gmail.com,(81) 99178-8460,SIM,Nivelamento de Física - Assinatura,active,CIABA,CAUA SILVA BATISTA,108557-9,657,BELÉM,185,22/07/2007,0.9733,contained_substring,NAO
33384,41653384,Mateus Dias,mdmarinho2003@gmail.com,(21) 99493-0247,NÃO,Nenhum,expired,CIABA,MATEUS DIAS BIÉ,102017-7,641,BELÉM,185,24/10/2003,0.9733,contained_substring,NAO
35930,36182244,Gabriel Rodrigues,santossrr.gabriel40@gmail.com,(27) 99757-7719,NÃO,Nenhum,expired,CIABA,GABRIEL RODRIGUES DOS SANTOS,100283-3,762,RECIFE,180,17/04/2008,0.9733,contained_substring,SIM
33500,41616656,André Galvão,andregalvao34@yahoo.com,(84) 98899-8716,SIM,"Nivelamento de Matemática - Assinatura, Nivelamento de Física - Assinatura, Curso de Oficial: EFOMM, AFA e Escola Naval - Assinatura",active,CIABA,ANDRÉ GALVÃO DE OLIVEIRA,101395-4,830,NATAL,175,05/08/2005,0.9733,contained_substring,NAO
165238,45376662,Lucas Santos,amorimlucas949@gmail.com,(21) 98174-8806,SIM,"Curso de Oficial: EFOMM, AFA e Escola Naval - Assinatura, Nivelamento de Matemática - Assinatura, Nivelamento de Física - Assinatura",active,CIABA,LUCAS SANTOS DA SILVA,111703-2,601,FORTALEZA,185,31/08/2008,0.9733,contained_substring,NAO
33695,41131561,Gabriel Mendes,gabriel.mendes.4670@gmail.com,(61) 98206-0791,SIM,"Nivelamento de Física - Assinatura, Nivelamento de Matemática - Assinatura",active,CIABA,GABRIEL MENDES MENALI,108288-8,28,FORTALEZA,270,14/08/2006,0.9733,contained_substring,NAO
34394,38798277,Arthur Souza,arthurgomessz16@gmail.com,(96) 98423-3997,NÃO,Nenhum,expired,CIABA,ARTHUR SOUZA DE OLIVEIRA,112403-0,418,MANAUS,200,03/06/2009,0.9733,contained_substring,NAO
35358,36613977,Guilherme Lins,guilherme0017@hotmail.com,(81) 99481-7486,SIM,"Nivelamento de Física - Assinatura, Curso de Oficial: EFOMM, AFA e Escola Naval - Assinatura, Nivelamento de Matemática - Assinatura","active, expired",CIABA,GUILHERME LINS DE BIASE,102344-0,301,RECIFE,210,22/04/2009,0.9733,contained_substring,NAO
143620,44634795,Pedro Costa,pedcoagg@gmail.com,(61) 99944-7508,SIM,Nivelamento de Física - Assinatura,active,CIABA,PEDRO COSTA GARCIA,100669-0,520,BELÉM,195,12/08/2009,0.9733,contained_substring,NAO
36187,35463921,Victor Souza,victor.gama.jf@gmail.com,(32) 99174-7048,NÃO,Nenhum,expired,CIABA,VICTOR SOUZA LEITE,109005-2,857,SALVADOR,175,16/04/2006,0.9733,contained_substring,NAO
36352,34820749,Davi Passos,davipassos2003pr@gmail.com,(24) 99335-1643,NÃO,Nenhum,expired,CIABA,DAVI PASSOS ALMEIDA,107590-1,229,SALVADOR,220,23/07/2003,0.9733,contained_substring,NAO
35295,36633361,Pedro Carvalho,pedrocarvalhocout@gmail.com,(85) 99203-7953,SIM,"Curso de Oficial: EsPCEx - Assinatura, Nivelamento de Física - Assinatura, Nivelamento de Matemática - Assinatura","active, expired",CIABA,PEDRO CARVALHO COUTINHO,101512-4,634,FORTALEZA,185,19/02/2005,0.9733,contained_substring,NAO
31350,43307687,Guilherme Figueiredo,paixaoguilherme2008@gmail.com,(71) 98474-6611,SIM,"Nivelamento de Física - Assinatura, Nivelamento de Matemática - Assinatura, Curso EEAR - Assinatura",active,CIABA,GUILHERME FIGUEIREDO BEZERRA,107458-9,446,FORTALEZA,195,04/07/2007,0.9733,contained_substring,NAO
164086,44746514,pedro lima,pedrolyma.2020@gmail.com,(85) 99268-4252,NÃO,Nenhum,sem_assinatura,CIABA,PEDRO LIMA CHAVES,112460-3,484,FORTALEZA,195,26/05/2008,0.9733,contained_substring,NAO
33157,41768331,Pedro Rocha,pedro14zsx@gmail.com,(32) 98403-8861,SIM,"Nivelamento de Matemática - Assinatura, Curso de Oficial: EFOMM, AFA e Escola Naval - Assinatura, Nivelamento de Física - Assinatura",active,CIABA,PEDRO ROCHA DO NASCIMENTO,101760-5,38,MANAUS,260,13/07/2006,0.9733,contained_substring,NAO
33370,41666484,Mateus Dias,mateusdias0246@gmail.com,(68) 99228-3376,NÃO,Nenhum,expired,CIABA,MATEUS DIAS BIÉ,102017-7,641,BELÉM,185,24/10/2003,0.9733,contained_substring,NAO
31864,43109375,Ryan Silva,vitoryan766@gmail.com,(96) 98402-1838,SIM,"Curso de Oficial: EFOMM, AFA e Escola Naval - Assinatura, Nivelamento de Física - Assinatura, Nivelamento de Matemática - Assinatura",active,CIABA,RYAN SILVA SOUZA,109495-0,895,PARNAÍBA,170,05/06/2006,0.9733,contained_substring,NAO
164138,44747249,Bernardo Ferraz,bernardoferraz211@gmail.com,(21) 99760-2007,NÃO,Nenhum,sem_assinatura,CIABA,BERNARDO FERRAZ NASCIMENTO,100401-1,619,SALVADOR,185,02/04/2007,0.9733,contained_substring,NAO
37145,32491203,Lucas S,lucassouzasp@hotmail.com,(11) 96527-8784,SIM,"Curso de Oficial: EFOMM, AFA e Escola Naval - Assinatura, Nivelamento de Física - Assinatura, Nivelamento de Matemática - Assinatura",active,CIABA,LUCAS SANTOS DA SILVA,111703-2,601,FORTALEZA,185,31/08/2008,0.9733,contained_substring,NAO
36394,34770033,Nathan Carvalho,nathan.carvalho478@gmail.com,(24) 99944-5512,NÃO,Nenhum,expired,CIABA,NATHAN CARVALHO DE SOUZA,106943-0,201,SALVADOR,225,26/08/2004,0.9733,contained_substring,NAO
32898,42046960,Lucas Bezerra,lucasbzk70@gmail.com,(86) 99556-4747,SIM,"Curso de Oficial: EFOMM, AFA e Escola Naval - Assinatura, Nivelamento de Matemática - Assinatura, Nivelamento de Física - Assinatura",active,CIABA,LUCAS BEZERRA DIAS,113925-8,454,NATAL,195,22/03/2006,0.9733,contained_substring,NAO
31874,43080531,Guilherme Sousa,gsousaesilva7@gmail.com,(19) 99576-2842,NÃO,Nenhum,expired,CIABA,GUILHERME SOUSA SILVA,107399-0,221,FORTALEZA,220,28/12/2009,0.9733,contained_substring,SIM
31380,43299475,Gabriel Fernandes,gabriel985329291@gmail.com,(55) 21966-9429,NÃO,Nenhum,sem_assinatura,CIABA,GABRIEL FERNANDES DE CARVALHO,103061-5,573,SALVADOR,190,01/12/2007,0.9733,contained_substring,NAO
35776,36323008,Lucas Alves,lucaspereira7865@gmail.com,(21) 97423-0261,SIM,"Nivelamento de Matemática - Assinatura, Nivelamento de Física - Assinatura, Curso de Oficial: EFOMM, AFA e Escola Naval - Assinatura","active, expired",CIABA,LUCAS ALVES DO RÊGO,103051-9,885,FORTALEZA,170,28/12/2005,0.9733,contained_substring,NAO
35443,36496034,Lucas Alves,lucasdafonseca1011@gmail.com,(21) 96478-5698,SIM,Nivelamento de Matemática - Assinatura,"active, expired",CIABA,LUCAS ALVES DO RÊGO,103051-9,885,FORTALEZA,170,28/12/2005,0.9733,contained_substring,NAO
85660,43757139,Ian Aguiar,ianaguiarpimenta07@gmail.com,(85) 99688-3376,NÃO,Nenhum,sem_assinatura,CIABA,IAN AGUIAR PIMENTA,100444-1,828,FORTALEZA,175,07/03/2005,0.9733,contained_substring,SIM
33653,41463742,Mateus Dias,mateusbie6@gmail.com,(11) 93486-2729,SIM,"Curso de Oficial: EFOMM, AFA e Escola Naval - Assinatura, Nivelamento de Física - Assinatura, Nivelamento de Matemática - Assinatura",active,CIABA,MATEUS DIAS BIÉ,102017-7,641,BELÉM,185,24/10/2003,0.9733,contained_substring,SIM
104386,44054397,Davi Oliveira,davi.araaujo22@gmail.com,(24) 99908-2861,NÃO,Nenhum,sem_assinatura,CIABA,DAVI OLIVEIRA FERNANDES,103349-6,812,SALVADOR,175,06/05/2008,0.9733,contained_substring,NAO
31235,43326415,Manuelle Lopes,mxnulopes@gmail.com,(22) 99937-3664,NÃO,Nenhum,sem_assinatura,CIABA,MANUELLE LOPES VERNECK,101884-3,734,BELÉM,180,14/03/2007,0.9733,contained_substring,NAO
31836,43151869,Samuel Reis,samuelrc1211@gmail.com,(91) 98629-1117,SIM,"Nivelamento de Física - Assinatura, Curso de Oficial: EFOMM, AFA e Escola Naval - Assinatura, Nivelamento de Matemática - Assinatura",active,CIABA,SAMUEL REIS ANDRADE,109144-2,173,SALVADOR,230,14/01/2005,0.9733,contained_substring,NAO
33117,41809839,Isaac Costa,isaaccostadsouza@gmail.com,(21) 98738-6365,SIM,"Nivelamento de Matemática - Assinatura, Curso de Oficial: EFOMM, AFA e Escola Naval - Assinatura, Nivelamento de Física - Assinatura",active,CIABA,ISAAC COSTA DE SOUZA,102585-9,180,RECIFE,230,09/09/2005,0.9733,contained_substring,SIM
32775,42264570,Lucas Fagundes,studieslukz@gmail.com,(35) 99992-5139,SIM,"Curso de Oficial: EFOMM, AFA e Escola Naval - Assinatura, Nivelamento de Matemática - Assinatura, Nivelamento de Física - Assinatura",active,CIABA,LUCAS FAGUNDES ALVES,106352-1,920,BELÉM,170,21/07/2007,0.9733,contained_substring,NAO
104403,44053754,Erick Costa,erickcostac17@gmai.com,(84) 99647-6955,NÃO,Nenhum,sem_assinatura,CIABA,ERICK COSTA ARAÚJO,113134-4,432,FORTALEZA,200,24/07/2005,0.9733,contained_substring,NAO
104415,44053558,Lucas gomes,lucasgomessilvags@gmail.com,(79) 99913-1562,NÃO,Nenhum,sem_assinatura,CIABA,LUCAS GOMES SILVA,104843-6,398,RECIFE,200,11/05/2007,0.9733,contained_substring,SIM
133553,44211681,Lucas Alves ,lucaswoter@gmail.com,(21) 99442-2581,SIM,"Nivelamento de Matemática - Assinatura, Curso de Oficial: EFOMM, AFA e Escola Naval - Assinatura, Nivelamento de Física - Assinatura","active, inactive",CIABA,LUCAS ALVES DO RÊGO,103051-9,885,FORTALEZA,170,28/12/2005,0.9733,contained_substring,NAO
33679,41232089,Gustavo Rodrigues,gustavorodrigues.0780@gmail.com,(31) 97213-5197,NÃO,Nenhum,expired,CIABA,GUSTAVO RODRIGUES DE CASTRO,107505-5,781,FORTALEZA,175,20/11/2008,0.9733,contained_substring,NAO
34528,38070803,Arthur Machado,wt4arthur@gmail.com,(21) 98590-5492,NÃO,Nenhum,expired,CIABA,ARTHUR MACHADO DA COSTA,100345-7,413,NATAL,200,24/05/2004,0.9733,contained_substring,NAO
35467,36477967,Gabriel Araújo,gabri3l.4raujo@outlook.com,(21) 97265-0607,NÃO,Nenhum,expired,CIABA,GABRIEL ARAÚJO TEIXEIRA,108182-6,733,FORTALEZA,180,20/07/2004,0.9733,contained_substring,NAO
133683,44340269,Gustavo Santos,gustavoms9660@gmail.com,(13) 99781-3016,SIM,"Nivelamento de Matemática - Assinatura, Nivelamento de Física - Assinatura",active,CIABA,GUSTAVO SANTOS DE AGUIAR,100596-2,437,RECIFE,200,01/12/2007,0.9733,contained_substring,NAO
144001,44386278,Matheus Fernandes,mfg7413@gmail.com,(21) 99844-1286,SIM,"Nivelamento de Física - Assinatura, Curso de Oficial: EsPCEx - Assinatura, Nivelamento de Matemática - Assinatura",active,CIABA,MATHEUS FERNANDES ULISSES,108604-5,61,FORTALEZA,235,14/09/2005,0.9733,contained_substring,NAO
104598,44009729,Gabriel M,2004medeiros@gmail.com,(61) 98144-9011,SIM,"Nivelamento de Física - Assinatura, Nivelamento de Matemática - Assinatura, Curso de Oficial: EFOMM, AFA e Escola Naval - Assinatura",active,CIABA,GABRIEL MENDES MENALI,108288-8,28,FORTALEZA,270,14/08/2006,0.9733,contained_substring,NAO
38268,29890480,Rodrigo Silva,rddotrembala69@gmail.com,(21) 96580-4835,SIM,"Curso de Oficial: EFOMM, AFA e Escola Naval - Assinatura, Nivelamento de Física - Assinatura, Nivelamento de Matemática - Assinatura","active, expired",CIABA,RODRIGO SILVA DA SILVA,109681-7,628,BELÉM,185,25/10/2006,0.9733,contained_substring,N/A
32120,42931105,Mel Sansone,mel.sansoney@gmail.com,(12) 99185-9763,SIM,"Curso de Oficial: EFOMM, AFA e Escola Naval - Assinatura, Nivelamento de Física - Assinatura, Nivelamento de Matemática - Assinatura",active,CIABA,MEL SANSONE YANAGAWA,109134-6,772,SALVADOR,180,17/03/2005,0.9733,contained_substring,NAO
33461,41625443,Gabriel Rodrigues,gr649110@gmail.com,(21) 97323-7474,SIM,"Nivelamento de Matemática - Assinatura, Curso de Oficial: EsPCEx - Assinatura, Nivelamento de Física - Assinatura",active,CIABA,GABRIEL RODRIGUES DOS SANTOS,100283-3,762,RECIFE,180,17/04/2008,0.9733,contained_substring,NAO
31886,43072393,Gabriel Moraes,gbrielmoraes4@gmail.com,(21) 97748-6605,SIM,"Nivelamento de Matemática - Assinatura, Curso de Oficial: EPCAR - Assinatura, Nivelamento de Física - Assinatura",active,CIABA,GABRIEL MORAES BARCELLOS,107803-7,866,FORTALEZA,175,27/09/2008,0.9733,contained_substring,NAO
35860,36300345,Lucas Oliveira,lucassodre373@gmail.com,(21) 97987-0389,NÃO,Nenhum,expired,CIABA,LUCAS OLIVEIRA ALMEIDA,100615-6,880,FORTALEZA,170,27/02/2008,0.9733,contained_substring,NAO
33984,40335414,Gabriel Mendes,gabrielddsmendes@gmail.com,(21) 97360-9157,NÃO,Nenhum,expired,CIABA,GABRIEL MENDES MENALI,108288-8,28,FORTALEZA,270,14/08/2006,0.9733,contained_substring,NAO
33838,40644868,Rafael Alonso,rafaelalonso015@gmail.com,(11) 94679-5726,SIM,"Curso de Oficial: EFOMM, AFA e Escola Naval - Assinatura, Nivelamento de Matemática - Assinatura, Nivelamento de Física - Assinatura",active,CIABA,RAFAEL ALONSO NONATO,112191-2,728,RECIFE,180,20/07/2006,0.9733,contained_substring,NAO
144043,44519754,Isaque Silva,isaquejacobina2022@gmail.com,(65) 98469-7258,SIM,"Nivelamento de Física - Assinatura, Nivelamento de Matemática - Assinatura, Curso de Oficial: EFOMM, AFA e Escola Naval - Assinatura",active,CIABA,ISAQUE SILVA SANTOS,100671-1,232,RECIFE,220,14/06/2003,0.9733,contained_substring,NAO
36748,34022670,Gabriel Leonardo,leonardogabril985@gmail.com,(81) 99737-7661,NÃO,Nenhum,expired,CIABA,GABRIEL LEONARDO FORTE,101245-0,985,FORTALEZA,170,31/07/2007,0.9733,contained_substring,NAO
37180,32412777,Iago Ferreira,iagosilvestre10@gmail.com,(21) 99570-3110,NÃO,Nenhum,expired,CIABA,IAGO FERREIRA SILVESTRE,104671-3,498,SALVADOR,195,20/02/2004,0.9733,contained_substring,SIM
37254,32125506,Matheus Calixto,matheuzinholindinho40@gmail.com,(21) 99247-9423,NÃO,Nenhum,expired,CIABA,MATHEUS CALIXTO HOTZ,107186-3,749,RECIFE,180,21/09/2007,0.9733,contained_substring,NAO
37617,31202220,Gabriel Da Silva,gabriell.siillvags2006@gmail.com,(21) 99209-9354,NÃO,Nenhum,expired,CIABA,GABRIEL DA SILVA VIANA,109528-3,275,FORTALEZA,210,05/05/2003,0.9733,contained_substring,NAO
37825,30840730,Leonardo Mendes,leocandidom@gmail.com,(21) 97241-0175,NÃO,Nenhum,expired,CIABA,LEONARDO MENDES FARIAS,108429-3,679,FORTALEZA,180,10/11/2006,0.9733,contained_substring,NAO
38112,30466965,Matheus Barros,barrosmatheus17b@icloud.com,(87) 99962-5750,NÃO,Nenhum,expired,CIABA,MATHEUS BARROS PINTO,104075-0,202,RECIFE,225,06/10/2005,0.9733,contained_substring,NAO
38024,30708178,Pedro Lima,plbxxx6@gmail.com,(21) 96430-0629,NÃO,Nenhum,expired,CIABA,PEDRO LIMA CHAVES,112460-3,484,FORTALEZA,195,26/05/2008,0.9733,contained_substring,NAO
37961,30725199,Matheus Brito,matheusmbrito2001@gmail.com,(21) 97713-6339,NÃO,Nenhum,expired,CIABA,MATHEUS BRITO LIMA,112492-9,179,FORTALEZA,230,15/10/2008,0.9733,contained_substring,NAO
38162,30237545,Rafael Ferreira,rafaelferreiragoulart13@gmail.com,(21) 98284-2020,NÃO,Nenhum,expired,CIABA,RAFAEL FERREIRA RAEL,108201-0,350,RECIFE,205,03/06/2006,0.9733,contained_substring,NAO
38185,30185137,Gabriel Siqueira,gabrieldasilvaaa@gmail.com,(17) 98808-2440,NÃO,Nenhum,expired,CIABA,GABRIEL SIQUEIRA GONÇALVES,112578-8,354,PARNAÍBA,205,16/03/2006,0.9733,contained_substring,NAO
38214,30089039,Tiago Alexandre,tiagoalex1224@gmail.com,(85) 98974-0260,NÃO,Nenhum,expired,CIABA,TIAGO ALEXANDRE PINHEIRO,108035-6,785,FORTALEZA,175,20/07/2005,0.9733,contained_substring,NAO
38249,29977649,Davi Tavares,davitavarescorreia7@gmail.com,(87) 98139-9570,NÃO,Nenhum,expired,CIABA,DAVI TAVARES ARNAUD,104882-3,470,FORTALEZA,195,23/09/2005,0.9733,contained_substring,NAO
38650,28063097,Gabriel Acioli,gabriel.aciolii@icloud.com,(82) 99383-5462,NÃO,Nenhum,expired,CIABA,GABRIEL ACIOLI BORGES,103843-0,938,FORTALEZA,170,05/07/2006,0.9733,contained_substring,NAO
38726,27742580,Arthur machado,arthurcostanatal@gmail.com,(84) 99496-5050,NÃO,Nenhum,expired,CIABA,ARTHUR MACHADO DA COSTA,100345-7,413,NATAL,200,24/05/2004,0.9733,contained_substring,SIM
38577,28215414,Bruno Ribeiro,pgbruno73@gmail.com,(21) 96582-8724,NÃO,Nenhum,expired,CIABA,BRUNO RIBEIRO KISHI,104720-6,899,BELÉM,170,25/01/2005,0.9733,contained_substring,NAO
38938,26581616,Lucas Tavares,souza.lucas1992@gmail.com,(21) 98720-9740,NÃO,Nenhum,expired,CIABA,LUCAS TAVARES VITORIANO,108593-1,106,FORTALEZA,250,03/04/2006,0.9733,contained_substring,NAO
39425,22040741,Vinicius Souza,viniciussouza1322@gmail.com,(92) 98623-2623,SIM,Live Nivelamento de Fisíca,"active, expired",CIABA,VINÍCIUS SOUZA LEITE,109030-0,838,SALVADOR,175,16/04/2006,0.9733,contained_substring,NAO
39313,22079417,Andrielly Ramires,andryram99@gmail.com,(67) 99191-2833,NÃO,Nenhum,expired,CIABA,ANDRIELLY RAMIRES DE SOUZA,100886-4,862,BELÉM,175,24/09/2003,0.9733,contained_substring,NAO
39234,22137364,Pedro Oliveira,pedrobr077@gmail.com,(12) 98107-7370,SIM,"Live Nivelamento de Fisíca, Nivelamento de Física - Assinatura",active,CIABA,PEDRO OLIVEIRA REIS,104317-6,320,BELÉM,210,21/07/2008,0.9733,contained_substring,NAO
39504,22025803,Alexandre Da Silva,alexandre2003dasilva100@gmail.com,(21) 96557-2556,SIM,Live Nivelamento de Fisíca,"active, expired",CIABA,CLECIO ALEXANDRE DA SILVA,103632-0,976,RECIFE,170,01/08/2005,0.9733,contained_substring,NAO
39431,22039798,Abraão Ribeiro,abraao58galdino@gmail.com,(84) 99207-2691,SIM,Live Nivelamento de Fisíca,"active, expired",CIABA,ABRAÃO RIBEIRO GALDINO,100162-0,952,NATAL,170,03/10/2005,0.9733,contained_substring,SIM
39511,22025637,André Luis,aandreluisoliveira20@gmail.com,(21) 96633-8643,SIM,Live Nivelamento de Fisíca,"active, expired",CIABA,ANDRÉ LUIS SILVA,108098-9,710,NATAL,180,14/07/2006,0.9733,contained_substring,NAO
39613,22023281,Ryan Silva,ryansilva.z2503@gmail.com,(21) 99482-7664,SIM,Live Nivelamento de Fisíca,"active, expired",CIABA,RYAN SILVA SOUZA,109495-0,895,PARNAÍBA,170,05/06/2006,0.9733,contained_substring,NAO
30875,43434200,Eduardo H. M. Barbosa,d4rkwolf2019@gmail.com,(91) 99125-2064,NÃO,Nenhum,sem_assinatura,CIABA,EDUARDO HENRIQUE MONTEIRO BARBOSA,102431-1,267,BELÉM,215,28/03/2005,0.97,contained_tokens,NAO
143596,44644183,Gabriel A. Teixeira,gabrieltteixeira99@gmail.com,(88) 99779-5389,NÃO,Nenhum,sem_assinatura,CIABA,GABRIEL ARAÚJO TEIXEIRA,108182-6,733,FORTALEZA,180,20/07/2004,0.97,contained_tokens,NAO
165130,45346883,Lukas Santos Da Silva,lukas68999@gmail.com,(84) 99194-2757,SIM,Nivelamento de Matemática - Assinatura,active,CIABA,LUCAS SANTOS DA SILVA,111703-2,601,FORTALEZA,185,31/08/2008,0.97,contained_tokens,NAO
33193,41731240,Guilherme Santos Meyrelles,guilhermesantosmeyrelles@gmail.com,(27) 99671-0554,SIM,"Nivelamento de Física - Assinatura, Nivelamento de Matemática - Assinatura, Curso de Oficial: EFOMM, AFA e Escola Naval - Assinatura",active,CIABA,GUILHERME SANTOS MEIRELES,101254-8,502,NATAL,195,28/10/2007,0.97,contained_tokens,NAO
34630,37730913,Mateus Alexander Da Silva,mimateusalexander@gmail.com,(21) 98174-3592,NÃO,Nenhum,expired,CIABA,MATHEUS ALEXANDRINO DA SILVA,111336-5,822,SALVADOR,175,19/03/2007,0.97,contained_tokens,NAO
31813,43188613,JOÃO VICTOR FERREIRA DOS SANTOS,vidinhaamo.vc@gmail.com,(91) 98013-5593,SIM,"Curso de Oficial: EFOMM, AFA e Escola Naval - Assinatura, Nivelamento de Matemática - Assinatura, Nivelamento de Física - Assinatura",active,CIABA,JOÃO VICTOR PEREIRA DOS SANTOS,102343-1,722,RECIFE,180,29/05/2006,0.97,contained_tokens,NAO
30992,43432447,João Victor Dias,victorjoal759@gmail.com,(82) 98736-1240,NÃO,Nenhum,sem_assinatura,CIABA,JOAO VICTOR DIAS TENORIO DE OLIVEIRA,104411-0,943,RECIFE,170,25/04/2009,0.968,contained_substring,NAO
38062,30589797,Joao Gabriel Coelho,dcoelho8411@gmail.com,(35) 99106-2614,NÃO,Nenhum,expired,CIABA,JOAO GABRIEL COELHO DE OLIVEIRA SANTOS,112224-5,588,SÃO LUIS,190,18/11/2008,0.968,contained_substring,NAO
164294,44786561,Ana Carolina,anacarolinahc21@gmail.com,(21) 97232-6935,NÃO,Nenhum,sem_assinatura,CIABA,ANA CAROLINA ESTEVES PEREIRA,107982-2,132,FORTALEZA,240,22/09/2004,0.96,contained_substring,NAO
30752,43442360,Caio Vitor,caiovitor131@gmail.com,(21) 99963-3100,NÃO,Nenhum,sem_assinatura,CIABA,CAIO VITOR SOUSA DA CRUZ,100016-8,406,FORTALEZA,200,08/05/2003,0.96,contained_substring,NAO
36305,34917906,Pedro Henrique,pedrohenriquecff@gmail.com,(21) 96422-2769,NÃO,Nenhum,sem_assinatura,CIABA,PEDRO HENRIQUE DE SENA LIMA,105756-0,609,FORTALEZA,185,25/07/2005,0.96,contained_substring,NAO
33103,41824147,Luiz Felipe,luizin.pdp444@gmail.com,(84) 99899-3012,SIM,"Curso de Oficial: EFOMM, AFA e Escola Naval - Assinatura, Nivelamento de Física - Assinatura, Nivelamento de Matemática - Assinatura",active,CIABA,LUIZ FELIPE RODRIGUEZ SANTOS,102411-9,655,BELÉM,185,19/01/2004,0.96,contained_substring,NAO
30873,43434270,Luis Gustavo,luisgustavopaiva87@gmail.com,(98) 98706-5425,NÃO,Nenhum,sem_assinatura,CIABA,LUIS GUSTAVO SOUSA DE FARIAS,107492-5,20,FORTALEZA,280,01/08/2005,0.96,contained_substring,NAO
30833,43435623,Gabriel Ramos,gabrielramos2431@gmail.com,(81) 98334-0515,NÃO,Nenhum,sem_assinatura,CIABA,HENRI GABRIEL RAMOS CUNHA,108556-0,324,FORTALEZA,205,18/04/2006,0.96,contained_substring,NAO
30784,43440459,carlos Eduardo,carlos19010cemc@gmail.com,(21) 99330-7975,NÃO,Nenhum,sem_assinatura,CIABA,CARLOS EDUARDO VIANA BARROS,108681-1,526,FORTALEZA,190,13/04/2006,0.96,contained_substring,NAO
163822,44675316,Pedro Henrique,eodarkzinnevida@gmail.com,(21) 98129-9262,NÃO,Nenhum,sem_assinatura,CIABA,PEDRO HENRIQUE DE SENA LIMA,105756-0,609,FORTALEZA,185,25/07/2005,0.96,contained_substring,NAO
164950,45238000,Pedro Gabriel,01arcanjo.gabriell@gmail.com,(21) 97428-9869,NÃO,Nenhum,sem_assinatura,CIABA,PEDRO GABRIEL VERAS DE OLIVEIRA,102095-1,49,RECIFE,245,04/02/2008,0.96,contained_substring,NAO
31015,43432355,ana beatriz,anabeatrizsilva310@gmail.com,(21) 97042-7490,NÃO,Nenhum,sem_assinatura,CIABA,ANA BEATRIZ FERRAZ CORDEIRO,109660-6,839,BELÉM,175,24/04/2007,0.96,contained_substring,NAO
164672,45085579,Gustavo Rocha,gustavomiguelgm337@gmail.com,(21) 96464-0344,SIM,"Nivelamento de Física - Assinatura, Curso de Oficial: EFOMM, AFA e Escola Naval - Assinatura, Nivelamento de Matemática - Assinatura",active,CIABA,GUSTAVO ROCHA DE LIRA CAMPOS,106155-0,599,RECIFE,185,27/11/2005,0.96,contained_substring,NAO
30920,43432972,Enzo Eduardo,enzobr35@gmail.com,(84) 99989-5966,NÃO,Nenhum,sem_assinatura,CIABA,ENZO EDUARDO NOVAES DE MEDEIROS,107197-8,409,NATAL,200,07/10/2006,0.96,contained_substring,NAO
30861,43434611,João Gabriel,jgbarzano2008@gmail.com,(21) 99613-4836,NÃO,Nenhum,sem_assinatura,CIABA,JOÃO GABRIEL DAS NEVES ALVES,108057-5,47,RECIFE,250,28/10/2008,0.96,contained_substring,NAO
164240,44781654,Luiz Felipe,luizfelipenbarbosa@gmail.com,(22) 99740-4496,NÃO,Nenhum,sem_assinatura,CIABA,LUIZ FELIPE RODRIGUEZ SANTOS,102411-9,655,BELÉM,185,19/01/2004,0.96,contained_substring,NAO
30811,43438859,julio cesar,jc437922@gmail.com,(21) 98626-0691,NÃO,Nenhum,sem_assinatura,CIABA,JULIO CESAR DE LIMA MENDONÇA,102085-5,511,NATAL,195,23/06/2005,0.96,contained_substring,NAO
30795,43439995,Luiz Felipe,luizmp2010@gmail.com,(21) 98231-3918,NÃO,Nenhum,sem_assinatura,CIABA,LUIZ FELIPE RODRIGUEZ SANTOS,102411-9,655,BELÉM,185,19/01/2004,0.96,contained_substring,NAO
31249,43324779,Maria eduarda,mariaedfs2007@gmail.com,(21) 98279-2012,NÃO,Nenhum,sem_assinatura,CIABA,MARIA EDUARDA MAGALHÃES MENDES,112780-4,645,FORTALEZA,185,10/08/2005,0.96,contained_substring,NAO
31192,43345109,João Lucas,cascamadurak@gmail.com,(21) 97516-7631,SIM,Nivelamento de Física - Assinatura,active,CIABA,JOAO LUCAS FERNANDES FELIPE,108401-5,68,FORTALEZA,230,26/11/2004,0.96,contained_substring,NAO
31586,43193506,Lucas moraes,lucasmoraesmarinedekzl@gmail.com,(55) 75981-9678,NÃO,Nenhum,sem_assinatura,CIABA,LUCAS MORAES HOLANDA BRASIL,107533-8,334,FORTALEZA,205,26/08/2005,0.96,contained_substring,NAO
30639,43530126,Julio César,juliocesar46875@gmail.com,(85) 99906-8604,SIM,"Nivelamento de Física - Assinatura, Nivelamento de Matemática - Assinatura, Curso de Oficial: EFOMM, AFA e Escola Naval - Assinatura",active,CIABA,JULIO CESAR DE LIMA MENDONÇA,102085-5,511,NATAL,195,23/06/2005,0.96,contained_substring,NAO
31622,43189486,Marcos Vinícius,mvsc0611@gmail.com,(81) 98887-5458,NÃO,Nenhum,sem_assinatura,CIABA,MARCOS VINICIUS ALVES DOS SANTOS,111472-0,529,SALVADOR,190,05/02/2009,0.96,contained_substring,NAO
32019,43022108,Eduardo Da Silva,papiroexato101@gmail.com,(21) 98888-3293,SIM,Nivelamento de Matemática - Assinatura,active,CIABA,CARLOS EDUARDO DA SILVA GOMES,110066-0,859,RECIFE,175,14/10/2006,0.96,contained_substring,NAO
38169,30215077,Marcelo Carvalho,marcelocsilv7@gmail.com,(31) 99988-0555,NÃO,Nenhum,expired,CIABA,JOAO MARCELO CARVALHO E CARVALHO,108631-0,40,SÃO LUIS,260,15/08/2009,0.96,contained_substring,NAO
31420,43294954,João Victor,joaolexato@gmail.com,(21) 98886-8168,NÃO,Nenhum,sem_assinatura,CIABA,JOÃO VICTOR SOARES TAVARES,100338-5,584,RECIFE,190,26/07/2008,0.96,contained_substring,NAO
31321,43310277,maria luiza,estudospreplu@gmail.com,(21) 97430-2493,NÃO,Nenhum,sem_assinatura,CIABA,MARIA LUIZA FERREIRA TORQUATO,102291-4,355,RECIFE,205,19/10/2007,0.96,contained_substring,NAO
31691,43189039,Ana Beatriz,22biapedrosa@gmail.com,(24) 99841-9628,NÃO,Nenhum,sem_assinatura,CIABA,ANA BEATRIZ FERRAZ CORDEIRO,109660-6,839,BELÉM,175,24/04/2007,0.96,contained_substring,NAO
31695,43189032,João Pedro,jpscabral06@gmail.com,(21) 99857-3899,NÃO,Nenhum,sem_assinatura,CIABA,JOÃO PEDRO UCHOA RODRIGUES,105953-0,4,FORTALEZA,305,29/09/2008,0.96,contained_substring,NAO
164246,44781737,João Gabriel,jb3504661@gmail.com,(12) 99118-7257,NÃO,Nenhum,sem_assinatura,CIABA,JOÃO GABRIEL DAS NEVES ALVES,108057-5,47,RECIFE,250,28/10/2008,0.96,contained_substring,NAO
31443,43292255,João Paulo,joaopaul226@gmail.com,(82) 99630-0613,NÃO,Nenhum,sem_assinatura,CIABA,JOÃO PAULO KEUFFER COSTA,107394-9,25,BELÉM,275,18/11/2005,0.96,contained_substring,NAO
164249,44781894,Pedro Lucas,pedrolucasj1079@gmail.com,(22) 99942-2446,NÃO,Nenhum,sem_assinatura,CIABA,PEDRO LUCAS NASCIMENTO SANTOS,101227-3,784,PARNAÍBA,175,25/10/2008,0.96,contained_substring,NAO
31968,43051495,Pedro Vinícius,pvsilvatenorio@gmail.com,(87) 99914-1139,SIM,Nivelamento de Matemática - Assinatura,active,CIABA,PEDRO VINÍCIUS NASCIMENTO DA COSTA,109047-4,284,FORTALEZA,210,19/04/2008,0.96,contained_substring,NAO
35906,36213590,Carlos Gabriel,carlosgabrieljb007@gmail.com,(84) 98173-2425,NÃO,Nenhum,expired,CIABA,CARLOS GABRIEL DE SOUZA BRAZ,106926-1,343,BELÉM,205,28/11/2008,0.96,contained_substring,NAO
31999,43034303,Gustavo Henrique,juguwil12@gmail.com,(92) 99367-1688,SIM,"Nivelamento de Física - Assinatura, Curso de Oficial: EFOMM, AFA e Escola Naval - Assinatura, Nivelamento de Matemática - Assinatura",active,CIABA,GUSTAVO HENRIQUE ANDRADE DA SILVA,105789-3,929,RECIFE,170,17/09/2003,0.96,contained_substring,NAO
32167,42893438,Juan Carlos,juancmoreno2001@gmail.com,(21) 96752-7687,NÃO,Nenhum,expired,CIABA,JUAN CARLOS COELHO RAMOS,106969-1,948,PARNAÍBA,170,08/11/2008,0.96,contained_substring,NAO
35711,36324664,João Victor,joaomarsalmarsal@gmail.com,(21) 97970-6528,SIM,"Nivelamento de Física - Assinatura, Curso de Oficial: EFOMM, AFA e Escola Naval - Assinatura, Nivelamento de Matemática - Assinatura","active, expired",CIABA,JOÃO VICTOR SOARES TAVARES,100338-5,584,RECIFE,190,26/07/2008,0.96,contained_substring,NAO
34995,37187835,Carlos henrique,chcoura2018@gmail.com,(21) 96412-1709,SIM,"Curso de Oficial: EsPCEx - Assinatura, Nivelamento de Física - Assinatura, Nivelamento de Matemática - Assinatura","active, expired",CIABA,CARLOS HENRIQUE FURTADO FARIAS,107663-0,789,FORTALEZA,175,08/06/2006,0.96,contained_substring,NAO
34858,37423889,Pedro Lucas,rochedo2006@gmail.com,(22) 99289-2678,SIM,"Nivelamento de Física - Assinatura, Nivelamento de Matemática - Assinatura, Curso de Oficial: EFOMM, AFA e Escola Naval - Assinatura","active, expired",CIABA,PEDRO LUCAS NASCIMENTO SANTOS,101227-3,784,PARNAÍBA,175,25/10/2008,0.96,contained_substring,NAO
32264,42815048,Pedro Gabriel,gabrielferreirafgs@gmail.com,(84) 99142-3455,SIM,"Curso de Oficial: EsPCEx - Assinatura, Nivelamento de Matemática - Assinatura, Nivelamento de Física - Assinatura",active,CIABA,PEDRO GABRIEL VERAS DE OLIVEIRA,102095-1,49,RECIFE,245,04/02/2008,0.96,contained_substring,NAO
31208,43332888,João Paulo,joaopaulozazan@gmail.com,(21) 97748-3321,NÃO,Nenhum,sem_assinatura,CIABA,JOÃO PAULO KEUFFER COSTA,107394-9,25,BELÉM,275,18/11/2005,0.96,contained_substring,NAO
32373,42703455,Luiz Gustavo,luizopacheco704@gmail.com,(67) 99256-6457,SIM,"Curso de Oficial: EFOMM, AFA e Escola Naval - Assinatura, Nivelamento de Física - Assinatura, Nivelamento de Matemática - Assinatura",active,CIABA,LUIZ GUSTAVO TINOCO CRUZ,102298-1,877,NATAL,175,07/05/2008,0.96,contained_substring,NAO
31062,43395293,Carlos Eduardo,carlos.dudu21pp@gmail.com,(21) 99249-0430,SIM,"Nivelamento de Matemática - Assinatura, Curso: Turma ESA - Assinatura",active,CIABA,CARLOS EDUARDO VIANA BARROS,108681-1,526,FORTALEZA,190,13/04/2006,0.96,contained_substring,NAO
32095,42948663,Pedro Araújo,pedroaraujo23020@gmail.com,(21) 99591-5190,SIM,"Nivelamento de Matemática - Assinatura, Nivelamento de Física - Assinatura, Curso de Oficial: EFOMM, AFA e Escola Naval - Assinatura",active,CIABA,PEDRO ARAUJO LUZ SPADA,106060-3,93,FORTALEZA,260,22/12/2008,0.96,contained_substring,NAO
32066,42966706,Otavio Souza,os963160@gmail.com,(27) 99986-5976,SIM,"Nivelamento de Física - Assinatura, Curso de Oficial: EFOMM, AFA e Escola Naval - Assinatura, Nivelamento de Matemática - Assinatura",active,CIABA,LUIZ OTÁVIO SOUZA TANAN,102706-1,630,SALVADOR,185,01/04/2009,0.96,contained_substring,NAO
31722,43188994,Maria Eduarda,mariaeduardaefomm2026@gmail.com,(13) 99655-5739,NÃO,Nenhum,sem_assinatura,CIABA,MARIA EDUARDA MAGALHÃES MENDES,112780-4,645,FORTALEZA,185,10/08/2005,0.96,contained_substring,NAO
31908,43067365,Juan Carlos,jc488959@gmail.com,(21) 97023-9460,SIM,"Nivelamento de Matemática - Assinatura, Nivelamento de Física - Assinatura, Curso de Oficial: EFOMM, AFA e Escola Naval - Assinatura",active,CIABA,JUAN CARLOS COELHO RAMOS,106969-1,948,PARNAÍBA,170,08/11/2008,0.96,contained_substring,NAO
143613,44638425,Maria Eduarda,duda.pardinin@gmail.com,(11) 91110-6751,NÃO,Nenhum,sem_assinatura,CIABA,MARIA EDUARDA MAGALHÃES MENDES,112780-4,645,FORTALEZA,185,10/08/2005,0.96,contained_substring,NAO
32711,42488316,Ana Clara,anatambemjoga@gmail.com,(11) 96626-8454,SIM,Nivelamento de Matemática - Assinatura,active,CIABA,ANA CLARA DA SILVA MENDES,113041-3,841,BELÉM,175,23/03/2009,0.96,contained_substring,NAO
34899,37420523,Marcelo Pereira,marcelomanoelpf@gmail.com,(22) 99747-8786,NÃO,Nenhum,expired,CIABA,JOÃO MARCELO PEREIRA DUTRA,110640-5,466,BELÉM,195,19/03/2005,0.96,contained_substring,NAO
31070,43393985,Paulo Henrique,paulohenrique95518@gmail.com,(21) 98557-7276,SIM,"Curso de Oficial: EsPCEx - Assinatura, Nivelamento de Física - Assinatura, Nivelamento de Matemática - Assinatura",active,CIABA,PAULO HENRIQUE MEDEIROS FRANCO,101711-1,397,FORTALEZA,200,08/05/2004,0.96,contained_substring,NAO
34054,40045473,João Pedro,joaopmarins01@gmail.com,(21) 99716-8421,SIM,"Curso de Oficial: EFOMM, AFA e Escola Naval - Assinatura, Nivelamento de Matemática - Assinatura, Nivelamento de Física - Assinatura",active,CIABA,JOÃO PEDRO UCHOA RODRIGUES,105953-0,4,FORTALEZA,305,29/09/2008,0.96,contained_substring,NAO
165038,45257993,André Luiz,dantasluizandre@gmail.com,(13) 99737-0088,SIM,Nivelamento de Matemática - Assinatura,active,CIABA,ANDRE LUIZ CAMPOS CUNHA,103790-5,53,BELÉM,245,28/02/2007,0.96,contained_substring,NAO
32773,42269588,Pedro Henrique,pedrohenriquediasdosantos015@gmail.com,(15) 98107-5757,SIM,Nivelamento de Matemática - Assinatura,active,CIABA,PEDRO HENRIQUE DE SENA LIMA,105756-0,609,FORTALEZA,185,25/07/2005,0.96,contained_substring,NAO
32947,41991561,Caio Vitor,gomescaiovitor@gmail.com,(82) 99808-6352,SIM,"Nivelamento de Matemática - Assinatura, Nivelamento de Física - Assinatura, Curso de Oficial: EFOMM, AFA e Escola Naval - Assinatura",active,CIABA,CAIO VITOR SOUSA DA CRUZ,100016-8,406,FORTALEZA,200,08/05/2003,0.96,contained_substring,NAO
34987,37205315,Joao Eduardo,je9030176@gmail.com,(33) 99807-6315,SIM,Nivelamento de Inglês - Assinatura,"active, expired",CIABA,JOÃO EDUARDO FARIAS DE SOUSA,101115-8,953,FORTALEZA,170,24/06/2006,0.96,contained_substring,NAO
31061,43395374,Luis Gustavo,nasciimento010@gmail.com,(21) 99493-1072,SIM,"Nivelamento de Matemática - Assinatura, Nivelamento de Física - Assinatura, Curso de Oficial: EFOMM, AFA e Escola Naval - Assinatura",active,CIABA,LUIS GUSTAVO SOUSA DE FARIAS,107492-5,20,FORTALEZA,280,01/08/2005,0.96,contained_substring,NAO
33041,41882079,João Guilherme,joaog_campos@outlook.com,(21) 96595-8477,SIM,"Nivelamento de Física - Assinatura, Nivelamento de Matemática - Assinatura, Curso de Oficial: EsPCEx - Assinatura",active,CIABA,JOAO GUILHERME OLIVEIRA DE LIMA,102177-8,272,RECIFE,215,16/09/2003,0.96,contained_substring,NAO
33298,41700907,Pedro Henrique,pedrinhl900@gmail.com,(88) 99631-0685,SIM,Nivelamento de Matemática - Assinatura,active,CIABA,PEDRO HENRIQUE DE SENA LIMA,105756-0,609,FORTALEZA,185,25/07/2005,0.96,contained_substring,NAO
33400,41647872,Vinicius Martins,delasvini35@gmail.com,(21) 98404-4109,SIM,"Nivelamento de Matemática - Assinatura, Curso de Oficial: EsPCEx - Assinatura, Nivelamento de Física - Assinatura",active,CIABA,MARCUS VINÍCIUS MARTINS ARANHA,102419-4,422,BELÉM,200,28/10/2006,0.96,contained_substring,NAO
163982,44720316,Luiz Felipe,papif0345@gmail.com,(22) 98136-2822,NÃO,Nenhum,sem_assinatura,CIABA,LUIZ FELIPE RODRIGUEZ SANTOS,102411-9,655,BELÉM,185,19/01/2004,0.96,contained_substring,NAO
165159,45352289,João Guilherme,j.gzziin06@gmail.com,(99) 98550-3525,NÃO,Nenhum,sem_assinatura,CIABA,JOAO GUILHERME OLIVEIRA DE LIMA,102177-8,272,RECIFE,215,16/09/2003,0.96,contained_substring,NAO
32331,42724012,Maria Eduarda,dudaramosolive@gmail.com,(22) 99248-2321,SIM,"Nivelamento de Matemática - Assinatura, Nivelamento de Física - Assinatura, Curso de Oficial: EFOMM, AFA e Escola Naval - Assinatura",active,CIABA,MARIA EDUARDA MAGALHÃES MENDES,112780-4,645,FORTALEZA,185,10/08/2005,0.96,contained_substring,NAO
32311,42752276,João Vitor,vito3br@gmail.com,(83) 99311-1044,SIM,"Nivelamento de Matemática - Assinatura, Nivelamento de Física - Assinatura, Curso de Oficial: EFOMM, AFA e Escola Naval - Assinatura",active,CIABA,JOÃO VITOR RAMOS SPINELLI,107090-8,691,SALVADOR,180,23/03/2005,0.96,contained_substring,NAO
33452,41627311,Pedro Henrique,pedrohenrique.grillodeabreu@gmail.com,(21) 97511-4596,SIM,"Curso de Oficial: EFOMM, AFA e Escola Naval - Assinatura, Nivelamento de Matemática - Assinatura, Nivelamento de Física - Assinatura",active,CIABA,PEDRO HENRIQUE DE SENA LIMA,105756-0,609,FORTALEZA,185,25/07/2005,0.96,contained_substring,NAO
33633,41615295,carlos eduardo,ce3459700@gmail.com,(64) 99329-7246,SIM,"Nivelamento de Física - Assinatura, Curso de Oficial: EFOMM, AFA e Escola Naval - Assinatura, Nivelamento de Matemática - Assinatura",active,CIABA,CARLOS EDUARDO VIANA BARROS,108681-1,526,FORTALEZA,190,13/04/2006,0.96,contained_substring,NAO
164972,45239026,Maria Eduarda,eduardavigom0408@hotmail.com,(21) 97022-5126,NÃO,Nenhum,sem_assinatura,CIABA,MARIA EDUARDA MAGALHÃES MENDES,112780-4,645,FORTALEZA,185,10/08/2005,0.96,contained_substring,NAO
34303,39317476,João Pedro,jpznx214@gmail.com,(99) 98403-7523,SIM,"Curso de Oficial: EFOMM, AFA e Escola Naval - Assinatura, Nivelamento de Física - Assinatura, Nivelamento de Matemática - Assinatura",active,CIABA,JOÃO PEDRO UCHOA RODRIGUES,105953-0,4,FORTALEZA,305,29/09/2008,0.96,contained_substring,NAO
163938,44705158,Pedro Henrique,pedrosescsilvareserva@gmail.com,(83) 98629-5229,NÃO,Nenhum,sem_assinatura,CIABA,PEDRO HENRIQUE DE SENA LIMA,105756-0,609,FORTALEZA,185,25/07/2005,0.96,contained_substring,NAO
164036,44745393,João pedro,jpsuzano2008@gmail.com,(22) 98130-2689,NÃO,Nenhum,sem_assinatura,CIABA,JOÃO PEDRO UCHOA RODRIGUES,105953-0,4,FORTALEZA,305,29/09/2008,0.96,contained_substring,NAO
33681,41210202,Júlia Silva,jujuvic4@gmail.com,(21) 98055-2153,SIM,Nivelamento de Matemática - Assinatura,active,CIABA,ANNA JULIA SILVA FRANCA,100529-2,312,RECIFE,210,22/02/2007,0.96,contained_substring,NAO
33444,41629988,Luiz Henrique,luizhenriqueffoficial@gmail.com,(32) 98813-7995,SIM,"Nivelamento de Física - Assinatura, Curso de Oficial: EFOMM, AFA e Escola Naval - Assinatura, Nivelamento de Matemática - Assinatura",active,CIABA,LUIZ HENRIQUE DO NASCIMENTO LUZ,107343-9,779,FORTALEZA,175,11/07/2008,0.96,contained_substring,NAO
33825,40662501,Renan Negrão,f4075764@gmail.com,(91) 98204-1432,SIM,"Nivelamento de Física - Assinatura, Nivelamento de Matemática - Assinatura, Curso de Oficial: EFOMM, AFA e Escola Naval - Assinatura",active,CIABA,RENAN NEGRÃO GOMES CARNEIRO,104296-6,521,BELÉM,195,15/02/2007,0.96,contained_substring,NAO
33506,41616552,Pedro Henrique,pedromateusefomm2026@gmail.com,(66) 99971-3763,SIM,"Curso de Oficial: EFOMM, AFA e Escola Naval - Assinatura, Nivelamento de Matemática - Assinatura, Nivelamento de Física - Assinatura","active, inactive",CIABA,PEDRO HENRIQUE DE SENA LIMA,105756-0,609,FORTALEZA,185,25/07/2005,0.96,contained_substring,NAO
164182,44772430,Ana Beatriz,anabeatriz.s0317@gmail.com,(85) 98163-3517,NÃO,Nenhum,sem_assinatura,CIABA,ANA BEATRIZ FERRAZ CORDEIRO,109660-6,839,BELÉM,175,24/04/2007,0.96,contained_substring,NAO
36491,34700540,Samuel Martins,samgmts@gmail.com,(92) 99414-7656,SIM,Nivelamento de Física - Assinatura,active,CIABA,SAMUEL MARTINS VIEIRA JUNIOR,101432-4,590,MANAUS,185,03/06/2007,0.96,contained_substring,NAO
35802,36322814,Victor hugo,vmatias0201@gmail.com,(87) 98862-1329,SIM,"Curso de Oficial: EFOMM, AFA e Escola Naval - Assinatura","active, expired",CIABA,VICTOR HUGO DE ALMEIDA TEIXEIRA,102096-0,640,NATAL,185,31/01/2006,0.96,contained_substring,NAO
33126,41803850,Pedro Augusto,pedroaugustocampos2806@gmail.com,(31) 98398-1915,SIM,"Nivelamento de Matemática - Assinatura, Curso de Oficial: EFOMM, AFA e Escola Naval - Assinatura, Nivelamento de Física - Assinatura",active,CIABA,PEDRO AUGUSTO NEVES DOS SANTOS,107176-7,651,SALVADOR,185,21/08/2008,0.96,contained_substring,NAO
33784,40697575,Maria Fernanda,marinanda2404@gmail.com,(81) 99926-9980,SIM,"Nivelamento de Matemática - Assinatura, Curso de Oficial: EFOMM, AFA e Escola Naval - Assinatura, Nivelamento de Física - Assinatura",active,CIABA,MARIA FERNANDA CONCEIÇÃO SARMENTO,105574-0,935,AMAPÁ,170,21/10/2008,0.96,contained_substring,NAO
34147,39939415,Matheus Henrique,henriquematheusty@gmail.com,(18) 99736-9338,NÃO,Nenhum,expired,CIABA,MATHEUS HENRIQUE SOUZA VIANA,104936-7,715,BELÉM,180,01/09/2004,0.96,contained_substring,NAO
33022,41913643,João Vítor🦍⚓,johnbigcry@gmail.com,(21) 96978-1415,SIM,"Nivelamento de Matemática - Assinatura, Nivelamento de Física - Assinatura, Curso de Oficial: EFOMM, AFA e Escola Naval - Assinatura",active,CIABA,JOÃO VITOR RAMOS SPINELLI,107090-8,691,SALVADOR,180,23/03/2005,0.96,contained_substring,NAO
34022,40115521,Matheus Augusto,matheusaugustosilvarj2@gmail.com,(21) 98270-9818,NÃO,Nenhum,expired,CIABA,MATHEUS AUGUSTO DE HOLANDA BORGES,108282-9,163,FORTALEZA,230,05/06/2005,0.96,contained_substring,NAO
33818,40668091,João Pedro,jassisperes@gmail.com,(32) 99151-7622,SIM,"Nivelamento de Física - Assinatura, Nivelamento de Matemática - Assinatura, Curso de Oficial: EFOMM, AFA e Escola Naval - Assinatura",active,CIABA,JOÃO PEDRO UCHOA RODRIGUES,105953-0,4,FORTALEZA,305,29/09/2008,0.96,contained_substring,NAO
34229,39707189,Júlio César,juliocesarbk213@gmail.com,(81) 99508-9668,NÃO,Nenhum,expired,CIABA,JULIO CESAR DE LIMA MENDONÇA,102085-5,511,NATAL,195,23/06/2005,0.96,contained_substring,NAO
34566,37880360,João Victor,joaovictordacostapinto84@gmail.com,(92) 98608-0277,NÃO,Nenhum,expired,CIABA,JOÃO VICTOR SOARES TAVARES,100338-5,584,RECIFE,190,26/07/2008,0.96,contained_substring,NAO
34717,37563001,Maria Eduarda,mariaeduarda200619@gmail.com,(21) 98437-0415,NÃO,Nenhum,expired,CIABA,MARIA EDUARDA MAGALHÃES MENDES,112780-4,645,FORTALEZA,185,10/08/2005,0.96,contained_substring,NAO
34729,37533572,Victor Rodrigues,victorpeschel09@gmail.com,(15) 99629-3732,NÃO,Nenhum,expired,CIABA,NICOLAS VICTOR RODRIGUES PINHEIRO,112294-0,884,FORTALEZA,170,26/01/2003,0.96,contained_substring,NAO
34661,37662321,Maria Luisa,lulujf2016@gmail.com,(32) 98844-6739,NÃO,Nenhum,expired,CIABA,MARIA LUISA GUILHERME LUCIOLI,105658-3,765,SALVADOR,180,07/03/2005,0.96,contained_substring,NAO
143606,44638173,Carlos vinicius,vinimp3@icloud.com,(91) 98982-7106,NÃO,Nenhum,sem_assinatura,CIABA,CARLOS VINICIUS TAVARES MODESTO,109255-0,565,BELÉM,190,03/05/2007,0.96,contained_substring,NAO
34603,37790065,João Victor,jviclima2005@gmail.com,(81) 97100-1732,NÃO,Nenhum,expired,CIABA,JOÃO VICTOR SOARES TAVARES,100338-5,584,RECIFE,190,26/07/2008,0.96,contained_substring,NAO
34472,38358921,Luiz Henrique,luizhencam18@gmail.com,(94) 99120-2926,NÃO,Nenhum,expired,CIABA,LUIZ HENRIQUE DO NASCIMENTO LUZ,107343-9,779,FORTALEZA,175,11/07/2008,0.96,contained_substring,NAO
165361,45485738,Henrique Souza,carloshenriqueaguiaar@gmail.com,(69) 99283-1388,NÃO,Nenhum,sem_assinatura,CIABA,HENRIQUE SOUZA SILVEIRA DA COSTA,100795-0,151,RECIFE,235,12/09/2003,0.96,contained_substring,NAO
34322,39199526,Pedro Gabriel,pedringb07@gmail.com,(21) 98300-2185,NÃO,Nenhum,expired,CIABA,PEDRO GABRIEL VERAS DE OLIVEIRA,102095-1,49,RECIFE,245,04/02/2008,0.96,contained_substring,NAO
34655,37672604,Matheus Henrique,matheusinhosilva382@gmail.com,(82) 98157-8470,NÃO,Nenhum,expired,CIABA,MATHEUS HENRIQUE SOUZA VIANA,104936-7,715,BELÉM,180,01/09/2004,0.96,contained_substring,NAO
34817,37443506,Pedro Augusto,pedroaugustopinto2@gmail.com,(22) 97403-0578,NÃO,Nenhum,expired,CIABA,PEDRO AUGUSTO NEVES DOS SANTOS,107176-7,651,SALVADOR,185,21/08/2008,0.96,contained_substring,NAO
35101,37002617,Maria Eduarda,dudaayres1234@gmail.com,(21) 99240-9009,NÃO,Nenhum,expired,CIABA,MARIA EDUARDA MAGALHÃES MENDES,112780-4,645,FORTALEZA,185,10/08/2005,0.96,contained_substring,NAO
164268,44782829,Pedro Lucas,pedro.rjo08@gmail.com,(61) 98188-4209,NÃO,Nenhum,sem_assinatura,CIABA,PEDRO LUCAS NASCIMENTO SANTOS,101227-3,784,PARNAÍBA,175,25/10/2008,0.96,contained_substring,NAO
164053,44745683,Victor da Silva,santana71vitor@gmail.com,(79) 98166-1585,NÃO,Nenhum,sem_assinatura,CIABA,JOÃO VICTOR DA SILVA BEZERRA,105008-5,494,FORTALEZA,195,06/05/2006,0.96,contained_substring,NAO
35247,36737533,João Pedro,souzapedro1221@gmail.com,(41) 98439-0594,NÃO,Nenhum,expired,CIABA,JOÃO PEDRO UCHOA RODRIGUES,105953-0,4,FORTALEZA,305,29/09/2008,0.96,contained_substring,NAO
34938,37300471,Joao Pedro,pedrorefer@gmail.cm,(19) 98712-0680,NÃO,Nenhum,expired,CIABA,JOÃO PEDRO UCHOA RODRIGUES,105953-0,4,FORTALEZA,305,29/09/2008,0.96,contained_substring,NAO
35107,37000739,João Pedro,jperodrigues18@gmail.com,(82) 99172-0865,NÃO,Nenhum,expired,CIABA,JOÃO PEDRO UCHOA RODRIGUES,105953-0,4,FORTALEZA,305,29/09/2008,0.96,contained_substring,SIM
35246,36739310,Lucas Ferreira,bandlucas10@gmail.com,(63) 99953-0045,NÃO,Nenhum,expired,CIABA,LUCAS FERREIRA DIU ROCHA,109732-6,805,RECIFE,175,07/03/2007,0.96,contained_substring,NAO
35367,36609457,João Gabriel,gabrielgba4@gmail.com,(21) 96521-4413,NÃO,Nenhum,expired,CIABA,JOÃO GABRIEL DAS NEVES ALVES,108057-5,47,RECIFE,250,28/10/2008,0.96,contained_substring,NAO
35006,37174489,Pedro Henrique,pedrowwwzdbv57@gmail.com,(21) 96946-2825,NÃO,Nenhum,expired,CIABA,PEDRO HENRIQUE DE SENA LIMA,105756-0,609,FORTALEZA,185,25/07/2005,0.96,contained_substring,NAO
34965,37242069,Lucas Henrique,lucasgouveiacruz2025@gmail.com,(83) 99605-6574,NÃO,Nenhum,expired,CIABA,LUCAS HENRIQUE GOUVEIA CRUZ,111987-1,642,NATAL,185,01/07/2006,0.96,contained_substring,SIM
35501,36442117,Rodrigo Alves,rodrigoguilherme0021@gmail.com,(91) 99117-2840,NÃO,Nenhum,expired,CIABA,RODRIGO ALVES SANTOS VIEIRA,110293-0,633,SALVADOR,185,27/10/2003,0.96,contained_substring,NAO
35351,36616434,Vinicius Martins,yasmimevinicius2025@gmail.com,(91) 98552-4756,NÃO,Nenhum,expired,CIABA,MARCUS VINÍCIUS MARTINS ARANHA,102419-4,422,BELÉM,200,28/10/2006,0.96,contained_substring,NAO
35564,36389108,João Pedro,filhotedoarcanjo@gmail.com,(81) 99810-0806,NÃO,Nenhum,expired,CIABA,JOÃO PEDRO UCHOA RODRIGUES,105953-0,4,FORTALEZA,305,29/09/2008,0.96,contained_substring,NAO
35605,36365674,Pedro Paulo,pedropaulomoura05@gmail.com,(21) 98840-7160,NÃO,Nenhum,expired,CIABA,PEDRO PAULO DENIZART DOS SANTOS,110656-0,389,FORTALEZA,200,22/07/2006,0.96,contained_substring,NAO
35477,36469190,Pedro Henrique,pedrohenriquekbs@gmail.com,(85) 99756-0911,NÃO,Nenhum,expired,CIABA,PEDRO HENRIQUE DE SENA LIMA,105756-0,609,FORTALEZA,185,25/07/2005,0.96,contained_substring,NAO
33880,40588629,Arthur Gabriel,arthurpestana422@gmail.com,(69) 99373-8576,SIM,"Nivelamento de Física - Assinatura, Curso de Oficial: EFOMM, AFA e Escola Naval - Assinatura, Nivelamento de Matemática - Assinatura",active,CIABA,ARTHUR GABRIEL SANTANA ARAUJO,101282-0,359,RECIFE,205,15/02/2008,0.96,contained_substring,NAO
35590,36371799,Paulo Henrique,paulohenrike4737@gmail.com,(71) 99146-7119,NÃO,Nenhum,expired,CIABA,PAULO HENRIQUE MEDEIROS FRANCO,101711-1,397,FORTALEZA,200,08/05/2004,0.96,contained_substring,NAO
35496,36447327,Joao Paulo,freitasengenharia27@gmail.com,(61) 99623-4460,NÃO,Nenhum,expired,CIABA,JOÃO PAULO KEUFFER COSTA,107394-9,25,BELÉM,275,18/11/2005,0.96,contained_substring,NAO
35897,36225124,Francisco Rodrigues,rodriguesfra80@gmail.com,(86) 98168-4193,NÃO,Nenhum,expired,CIABA,FRANCISCO RODRIGUES DA SILVA NETO,108932-6,58,FORTALEZA,240,26/04/2009,0.96,contained_substring,NAO
36295,34955086,Pedro Henrique,pedrohpgm2018@gmail.com,(81) 98998-9647,NÃO,Nenhum,expired,CIABA,PEDRO HENRIQUE DE SENA LIMA,105756-0,609,FORTALEZA,185,25/07/2005,0.96,contained_substring,NAO
36041,35862033,Luís Gustavo,luismelo5151@gmail.com,(86) 99569-8989,NÃO,Nenhum,expired,CIABA,LUIS GUSTAVO SOUSA DE FARIAS,107492-5,20,FORTALEZA,280,01/08/2005,0.96,contained_substring,NAO
37460,31549038,João Marcelo,joaomarcelooliveira112@gmail.com,(84) 99868-5825,SIM,"Curso de Oficial: EFOMM, AFA e Escola Naval - Assinatura, Nivelamento de Matemática - Assinatura, Nivelamento de Física - Assinatura","active, expired",CIABA,JOÃO MARCELO ZANELLA DE SOUSA,105204-8,37,BELÉM,265,12/12/2008,0.96,contained_substring,NAO
163963,44706509,João Pedro,hulkdopapiro@gmail.com,(21) 99741-5094,NÃO,Nenhum,sem_assinatura,CIABA,JOÃO PEDRO UCHOA RODRIGUES,105953-0,4,FORTALEZA,305,29/09/2008,0.96,contained_substring,NAO
104672,43930495,Pedro Henrique,pedrodesbravador56z@gmail.com,(21) 96900-2825,SIM,"Nivelamento de Matemática - Assinatura, Curso de Oficial: EsPCEx - Assinatura, Nivelamento de Física - Assinatura",active,CIABA,PEDRO HENRIQUE DE SENA LIMA,105756-0,609,FORTALEZA,185,25/07/2005,0.96,contained_substring,NAO
31080,43426605,Pedro Leal,pedroleal2901@gmail.com,(21) 99167-5212,SIM,"Curso de Oficial: EsPCEx - Assinatura, Nivelamento de Física - Assinatura, Nivelamento de Matemática - Assinatura",active,CIABA,JOÃO PEDRO LEAL BRAGANTE,109190-1,225,BELÉM,220,21/07/2008,0.96,contained_substring,NAO
32841,42080457,Victor Hugo,victorhugowerner22122008@gmail.com,(21) 98367-6373,SIM,"Nivelamento de Matemática - Assinatura, Nivelamento de Física - Assinatura, Curso de Oficial: EFOMM, AFA e Escola Naval - Assinatura",active,CIABA,VICTOR HUGO DE ALMEIDA TEIXEIRA,102096-0,640,NATAL,185,31/01/2006,0.96,contained_substring,NAO
164369,44825923,Claudio Emanuel,claudioemanuel230@gmail.com,(91) 98558-4085,SIM,Nivelamento de Matemática - Assinatura,active,CIABA,CLÁUDIO EMANUEL AMORIM DA COSTA,103651-5,951,BELÉM,170,17/05/2008,0.96,contained_substring,NAO
164315,44791229,Vinícius Nunes,viniciusmiguel2806@gmail.com,(81) 99545-4195,NÃO,Nenhum,sem_assinatura,CIABA,VINÍCIUS NUNES ALENCAR E SILVA,103813-1,711,RECIFE,180,01/11/2003,0.96,contained_substring,NAO
35980,36040472,Maria Eduarda,duda.quintanilha1506@gmail.com,(22) 99759-9975,SIM,"Curso de Oficial: EFOMM, AFA e Escola Naval - Assinatura, Nivelamento de Física - Assinatura, Nivelamento de Matemática - Assinatura",active,CIABA,MARIA EDUARDA MAGALHÃES MENDES,112780-4,645,FORTALEZA,185,10/08/2005,0.96,contained_substring,NAO
32993,41947737,Vitor Eduardo,vs4333791@gmail.com,(92) 99448-3117,SIM,"Nivelamento de Física - Assinatura, Curso de Oficial: EsPCEx - Assinatura, Nivelamento de Matemática - Assinatura",active,CIABA,VITOR EDUARDO ARAÚJO BARRETO,108603-7,908,FORTALEZA,170,22/06/2007,0.96,contained_substring,NAO
164083,44746412,José Gabriel,josegabrielbastos6@gmail.com,(21) 98876-9289,NÃO,Nenhum,sem_assinatura,CIABA,JOSE GABRIEL CARVALHO DOS SANTOS,104816-1,348,MANAUS,205,08/02/2005,0.96,contained_substring,NAO
164084,44746506,Pedro Henrique,phbarcelos75@gmail.com,(21) 97743-2828,NÃO,Nenhum,sem_assinatura,CIABA,PEDRO HENRIQUE DE SENA LIMA,105756-0,609,FORTALEZA,185,25/07/2005,0.96,contained_substring,NAO
143656,44582813,Gustavo Henrique,gustavohenriquebatistafideles@gmail.com,(61) 99345-6162,SIM,"Nivelamento de Física - Assinatura, Curso de Oficial: EsPCEx - Assinatura, Nivelamento de Matemática - Assinatura",active,CIABA,GUSTAVO HENRIQUE ANDRADE DA SILVA,105789-3,929,RECIFE,170,17/09/2003,0.96,contained_substring,NAO
36668,34351762,João Augusto,joaofreitas2020@gmail.com,(21) 99647-9617,SIM,"Curso de Oficial: EsPCEx - Assinatura, Nivelamento de Física - Assinatura, Nivelamento de Matemática - Assinatura",active,CIABA,JOAO AUGUSTO PEREIRA ANDRADE,105997-9,404,SALVADOR,200,21/03/2006,0.96,contained_substring,NAO
164736,45135497,Gabriel Peixoto,gabrielpeixotoandrade@gmail.com,(24) 99818-2083,SIM,"Nivelamento de Matemática - Assinatura, Curso: Turma ESA - Assinatura",active,CIABA,JOAO GABRIEL PEIXOTO FELICIANO,106365-2,129,SALVADOR,245,28/08/2004,0.96,contained_substring,NAO
32283,42791680,Henrique Xavier,pudimdoce239@gmail.com,(85) 98605-8872,SIM,Nivelamento de Matemática - Assinatura,active,CIABA,PEDRO HENRIQUE XAVIER RODRIGUES,109335-0,231,RECIFE,220,12/11/2005,0.96,contained_substring,NAO
164683,45095927,Gabriel Henrique,bielssjblue6@gmail.com,(12) 99724-8879,SIM,"Nivelamento de Matemática - Assinatura, Curso: Turma ESA - Assinatura",active,CIABA,GABRIEL HENRIQUE TORRES DE SANTANA,102149-5,142,RECIFE,240,07/02/2007,0.96,contained_substring,NAO
36024,35893535,Pedro Henrique,pedro2hluna@gmail.com,(84) 99818-1451,NÃO,Nenhum,expired,CIABA,PEDRO HENRIQUE DE SENA LIMA,105756-0,609,FORTALEZA,185,25/07/2005,0.96,contained_substring,NAO
32951,41978906,João Pedro,jaopedrocrn@gmail.com,(71) 99277-7338,SIM,"Nivelamento de Matemática - Assinatura, Curso de Oficial: EFOMM, AFA e Escola Naval - Assinatura, Nivelamento de Física - Assinatura",active,CIABA,JOÃO PEDRO UCHOA RODRIGUES,105953-0,4,FORTALEZA,305,29/09/2008,0.96,contained_substring,NAO
164210,44778208,Maria Fernanda,lawful-bump-2e@icloud.com,(92) 99537-7687,NÃO,Nenhum,sem_assinatura,CIABA,MARIA FERNANDA CONCEIÇÃO SARMENTO,105574-0,935,AMAPÁ,170,21/10/2008,0.96,contained_substring,NAO
31060,43395606,Maria Luiza,maluhferreirasilva19@gmail.com,(91) 98863-5812,SIM,"Nivelamento de Matemática - Assinatura, Curso de Oficial: EFOMM, AFA e Escola Naval - Assinatura, Nivelamento de Física - Assinatura",active,CIABA,MARIA LUIZA FERREIRA TORQUATO,102291-4,355,RECIFE,205,19/10/2007,0.96,contained_substring,SIM
33909,40542426,Thiago Henrique,thiagomendes.x5@gmail.com,(62) 98132-3193,NÃO,Nenhum,expired,CIABA,THIAGO HENRIQUE FAVACHO DE FREITAS,105054-4,654,BELÉM,185,22/11/2006,0.96,contained_substring,NAO
33352,41681381,Pedro Vitor,pedrovitor131544@gmail.com,(21) 98839-3995,SIM,"Curso de Oficial: EsPCEx - Assinatura, Nivelamento de Matemática - Assinatura, Nivelamento de Física - Assinatura",active,CIABA,PEDRO VITOR MAURICIO FÉLIX,102426-6,497,NATAL,195,22/11/2008,0.96,contained_substring,NAO
33726,40885496,Pedro Nogueira,phnogueira2019@gmail.com,(21) 99801-9833,SIM,"Curso de Oficial: EsPCEx - Assinatura, Curso de Oficial: EPCAR - Assinatura, Nivelamento de Matemática - Assinatura, Nivelamento de Física - Assinatura, Curso de Oficial: EFOMM, AFA e Escola Naval - Assinatura",active,CIABA,PEDRO NOGUEIRA CAVALCANTI CAJADO,108255-4,52,SALVADOR,245,30/10/2003,0.96,contained_substring,NAO
35110,36999103,Gabriel De Souza,gabrieldsferreira1@gmail.com,(22) 99600-9569,SIM,"Nivelamento de Matemática - Assinatura, Curso de Oficial: EPCAR - Assinatura, Nivelamento de Física - Assinatura","active, expired",CIABA,CARLOS GABRIEL DE SOUZA BRAZ,106926-1,343,BELÉM,205,28/11/2008,0.96,contained_substring,NAO
32631,42637614,Gustavo Henrique,guxta266@gmail.com,(91) 99908-1239,SIM,"Curso de Oficial: EFOMM, AFA e Escola Naval - Assinatura, Nivelamento de Física - Assinatura, Nivelamento de Matemática - Assinatura",active,CIABA,GUSTAVO HENRIQUE ANDRADE DA SILVA,105789-3,929,RECIFE,170,17/09/2003,0.96,contained_substring,NAO
143670,44565068,João Pedro,joao.moraesp77@gmail.com,(11) 97025-8967,SIM,Nivelamento de Matemática - Assinatura,active,CIABA,JOÃO PEDRO UCHOA RODRIGUES,105953-0,4,FORTALEZA,305,29/09/2008,0.96,contained_substring,NAO
143697,44537246,André Feitosa,andrefeitosa1530@gmail.com,(81) 98108-0862,NÃO,Nenhum,sem_assinatura,CIABA,ANDRÉ FEITOSA GOMES SILVA,108643-2,74,RECIFE,220,14/04/2007,0.96,contained_substring,NAO
143693,44539836,Guilherme Silva,guilhermesilvaasouza616@gmail.com,(21) 96698-0564,SIM,"Nivelamento de Física - Assinatura, Nivelamento de Matemática - Assinatura, Curso de Oficial: EFOMM, AFA e Escola Naval - Assinatura",active,CIABA,ANTONIO GUILHERME SILVA DIAS,104487-3,450,PARNAÍBA,195,21/08/2008,0.96,contained_substring,NAO
38413,29125233,Lucas Ferreira,lucasgarciaferreira773@gmail.com,(21) 99441-0956,NÃO,Nenhum,expired,CIABA,LUCAS FERREIRA DIU ROCHA,109732-6,805,RECIFE,175,07/03/2007,0.96,contained_substring,NAO
143708,44526349,Joao guilherme,joaoguilherme.araruama@gmail.com,(22) 99878-2813,NÃO,Nenhum,sem_assinatura,CIABA,JOAO GUILHERME OLIVEIRA DE LIMA,102177-8,272,RECIFE,215,16/09/2003,0.96,contained_substring,NAO
143709,44522106,Lucas Moraes,lucasmoraes121314ll@gmail.com,(55) 99106-1886,SIM,"Nivelamento de Matemática - Assinatura, Curso: Turma ESA - Assinatura",active,CIABA,LUCAS MORAES HOLANDA BRASIL,107533-8,334,FORTALEZA,205,26/08/2005,0.96,contained_substring,NAO
164940,45237701,João Vitor,secretamentesecreto001@gmail.com,(21) 96729-9970,NÃO,Nenhum,sem_assinatura,CIABA,JOÃO VITOR RAMOS SPINELLI,107090-8,691,SALVADOR,180,23/03/2005,0.96,contained_substring,NAO
36209,35413634,Pedro Henrique,dark.ocean.1416@gmail.com,(37) 99663-3744,NÃO,Nenhum,expired,CIABA,PEDRO HENRIQUE DE SENA LIMA,105756-0,609,FORTALEZA,185,25/07/2005,0.96,contained_substring,NAO
36252,35157837,Lucas Ferreira,lucasfs.pqt@gmail.com,(12) 99177-1660,SIM,Nivelamento de Física - Assinatura,active,CIABA,LUCAS FERREIRA DIU ROCHA,109732-6,805,RECIFE,175,07/03/2007,0.96,contained_substring,NAO
36447,34726317,Marcos Vinicius,marcaovinicius12br@gmail.com,(65) 99334-3404,NÃO,Nenhum,expired,CIABA,MARCOS VINICIUS ALVES DOS SANTOS,111472-0,529,SALVADOR,190,05/02/2009,0.96,contained_substring,NAO
32454,42655107,Ana clara,aninhadiniz667@gmail.com,(21) 98372-9059,SIM,"Curso de Oficial: EFOMM, AFA e Escola Naval - Assinatura, Nivelamento de Matemática - Assinatura, Nivelamento de Física - Assinatura",active,CIABA,ANA CLARA DA SILVA MENDES,113041-3,841,BELÉM,175,23/03/2009,0.96,contained_substring,NAO
104352,44057323,João Vitor,vitordossantos242@gmail.com,(55) 91982-9238,NÃO,Nenhum,sem_assinatura,CIABA,JOÃO VITOR RAMOS SPINELLI,107090-8,691,SALVADOR,180,23/03/2005,0.96,contained_substring,NAO
36221,35340742,Caio Henrique,caihenri2012@gmail.com,(31) 99580-8782,NÃO,Nenhum,expired,CIABA,CAIO HENRIQUE LIMA FEITOZA,105189-7,219,RECIFE,220,24/08/2005,0.96,contained_substring,NAO
31888,43072104,Pedro Lucas,pedrolucasdutra71@gmail.com,(33) 99984-6732,SIM,"Nivelamento de Matemática - Assinatura, Curso de Oficial: EFOMM, AFA e Escola Naval - Assinatura, Nivelamento de Física - Assinatura",active,CIABA,PEDRO LUCAS NASCIMENTO SANTOS,101227-3,784,PARNAÍBA,175,25/10/2008,0.96,contained_substring,NAO
31871,43086238,Gabriel Martins,gabrielgamer1745@gmail.com,(21) 98249-3327,SIM,"Nivelamento de Física - Assinatura, Curso de Oficial: EFOMM, AFA e Escola Naval - Assinatura, Nivelamento de Matemática - Assinatura",active,CIABA,ANTONIO GABRIEL MARTINS DA SILVA,107985-7,224,FORTALEZA,220,03/06/2006,0.96,contained_substring,NAO
34790,37468518,Matheus Henrique,matheushenriqueee056@gmail.com,(91) 98743-0365,NÃO,Nenhum,expired,CIABA,MATHEUS HENRIQUE SOUZA VIANA,104936-7,715,BELÉM,180,01/09/2004,0.96,contained_substring,NAO
34601,37796171,João Pedro,jpedro11082008@gmail.com,,SIM,"Curso de Oficial: EFOMM, AFA e Escola Naval - Assinatura, Nivelamento de Física - Assinatura, Nivelamento de Matemática - Assinatura",active,CIABA,JOÃO PEDRO UCHOA RODRIGUES,105953-0,4,FORTALEZA,305,29/09/2008,0.96,contained_substring,NAO
32432,42669960,João Victor,joaovictor.sousa.r@gmail.com,(21) 98986-3177,SIM,"Nivelamento de Matemática - Assinatura, Nivelamento de Física - Assinatura, Curso de Oficial: EsPCEx - Assinatura",active,CIABA,JOÃO VICTOR SOARES TAVARES,100338-5,584,RECIFE,190,26/07/2008,0.96,contained_substring,NAO
104364,44055055,Luiz gustavo,luizjogador45@gmail.com,(24) 99961-7385,NÃO,Nenhum,sem_assinatura,CIABA,LUIZ GUSTAVO TINOCO CRUZ,102298-1,877,NATAL,175,07/05/2008,0.96,contained_substring,NAO
36886,33538216,Julio Cesar,julio.cesarmcpe10@gmail.com,(81) 97506-0035,NÃO,Nenhum,expired,CIABA,JULIO CESAR DE LIMA MENDONÇA,102085-5,511,NATAL,195,23/06/2005,0.96,contained_substring,NAO
34041,40061090,Lucas Lima,lclima.estudos@gmail.com,(55) 21992-7463,NÃO,Nenhum,expired,CIABA,LUCAS LIMA PAIVA DE AMORIM,109376-3,842,NATAL,175,28/04/2009,0.96,contained_substring,NAO
36967,33065913,Victor Do Nascimento,victorpaiva9710@gmail.com,(21) 99614-3135,NÃO,Nenhum,expired,CIABA,JOAO VICTOR DO NASCIMENTO FARIAS,108416-2,277,FORTALEZA,210,23/02/2008,0.96,contained_substring,NAO
32823,42128065,João Vitor,joaovity608@gmail.com,(71) 99116-9919,SIM,Nivelamento de Física - Assinatura,active,CIABA,JOÃO VITOR RAMOS SPINELLI,107090-8,691,SALVADOR,180,23/03/2005,0.96,contained_substring,NAO
31355,43307894,Henrique Araujo,henrique.concurseiro1@gmail.com,(11) 97267-4020,NÃO,Nenhum,sem_assinatura,CIABA,PEDRO HENRIQUE ARAUJO SILVA,104502-4,663,RECIFE,185,02/02/2004,0.96,contained_substring,NAO
31010,43432388,João Pedro,jakepj57@gmail.com,(21) 98018-8078,NÃO,Nenhum,sem_assinatura,CIABA,JOÃO PEDRO UCHOA RODRIGUES,105953-0,4,FORTALEZA,305,29/09/2008,0.96,contained_substring,NAO
30838,43435436,Júlio César,julio.c.s.albuquerque@gmail.com,(61) 99211-3750,SIM,"Nivelamento de Matemática - Assinatura, Nivelamento de Física - Assinatura, Curso de Oficial: EFOMM, AFA e Escola Naval - Assinatura",active,CIABA,JULIO CESAR DE LIMA MENDONÇA,102085-5,511,NATAL,195,23/06/2005,0.96,contained_substring,NAO
30549,43640532,Vinicius Alves,viniciusalves069@gmail.com,(21) 98950-4690,SIM,Nivelamento de Matemática - Assinatura,active,CIABA,MARCOS VINICIUS ALVES DOS SANTOS,111472-0,529,SALVADOR,190,05/02/2009,0.96,contained_substring,NAO
133542,44211292,Joao Vitor,joaoronkaly8@gmail.com,(91) 98959-9622,SIM,"Curso de Oficial: EFOMM, AFA e Escola Naval - Assinatura, Nivelamento de Matemática - Assinatura, Nivelamento de Física - Assinatura",active,CIABA,JOÃO VITOR RAMOS SPINELLI,107090-8,691,SALVADOR,180,23/03/2005,0.96,contained_substring,NAO
31310,43312005,Joao victor,joaodecastroplacido@gmail.com,(21) 96998-2986,NÃO,Nenhum,sem_assinatura,CIABA,JOÃO VICTOR SOARES TAVARES,100338-5,584,RECIFE,190,26/07/2008,0.96,contained_substring,NAO
133636,44307492,Pedro Henrique,anakelleconceicao@gmail.com,(21) 98508-0835,SIM,Nivelamento de Matemática - Assinatura,active,CIABA,PEDRO HENRIQUE DE SENA LIMA,105756-0,609,FORTALEZA,185,25/07/2005,0.96,contained_substring,NAO
85643,43755966,Luiz Gustavo,lgextraordinario10@gmail.com,(86) 98102-2577,NÃO,Nenhum,sem_assinatura,CIABA,LUIZ GUSTAVO TINOCO CRUZ,102298-1,877,NATAL,175,07/05/2008,0.96,contained_substring,NAO
35173,36902092,João Vitor,jvreissoua@gmail.com,(71) 98343-1391,SIM,Nivelamento de Matemática - Assinatura,active,CIABA,JOÃO VITOR RAMOS SPINELLI,107090-8,691,SALVADOR,180,23/03/2005,0.96,contained_substring,NAO
85621,43753427,Maria Clara,tassiaclara123@gmail.com,(21) 96017-4861,NÃO,Nenhum,sem_assinatura,CIABA,MARIA CLARA ANDRADE MOUSSE,108330-3,261,MANAUS,215,29/04/2009,0.96,contained_substring,NAO
133426,44096631,Victor Ribeiro,victorribeiro1898@gmail.com,(21) 97256-4886,SIM,Nivelamento de Matemática - Assinatura,active,CIABA,VICTOR RIBEIRO DUARTE DE SOUZA,100076-6,742,SALVADOR,180,20/05/2006,0.96,contained_substring,NAO
85638,43755731,Maria Clara,m.cllaraz008@gmail.com,(88) 99947-2257,NÃO,Nenhum,sem_assinatura,CIABA,MARIA CLARA ANDRADE MOUSSE,108330-3,261,MANAUS,215,29/04/2009,0.96,contained_substring,NAO
76257,43742571,Arthur Lucas,alucaslemosr@icloud.com,(91) 9557,SIM,"Curso de Oficial: EFOMM, AFA e Escola Naval - Assinatura, Nivelamento de Física - Assinatura, Nivelamento de Matemática - Assinatura",active,CIABA,ARTHUR LUCAS BARRETO FARIAS,111348-8,539,BELÉM,190,04/08/2009,0.96,contained_substring,NAO
85606,43753202,Maria Clara,mariaclarasantiago1971@gmail.com,(21) 99376-9627,NÃO,Nenhum,sem_assinatura,CIABA,MARIA CLARA ANDRADE MOUSSE,108330-3,261,MANAUS,215,29/04/2009,0.96,contained_substring,NAO
32351,42711724,Lucas Henrique,lucashpc16@gmail.com,(83) 98656-0675,SIM,"Curso de Oficial: EFOMM, AFA e Escola Naval - Assinatura, Nivelamento de Física - Assinatura, Nivelamento de Matemática - Assinatura",active,CIABA,LUCAS HENRIQUE GOUVEIA CRUZ,111987-1,642,NATAL,185,01/07/2006,0.96,contained_substring,NAO
35769,36323051,Gabriel Barros,gabrielbarrosrlst@gmail.com,(21) 96800-7723,SIM,"Nivelamento de Física - Assinatura, Nivelamento de Matemática - Assinatura, Curso de Oficial: EFOMM, AFA e Escola Naval - Assinatura","active, expired",CIABA,GABRIEL BARROS MARANHÃO DE MIRANDA,111383-2,571,RECIFE,190,18/12/2007,0.96,contained_substring,NAO
85476,43750835,Pedro Lucas,lucasjfbrasil48@gmail.com,(00) 85991-2052,NÃO,Nenhum,sem_assinatura,CIABA,PEDRO LUCAS NASCIMENTO SANTOS,101227-3,784,PARNAÍBA,175,25/10/2008,0.96,contained_substring,NAO
32239,42834888,Wesklley Yuri,fialhodanielle170@gmail.com,(83) 98197-0220,SIM,"Curso de Oficial: EFOMM, AFA e Escola Naval - Assinatura, Nivelamento de Matemática - Assinatura, Nivelamento de Física - Assinatura",active,CIABA,WESKLLEY YURI FIALHO DA SILVA,100463-6,510,RECIFE,195,14/04/2008,0.96,contained_substring,SIM
31130,43368492,Gabriel Bastos,gabrielbastoscunha01@gmail.com,(91) 98017-4044,NÃO,Nenhum,expired,CIABA,GABRIEL BASTOS VASCONCELOS DUARTE,108104-1,10,RECIFE,290,04/10/2006,0.96,contained_substring,NAO
31259,43324358,Victor Soares,victoredusoares11@gmail.com,(22) 99965-9379,NÃO,Nenhum,sem_assinatura,CIABA,JOÃO VICTOR SOARES LIMA,108711-0,770,FORTALEZA,180,27/07/2006,0.96,contained_substring,NAO
31811,43188892,Pedro Henrique,phamoglia@gmail.com,(32) 99830-5904,NÃO,Nenhum,sem_assinatura,CIABA,PEDRO HENRIQUE DE SENA LIMA,105756-0,609,FORTALEZA,185,25/07/2005,0.96,contained_substring,NAO
32879,42064333,Marcos Vinicius,marcosvandrade.04@gmail.com,(81) 99606-1658,SIM,"Curso de Matemática ESA + Nivela Mat - Assinatura, Nivelamento de Matemática - Assinatura, Nivelamento de Física - Assinatura, Curso de Oficial: EFOMM, AFA e Escola Naval - Assinatura",active,CIABA,MARCOS VINICIUS ALVES DOS SANTOS,111472-0,529,SALVADOR,190,05/02/2009,0.96,contained_substring,NAO
31063,43395251,Maria Eduarda,m.eduarda6511@gmail.com,(84) 98740-9518,SIM,"Nivelamento de Física - Assinatura, Curso de Oficial: EFOMM, AFA e Escola Naval - Assinatura, Nivelamento de Matemática - Assinatura",active,CIABA,MARIA EDUARDA MAGALHÃES MENDES,112780-4,645,FORTALEZA,185,10/08/2005,0.96,contained_substring,NAO
30748,43442456,Pedro.souz,pedrokawan061122@gmail.com,(81) 98834-7992,NÃO,Nenhum,sem_assinatura,CIABA,JOÃO PEDRO SOUZA DE FARIAS,100485-5,851,SALVADOR,175,21/06/2007,0.96,contained_substring,NAO
30996,43432438,Luis Eduardo,luiseduardoaraujocosta@gmail.com,(88) 98877-8651,NÃO,Nenhum,sem_assinatura,CIABA,LUIS EDUARDO ARAUJO COSTA,104832-1,66,FORTALEZA,230,06/07/2007,0.96,contained_substring,SIM
30801,43439845,João Vitor,joaomazzoni491@gmail.com,(55) 32991-1825,NÃO,Nenhum,sem_assinatura,CIABA,JOÃO VITOR RAMOS SPINELLI,107090-8,691,SALVADOR,180,23/03/2005,0.96,contained_substring,NAO
30915,43433111,Caio Henrique,o.caiohenriquebezerracavalcanti@gmail.com,(21) 98483-6662,NÃO,Nenhum,sem_assinatura,CIABA,CAIO HENRIQUE LIMA FEITOZA,105189-7,219,RECIFE,220,24/08/2005,0.96,contained_substring,NAO
31191,43344707,João Victor,joaovictorabech528@gmail.com,(84) 99101-6607,NÃO,Nenhum,sem_assinatura,CIABA,JOÃO VICTOR SOARES TAVARES,100338-5,584,RECIFE,190,26/07/2008,0.96,contained_substring,NAO
30756,43442309,Carlos Eduardo,carloseeduardosg@gmail.com,(87) 99600-0744,NÃO,Nenhum,sem_assinatura,CIABA,CARLOS EDUARDO VIANA BARROS,108681-1,526,FORTALEZA,190,13/04/2006,0.96,contained_substring,NAO
31400,43298201,Pedro Henrique,pedrohenrique01092009@gmail.com,(32) 98709-5021,NÃO,Nenhum,sem_assinatura,CIABA,PEDRO HENRIQUE DE SENA LIMA,105756-0,609,FORTALEZA,185,25/07/2005,0.96,contained_substring,NAO
31708,43189015,Paulo Henrique,pauloclash0004@gmail.com,(75) 99891-6366,NÃO,Nenhum,sem_assinatura,CIABA,PAULO HENRIQUE MEDEIROS FRANCO,101711-1,397,FORTALEZA,200,08/05/2004,0.96,contained_substring,NAO
32434,42669103,Pedro Lucas,plsds.2312@gmail.com,(21) 98583-4456,SIM,"Nivelamento de Física - Assinatura, Curso de Oficial: EPCAR - Assinatura, Nivelamento de Matemática - Assinatura",active,CIABA,PEDRO LUCAS NASCIMENTO SANTOS,101227-3,784,PARNAÍBA,175,25/10/2008,0.96,contained_substring,NAO
32241,42835892,Gabriel Ferreira,gabriellima_ferreira@yahoo.com.br,(55) 91993-1940,SIM,"Curso de Oficial: EFOMM, AFA e Escola Naval - Assinatura, Nivelamento de Física - Assinatura, Nivelamento de Matemática - Assinatura",active,CIABA,LUCAS GABRIEL FERREIRA SANTANA,108575-5,54,FORTALEZA,245,29/11/2007,0.96,contained_substring,NAO
32017,43022664,João Pedro,joaopedrooficial.efomm@gmail.com,(84) 99981-5506,SIM,"Curso de Oficial: EFOMM, AFA e Escola Naval - Assinatura, Nivelamento de Matemática - Assinatura, Nivelamento de Física - Assinatura",active,CIABA,JOÃO PEDRO UCHOA RODRIGUES,105953-0,4,FORTALEZA,305,29/09/2008,0.96,contained_substring,NAO
32197,42868067,Maria Eduarda,mariaambrosioabrvs@gmail.com,(21) 97370-2487,SIM,"Nivelamento de Matemática - Assinatura, Curso de Oficial: EsPCEx - Assinatura, Nivelamento de Física - Assinatura",active,CIABA,MARIA EDUARDA MAGALHÃES MENDES,112780-4,645,FORTALEZA,185,10/08/2005,0.96,contained_substring,NAO
32388,42692392,Lucas Manuel,lmcm250804@gmail.com,(85) 99946-0454,SIM,"Curso de Oficial: EFOMM, AFA e Escola Naval - Assinatura, Nivelamento de Matemática - Assinatura, Nivelamento de Física - Assinatura",active,CIABA,LUCAS MANUEL COSTA MELO,101375-1,328,FORTALEZA,205,25/08/2004,0.96,contained_substring,NAO
32701,42508149,Pedro Henrique,phenriquerms55@gmail.com,(84) 99475-3285,SIM,Nivelamento de Matemática - Assinatura,active,CIABA,PEDRO HENRIQUE DE SENA LIMA,105756-0,609,FORTALEZA,185,25/07/2005,0.96,contained_substring,NAO
33725,40891546,Arthur Manoel,arthur751211@gmail.com,(91) 99160-0582,SIM,"Nivelamento de Matemática - Assinatura, Curso de Oficial: EFOMM, AFA e Escola Naval - Assinatura, Nivelamento de Física - Assinatura",active,CIABA,ARTHUR MANOEL ALVES COSTA,107258-3,400,BELÉM,200,26/12/2004,0.96,contained_substring,NAO
30554,43638291,Lucas Ferreira,canaldolucas2010@gmail.com,(21) 98254-4265,SIM,"Curso de Oficial: EPCAR - Assinatura, Nivelamento de Física - Assinatura, Nivelamento de Matemática - Assinatura",active,CIABA,LUCAS FERREIRA DIU ROCHA,109732-6,805,RECIFE,175,07/03/2007,0.96,contained_substring,NAO
133515,44178246,Luiz Henrique,luizhenriquegcferraz@gmail.com,(24) 99208-2440,SIM,"Nivelamento de Matemática - Assinatura, Curso de Oficial: EFOMM, AFA e Escola Naval - Assinatura, Nivelamento de Física - Assinatura",active,CIABA,LUIZ HENRIQUE DO NASCIMENTO LUZ,107343-9,779,FORTALEZA,175,11/07/2008,0.96,contained_substring,NAO
33371,41666431,Julio Cesar,cesarjulionery56@gmail.com,(81) 98921-3222,SIM,"Curso de Oficial: EFOMM, AFA e Escola Naval - Assinatura, Nivelamento de Matemática - Assinatura, Nivelamento de Física - Assinatura",active,CIABA,JULIO CESAR DE LIMA MENDONÇA,102085-5,511,NATAL,195,23/06/2005,0.96,contained_substring,NAO
34088,40028667,João Gabriel,gabbalado17@gmail.com,(21) 98845-5811,NÃO,Nenhum,expired,CIABA,JOÃO GABRIEL DAS NEVES ALVES,108057-5,47,RECIFE,250,28/10/2008,0.96,contained_substring,NAO
33360,41680368,marcos vinicius,marcosvisjsu@gmail.com,(62) 99387-9889,SIM,Nivelamento de Física - Assinatura,active,CIABA,MARCOS VINICIUS ALVES DOS SANTOS,111472-0,529,SALVADOR,190,05/02/2009,0.96,contained_substring,NAO
104416,44053554,João Carlos,crvgjoao12345@gmail.com,(21) 96599-9821,NÃO,Nenhum,sem_assinatura,CIABA,JOAO CARLOS DA SILVA VIANA,112991-4,803,BELÉM,175,10/10/2007,0.96,contained_substring,NAO
34412,38684703,João Vitor,joaov.vitor9149@gmail.com,(21) 98819-4318,SIM,"Curso de Oficial: EFOMM, AFA e Escola Naval - Assinatura, Nivelamento de Física - Assinatura, Nivelamento de Matemática - Assinatura",active,CIABA,JOÃO VITOR RAMOS SPINELLI,107090-8,691,SALVADOR,180,23/03/2005,0.96,contained_substring,NAO
33035,41898643,Gabriel Rocha,gr1525128@gmail.com,(67) 99604-7613,SIM,"Nivelamento de Física - Assinatura, Curso de Oficial: EsPCEx - Assinatura, Nivelamento de Matemática - Assinatura",active,CIABA,GABRIEL ROCHA ANDRADE DA SILVA,109132-0,241,FORTALEZA,215,09/09/2003,0.96,contained_substring,NAO
33971,40382030,Paulo Henrique,paulohps2347@gmail.com,(82) 99951-5927,NÃO,Nenhum,expired,CIABA,PAULO HENRIQUE MEDEIROS FRANCO,101711-1,397,FORTALEZA,200,08/05/2004,0.96,contained_substring,NAO
104435,44053381,João Gabriel,djoaogabriel350@gmail.com,(21) 98535-7555,SIM,"Nivelamento de Matemática - Assinatura, Nivelamento de Física - Assinatura, Curso de Oficial: EFOMM, AFA e Escola Naval - Assinatura",active,CIABA,JOÃO GABRIEL DAS NEVES ALVES,108057-5,47,RECIFE,250,28/10/2008,0.96,contained_substring,NAO
36803,33760261,Gabriel do Nascimento,gdonascimento2007@gmail.com,(81) 99528-2621,SIM,"Curso de Oficial: EFOMM, AFA e Escola Naval - Assinatura","active, expired",CIABA,GABRIEL DO NASCIMENTO PEREIRA GONÇALVES,110854-0,113,RECIFE,250,26/01/2007,0.96,contained_substring,NAO
33497,41616926,João Pedro,joaopmachado585@gmail.com,(31) 99496-0792,SIM,"Nivelamento de Matemática - Assinatura, Curso de Oficial: EsPCEx - Assinatura, Nivelamento de Física - Assinatura",active,CIABA,JOÃO PEDRO UCHOA RODRIGUES,105953-0,4,FORTALEZA,305,29/09/2008,0.96,contained_substring,NAO
34369,38882497,Pedro Souza,pedrojiu123@gmail.com,(19) 99601-4164,SIM,"Nivelamento de Matemática - Assinatura, Nivelamento de Física - Assinatura, Curso de Oficial: EFOMM, AFA e Escola Naval - Assinatura","active, expired",CIABA,JOÃO PEDRO SOUZA DE FARIAS,100485-5,851,SALVADOR,175,21/06/2007,0.96,contained_substring,NAO
104447,44053300,João Victor,joaovjctor5@gmail.com,(21) 98859-0573,NÃO,Nenhum,expired,CIABA,JOÃO VICTOR SOARES TAVARES,100338-5,584,RECIFE,190,26/07/2008,0.96,contained_substring,NAO
34459,38414953,Julio Cesar,cavalcantejulio0224@gmail.com,(82) 99341-4628,NÃO,Nenhum,expired,CIABA,JULIO CESAR DE LIMA MENDONÇA,102085-5,511,NATAL,195,23/06/2005,0.96,contained_substring,NAO
35005,37176621,Vinicius Gabriel,viniciusgabrielffgamer@gmail.com,(99) 98530-6460,NÃO,Nenhum,expired,CIABA,VINÍCIUS GABRIEL SILVA CAMPOS,104885-8,644,SALVADOR,185,22/04/2003,0.96,contained_substring,NAO
35108,36999987,Pedro Lucas,pedrolzin08@gmail.com,(21) 99417-2156,NÃO,Nenhum,expired,CIABA,PEDRO LUCAS NASCIMENTO SANTOS,101227-3,784,PARNAÍBA,175,25/10/2008,0.96,contained_substring,NAO
34932,37310115,Pedro Henrique,pedrohenrique817529@gmail.com,(21) 97271-0083,NÃO,Nenhum,expired,CIABA,PEDRO HENRIQUE DE SENA LIMA,105756-0,609,FORTALEZA,185,25/07/2005,0.96,contained_substring,NAO
34904,37420494,Lucas Felipe,lucasfilipe1971@gmail.com,(22) 99281-1570,NÃO,Nenhum,expired,CIABA,LUCAS FELIPE G. PAIVA,100698-1,840,RECIFE,175,27/10/2003,0.96,contained_substring,NAO
35301,36632651,Guilherme Oliveira,anextor.24@gmail.com,(21) 96981-5084,NÃO,Nenhum,expired,CIABA,JOAO GUILHERME OLIVEIRA DE LIMA,102177-8,272,RECIFE,215,16/09/2003,0.96,contained_substring,NAO
104462,44052938,João Guilherme,kiwijoao91@gmail.com,(71) 99657-1939,NÃO,Nenhum,sem_assinatura,CIABA,JOAO GUILHERME OLIVEIRA DE LIMA,102177-8,272,RECIFE,215,16/09/2003,0.96,contained_substring,NAO
35062,37063504,Joao vitor,vitorvillela1012@gmail.com,(21) 96976-4788,NÃO,Nenhum,expired,CIABA,JOÃO VITOR RAMOS SPINELLI,107090-8,691,SALVADOR,180,23/03/2005,0.96,contained_substring,NAO
35209,36810928,João Gabriel,manin10002020@gmail.com,(99) 98534-5279,NÃO,Nenhum,expired,CIABA,JOÃO GABRIEL DAS NEVES ALVES,108057-5,47,RECIFE,250,28/10/2008,0.96,contained_substring,NAO
34877,37421256,Vitor De Oliveira,victordias775@gmail.com,(21) 97502-0502,NÃO,Nenhum,expired,CIABA,ERIC VITOR DE OLIVEIRA LIMA,102420-7,774,FORTALEZA,180,05/08/2005,0.96,contained_substring,NAO
35810,36322792,Lucas Fernandes,lfconstantino03@gmail.com,(21) 99226-2122,NÃO,Nenhum,expired,CIABA,JOAO LUCAS FERNANDES FELIPE,108401-5,68,FORTALEZA,230,26/11/2004,0.96,contained_substring,NAO
35463,36479971,João Pedro,sementejoaopedro@gmail.com,(21) 99324-2329,NÃO,Nenhum,expired,CIABA,JOÃO PEDRO UCHOA RODRIGUES,105953-0,4,FORTALEZA,305,29/09/2008,0.96,contained_substring,NAO
35781,36322924,João Carlos,joaocarloslimxs@gmail.com,(88) 98233-3732,NÃO,Nenhum,expired,CIABA,JOAO CARLOS DA SILVA VIANA,112991-4,803,BELÉM,175,10/10/2007,0.96,contained_substring,NAO
35846,36322689,Pedro Henrique,pedrohenribar82@gmail.com,(82) 99826-9816,NÃO,Nenhum,expired,CIABA,PEDRO HENRIQUE DE SENA LIMA,105756-0,609,FORTALEZA,185,25/07/2005,0.96,contained_substring,NAO
34035,40064314,Maria Eduarda,andre.carol.maria@hotmail.com,(21) 97022-5126,NÃO,Nenhum,expired,CIABA,MARIA EDUARDA MAGALHÃES MENDES,112780-4,645,FORTALEZA,185,10/08/2005,0.96,contained_substring,NAO
104547,44047776,Victor Hugo,vh8490750@gmail.com,(84) 99444-2783,NÃO,Nenhum,sem_assinatura,CIABA,VICTOR HUGO DE ALMEIDA TEIXEIRA,102096-0,640,NATAL,185,31/01/2006,0.96,contained_substring,NAO
104628,43973153,Pedro Henrique,pedrohenrique.fcarvalho@gmail.com,(22) 99802-7367,NÃO,Nenhum,sem_assinatura,CIABA,PEDRO HENRIQUE DE SENA LIMA,105756-0,609,FORTALEZA,185,25/07/2005,0.96,contained_substring,NAO
30600,43576544,luiz felipe,luizfelipesampaio08@gmail.com,(61) 99200-5781,SIM,Nivelamento de Física - Assinatura,active,CIABA,LUIZ FELIPE RODRIGUEZ SANTOS,102411-9,655,BELÉM,185,19/01/2004,0.96,contained_substring,NAO
104671,43931177,Ana Carolina,ac723040@gmail.com,(81) 98416-5339,NÃO,Nenhum,sem_assinatura,CIABA,ANA CAROLINA ESTEVES PEREIRA,107982-2,132,FORTALEZA,240,22/09/2004,0.96,contained_substring,NAO
104676,43926858,Lucas Lima,lclimao.estudos@gmail.com,(21) 99274-6311,NÃO,Nenhum,expired,CIABA,LUCAS LIMA PAIVA DE AMORIM,109376-3,842,NATAL,175,28/04/2009,0.96,contained_substring,NAO
36495,34695304,João Pedro,joaopedro27584416@gmail.com,(21) 98330-8987,NÃO,Nenhum,expired,CIABA,JOÃO PEDRO UCHOA RODRIGUES,105953-0,4,FORTALEZA,305,29/09/2008,0.96,contained_substring,NAO
85537,43751315,Jose lucas,joselucascarvalhotomas@gmail.com,(21) 96741-9526,NÃO,Nenhum,sem_assinatura,CIABA,JOSÉ LUCAS SANTOS MIRANDA,112171-0,990,SALVADOR,170,21/04/2006,0.96,contained_substring,NAO
32370,42703698,Carlos Eduardo,eu.soares.face@gmail.com,(21) 97668-6391,SIM,Nivelamento de Matemática - Assinatura,active,CIABA,CARLOS EDUARDO VIANA BARROS,108681-1,526,FORTALEZA,190,13/04/2006,0.96,contained_substring,NAO
32359,42707945,Maria Luisa,marialuisasoc0102@gmail.com,(22) 99264-2473,SIM,"Curso de Oficial: EFOMM, AFA e Escola Naval - Assinatura, Nivelamento de Matemática - Assinatura, Nivelamento de Física - Assinatura",active,CIABA,MARIA LUISA GUILHERME LUCIOLI,105658-3,765,SALVADOR,180,07/03/2005,0.96,contained_substring,NAO
30608,43572947,Pedro Henrique,pedro.enrique.praxedes@gmail.com,(84) 98829-3437,SIM,"Nivelamento de Física - Assinatura, Nivelamento de Matemática - Assinatura, Curso de Oficial: EsPCEx - Assinatura",active,CIABA,PEDRO HENRIQUE DE SENA LIMA,105756-0,609,FORTALEZA,185,25/07/2005,0.96,contained_substring,NAO
104638,43964844,João Vitor,joaovitordasilvabonfim432@gmail.com,(21) 99150-1012,SIM,"Nivelamento de Matemática - Assinatura, Nivelamento de Física - Assinatura, Curso de Oficial: EsPCEx - Assinatura",active,CIABA,JOÃO VITOR RAMOS SPINELLI,107090-8,691,SALVADOR,180,23/03/2005,0.96,contained_substring,NAO
34162,39908446,Carlos Eduardo,cadupeniche@gmail.com,(21) 99723-9437,SIM,"Curso de Oficial: EFOMM, AFA e Escola Naval - Assinatura, Nivelamento de Matemática - Assinatura, Nivelamento de Física - Assinatura",active,CIABA,CARLOS EDUARDO VIANA BARROS,108681-1,526,FORTALEZA,190,13/04/2006,0.96,contained_substring,NAO
35071,37051944,Pedro De Melo,pedro.melosouza26@gmail.com,(22) 99882-4225,SIM,"Nivelamento de Inglês - Assinatura, Curso de Oficial: EFOMM, AFA e Escola Naval - Assinatura","active, expired",CIABA,JOAO PEDRO DE MELO GUERRA,104666-8,441,FORTALEZA,195,19/07/2008,0.96,contained_substring,NAO
32027,43000811,Francisco Ferreira,francisco.fdossantos81@gmail.com,(22) 99818-2452,SIM,"Curso de Oficial: EFOMM, AFA e Escola Naval - Assinatura, Nivelamento de Física - Assinatura, Nivelamento de Matemática - Assinatura",active,CIABA,JOSÉ FRANCISCO FERREIRA DE AGUIAR,102205-0,361,NATAL,205,07/11/2007,0.96,contained_substring,NAO
36805,33757839,Pedro Henrique,paixaopedro@icloud.com,(92) 99183-1109,NÃO,Nenhum,expired,CIABA,PEDRO HENRIQUE DE SENA LIMA,105756-0,609,FORTALEZA,185,25/07/2005,0.96,contained_substring,NAO
104458,44053004,maria eduarda,mariaeduardamendesmacedo@gmail.com,(21) 96528-1012,NÃO,Nenhum,sem_assinatura,CIABA,MARIA EDUARDA MAGALHÃES MENDES,112780-4,645,FORTALEZA,185,10/08/2005,0.96,contained_substring,SIM
36500,34689585,Júlio Cesar,julioleonel2002@gmail.com,(81) 99769-4850,NÃO,Nenhum,expired,CIABA,JULIO CESAR DE LIMA MENDONÇA,102085-5,511,NATAL,195,23/06/2005,0.96,contained_substring,NAO
144021,44361479,Ana Beatriz,anabfrtss@gmail.com,(21) 99059-5955,SIM,"Nivelamento de Física - Assinatura, Curso EEAR - Assinatura, Nivelamento de Matemática - Assinatura",active,CIABA,ANA BEATRIZ FERRAZ CORDEIRO,109660-6,839,BELÉM,175,24/04/2007,0.96,contained_substring,NAO
32229,42839914,Maria Eduarda,mariaeduarda.1405007@gmail.com,(21) 98056-2209,SIM,Nivelamento de Matemática - Assinatura,active,CIABA,MARIA EDUARDA MAGALHÃES MENDES,112780-4,645,FORTALEZA,185,10/08/2005,0.96,contained_substring,NAO
48774,43668541,Carlos Eduardo,cadu88815438@gmail.com,(63) 99919-8291,SIM,Nivelamento de Física - Assinatura,active,CIABA,CARLOS EDUARDO VIANA BARROS,108681-1,526,FORTALEZA,190,13/04/2006,0.96,contained_substring,NAO
33296,41705983,Marcos Daniel,marcos742003@gmail.com,(91) 98191-3024,SIM,"Nivelamento de Física - Assinatura, Curso de Oficial: EFOMM, AFA e Escola Naval - Assinatura, Nivelamento de Matemática - Assinatura",active,CIABA,MARCOS DANIEL DOS SANTOS AGUIAR,110550-9,875,BELÉM,175,27/05/2003,0.96,contained_substring,NAO
104496,44050872,João Pedro,jpnds2006@gmail.com,(21) 97988-7603,NÃO,Nenhum,sem_assinatura,CIABA,JOÃO PEDRO UCHOA RODRIGUES,105953-0,4,FORTALEZA,305,29/09/2008,0.96,contained_substring,NAO
32162,42897673,Pedro Henrique,peedrohenrique2504@gmail.com,(21) 97183-9882,SIM,"Nivelamento de Matemática - Assinatura, Curso de Oficial: EFOMM, AFA e Escola Naval - Assinatura, Nivelamento de Física - Assinatura",active,CIABA,PEDRO HENRIQUE DE SENA LIMA,105756-0,609,FORTALEZA,185,25/07/2005,0.96,contained_substring,NAO
144029,44520377,João Guilherme,kiwijoao91@gmail.cokiwim,(71) 99657-1939,NÃO,Nenhum,sem_assinatura,CIABA,JOAO GUILHERME OLIVEIRA DE LIMA,102177-8,272,RECIFE,215,16/09/2003,0.96,contained_substring,NAO
144077,44440613,Carlos Vinicius,carlosviniciusdossantoszanol@gmail.com,(69) 99221-6226,NÃO,Nenhum,expired,CIABA,CARLOS VINICIUS TAVARES MODESTO,109255-0,565,BELÉM,190,03/05/2007,0.96,contained_substring,NAO
33422,41639005,Gabriel Santana,gabrielsantanapf08@gmail.com,(21) 99560-7982,SIM,"Nivelamento de Física - Assinatura, Curso de Oficial: EFOMM, AFA e Escola Naval - Assinatura, Nivelamento de Matemática - Assinatura",active,CIABA,ARTHUR GABRIEL SANTANA ARAUJO,101282-0,359,RECIFE,205,15/02/2008,0.96,contained_substring,NAO
36640,34431805,João Vitor,jv.martins.souza@gmail.com,(92) 98853-9344,NÃO,Nenhum,expired,CIABA,JOÃO VITOR RAMOS SPINELLI,107090-8,691,SALVADOR,180,23/03/2005,0.96,contained_substring,NAO
36695,34278535,Samersson Emanuel,samersson18@gmail.com,(84) 98737-0496,NÃO,Nenhum,expired,CIABA,SAMERSSON EMANUEL IRINEU DO NASCIMENTO,103388-3,673,NATAL,185,18/05/2005,0.96,contained_substring,NAO
36761,33982848,Júlio César,julioaraujocesar123@gmail.com,(88) 99233-2780,NÃO,Nenhum,expired,CIABA,JULIO CESAR DE LIMA MENDONÇA,102085-5,511,NATAL,195,23/06/2005,0.96,contained_substring,NAO
36538,34618750,Lucas Fernandes,zangadogameplay30@gmail.com,(21) 99330-7017,NÃO,Nenhum,expired,CIABA,JOAO LUCAS FERNANDES FELIPE,108401-5,68,FORTALEZA,230,26/11/2004,0.96,contained_substring,NAO
36970,33030871,José Henrique,ffhenrique666@gmail.com,(61) 99207-8239,NÃO,Nenhum,expired,CIABA,JOSE HENRIQUE ARAUJO ALCANTARA,109221-8,55,FORTALEZA,240,23/03/2007,0.96,contained_substring,NAO
36576,34520547,Rodrigo Alves,rodrigoasv123@gmail.com,(71) 98652-8971,NÃO,Nenhum,expired,CIABA,RODRIGO ALVES SANTOS VIEIRA,110293-0,633,SALVADOR,185,27/10/2003,0.96,contained_substring,NAO
36789,33813079,João Lucas,seafurytw@gmail.com,(47) 98912-8699,NÃO,Nenhum,expired,CIABA,JOAO LUCAS FERNANDES FELIPE,108401-5,68,FORTALEZA,230,26/11/2004,0.96,contained_substring,NAO
36823,33703457,Carlos Eduardo,duduanjoles@gmail.com,(31) 99433-7097,NÃO,Nenhum,expired,CIABA,CARLOS EDUARDO VIANA BARROS,108681-1,526,FORTALEZA,190,13/04/2006,0.96,contained_substring,NAO
36674,34344323,Luiz Felipe,luizsgt2003@gmail.com,(21) 99036-7697,NÃO,Nenhum,expired,CIABA,LUIZ FELIPE RODRIGUEZ SANTOS,102411-9,655,BELÉM,185,19/01/2004,0.96,contained_substring,NAO
36746,34024158,Eduardo Da Silva,papirofirme2013@gmail.com,(21) 98888-3293,NÃO,Nenhum,expired,CIABA,CARLOS EDUARDO DA SILVA GOMES,110066-0,859,RECIFE,175,14/10/2006,0.96,contained_substring,NAO
37008,32909698,Maria Clara,mcoliveira23412@gmail.com,(91) 98062-9075,NÃO,Nenhum,expired,CIABA,MARIA CLARA ANDRADE MOUSSE,108330-3,261,MANAUS,215,29/04/2009,0.96,contained_substring,NAO
36743,34069411,Gabriel De Souza,gabrielsouzacosta094@gmail.com,(21) 96990-2365,NÃO,Nenhum,expired,CIABA,CARLOS GABRIEL DE SOUZA BRAZ,106926-1,343,BELÉM,205,28/11/2008,0.96,contained_substring,NAO
36732,34110568,Pedro Souza,pedrosls07@gmail.com,(21) 96558-7474,NÃO,Nenhum,expired,CIABA,JOÃO PEDRO SOUZA DE FARIAS,100485-5,851,SALVADOR,175,21/06/2007,0.96,contained_substring,NAO
37052,32777588,Joao Guilherme,jgtardin@gmail.com,(21) 96423-6549,NÃO,Nenhum,expired,CIABA,JOAO GUILHERME OLIVEIRA DE LIMA,102177-8,272,RECIFE,215,16/09/2003,0.96,contained_substring,NAO
37174,32423141,Emanuel Antero,manelantero08@gmail.com,(83) 99841-7489,NÃO,Nenhum,expired,CIABA,EMANUEL ANTERO FARIAS DE OLIVEIRA,105341-1,836,NATAL,175,12/10/2008,0.96,contained_substring,NAO
37019,32882422,Luiz Henrique,luizhemeira@gmail.com,(13) 99198-5070,NÃO,Nenhum,expired,CIABA,LUIZ HENRIQUE DO NASCIMENTO LUZ,107343-9,779,FORTALEZA,175,11/07/2008,0.96,contained_substring,NAO
37071,32671274,Carlos Eduardo,cadumotaa@gmail.com,(91) 99272-0452,NÃO,Nenhum,expired,CIABA,CARLOS EDUARDO VIANA BARROS,108681-1,526,FORTALEZA,190,13/04/2006,0.96,contained_substring,NAO
37311,31984879,Lucas Brandão,lucasbr0602@gmail.com,(21) 97007-4303,NÃO,Nenhum,expired,CIABA,ANDERSON LUCAS BRANDÃO ESTEVES,108480-8,607,BELÉM,185,15/11/2008,0.96,contained_substring,NAO
37364,31861261,Pedro Henrique,pedroabreuconcurso@gmail.com,(21) 96744-4874,NÃO,Nenhum,expired,CIABA,PEDRO HENRIQUE DE SENA LIMA,105756-0,609,FORTALEZA,185,25/07/2005,0.96,contained_substring,NAO
37383,31786403,Victor Hugo,s1lv4.exe@gmail.com,(41) 98896-9214,NÃO,Nenhum,expired,CIABA,VICTOR HUGO DE ALMEIDA TEIXEIRA,102096-0,640,NATAL,185,31/01/2006,0.96,contained_substring,NAO
37292,32045152,Gustavo Henrique,gusthfree@gmail.com,(91) 98153-7974,NÃO,Nenhum,expired,CIABA,GUSTAVO HENRIQUE ANDRADE DA SILVA,105789-3,929,RECIFE,170,17/09/2003,0.96,contained_substring,NAO
37266,32090341,Joao Paulo,jpauloalvesdosantos@gmail.com,(79) 98846-7089,NÃO,Nenhum,expired,CIABA,JOÃO PAULO KEUFFER COSTA,107394-9,25,BELÉM,275,18/11/2005,0.96,contained_substring,NAO
37498,31492357,José Francisco,josefferreiraaguiar@gmail.com,(84) 98812-0219,NÃO,Nenhum,expired,CIABA,JOSÉ FRANCISCO FERREIRA DE AGUIAR,102205-0,361,NATAL,205,07/11/2007,0.96,contained_substring,SIM
37346,31906739,Beatriz Oliveira,boba_11_lola@hotmail.com,(21) 97350-4625,NÃO,Nenhum,expired,CIABA,ANA BEATRIZ OLIVEIRA CAMPOS,112958-6,621,NATAL,185,10/04/2006,0.96,contained_substring,NAO
37583,31297945,Marcus Vinicius,marcusvinilimaconc@gmail.com,(21) 99813-0790,NÃO,Nenhum,expired,CIABA,MARCUS VINÍCIUS MARTINS ARANHA,102419-4,422,BELÉM,200,28/10/2006,0.96,contained_substring,NAO
37662,31135162,Gabriel Ferreira,munizgabriel6@gmail.com,(21) 96488-5003,NÃO,Nenhum,expired,CIABA,LUCAS GABRIEL FERREIRA SANTANA,108575-5,54,FORTALEZA,245,29/11/2007,0.96,contained_substring,NAO
37681,31110306,Pedro Henrique,pedronunesviana1234@gmail.com,(82) 98732-7549,NÃO,Nenhum,expired,CIABA,PEDRO HENRIQUE DE SENA LIMA,105756-0,609,FORTALEZA,185,25/07/2005,0.96,contained_substring,NAO
37766,30981292,Pedro Gabriel,starkgump@gmail.com,(21) 97428-9869,SIM,"Nivelamento de Matemática - Assinatura, Curso: Turma ESA - Assinatura",active,CIABA,PEDRO GABRIEL VERAS DE OLIVEIRA,102095-1,49,RECIFE,245,04/02/2008,0.96,contained_substring,NAO
37544,31403082,João Victor,juanzinhobr10@gmail.com,(21) 98252-2818,NÃO,Nenhum,expired,CIABA,JOÃO VICTOR SOARES TAVARES,100338-5,584,RECIFE,190,26/07/2008,0.96,contained_substring,NAO
37619,31194155,Carlos Eduardo,carlos2211edu@gmail.com,(67) 99957-2555,NÃO,Nenhum,expired,CIABA,CARLOS EDUARDO VIANA BARROS,108681-1,526,FORTALEZA,190,13/04/2006,0.96,contained_substring,NAO
37747,31004085,João Pedro,j.pedaobarroso1865@gmail.com,(85) 99799-1493,NÃO,Nenhum,expired,CIABA,JOÃO PEDRO UCHOA RODRIGUES,105953-0,4,FORTALEZA,305,29/09/2008,0.96,contained_substring,NAO
37486,31502870,Joao Ricardo,joaoricardoalandim@gmail.com,(85) 98193-9301,NÃO,Nenhum,expired,CIABA,JOÃO RICARDO DE ARAUJO LANDIM,102498-7,687,FORTALEZA,180,26/08/2004,0.96,contained_substring,SIM
37958,30725348,Gabriel Martins,ga77999el@gmail.com,(32) 99931-2183,NÃO,Nenhum,expired,CIABA,ANTONIO GABRIEL MARTINS DA SILVA,107985-7,224,FORTALEZA,220,03/06/2006,0.96,contained_substring,NAO
37969,30720395,Gabriel Santana,gabrielabencoado70@gmail.com,(21) 99497-5744,NÃO,Nenhum,expired,CIABA,ARTHUR GABRIEL SANTANA ARAUJO,101282-0,359,RECIFE,205,15/02/2008,0.96,contained_substring,NAO
37855,30804264,Caio Henrique,caioh200307@gmail.com,(21) 96509-4826,NÃO,Nenhum,expired,CIABA,CAIO HENRIQUE LIMA FEITOZA,105189-7,219,RECIFE,220,24/08/2005,0.96,contained_substring,NAO
37993,30714236,Gabriel Ferreira,serafim.branquinho1@gmail.com,(21) 99377-7136,NÃO,Nenhum,expired,CIABA,LUCAS GABRIEL FERREIRA SANTANA,108575-5,54,FORTALEZA,245,29/11/2007,0.96,contained_substring,NAO
37758,30981501,João Lucas,joaolucasquintao2004@gmail.com,(32) 99921-8182,NÃO,Nenhum,expired,CIABA,JOAO LUCAS FERNANDES FELIPE,108401-5,68,FORTALEZA,230,26/11/2004,0.96,contained_substring,NAO
37823,30845745,Luiz Gustavo,luiz16.gustavo@hotmail.com,(81) 99223-4407,NÃO,Nenhum,expired,CIABA,LUIZ GUSTAVO TINOCO CRUZ,102298-1,877,NATAL,175,07/05/2008,0.96,contained_substring,NAO
37897,30761897,Victor Hugo,victorhugoharyson2002@gmail.com,(82) 98743-5274,NÃO,Nenhum,expired,CIABA,VICTOR HUGO DE ALMEIDA TEIXEIRA,102096-0,640,NATAL,185,31/01/2006,0.96,contained_substring,NAO
37985,30716248,Guilherme Oliveira,guilhermeolvpto16@gmail.com,(21) 98583-0196,NÃO,Nenhum,expired,CIABA,JOAO GUILHERME OLIVEIRA DE LIMA,102177-8,272,RECIFE,215,16/09/2003,0.96,contained_substring,NAO
37893,30764366,Caio Henrique,caiomello129@gmail.com,(81) 98598-8198,NÃO,Nenhum,expired,CIABA,CAIO HENRIQUE LIMA FEITOZA,105189-7,219,RECIFE,220,24/08/2005,0.96,contained_substring,NAO
37779,30934642,João Pedro,joao8pedro9barbosa@gmail.com,(21) 99176-1452,NÃO,Nenhum,expired,CIABA,JOÃO PEDRO UCHOA RODRIGUES,105953-0,4,FORTALEZA,305,29/09/2008,0.96,contained_substring,NAO
38010,30713890,Gabriel Ramos,tiagocerqueiraa11@gmail.com,(21) 92017-3749,NÃO,Nenhum,expired,CIABA,HENRI GABRIEL RAMOS CUNHA,108556-0,324,FORTALEZA,205,18/04/2006,0.96,contained_substring,NAO
38030,30687965,Victor Hugo,loveblack2404@gmail.com,(21) 97691-5130,NÃO,Nenhum,expired,CIABA,VICTOR HUGO DE ALMEIDA TEIXEIRA,102096-0,640,NATAL,185,31/01/2006,0.96,contained_substring,NAO
38143,30330973,Maria Eduarda,eduarda.oliveiradias@hotmail.com,(21) 99089-7984,NÃO,Nenhum,expired,CIABA,MARIA EDUARDA MAGALHÃES MENDES,112780-4,645,FORTALEZA,185,10/08/2005,0.96,contained_substring,NAO
38172,30204006,Pedro Augusto,pa2660027@gmail.com,(15) 99600-7461,NÃO,Nenhum,expired,CIABA,PEDRO AUGUSTO NEVES DOS SANTOS,107176-7,651,SALVADOR,185,21/08/2008,0.96,contained_substring,NAO
38327,29694697,Eduardo Henrique,santanaeduardohenrique@gmail.com,(74) 98827-1139,NÃO,Nenhum,expired,CIABA,EDUARDO HENRIQUE MONTEIRO BARBOSA,102431-1,267,BELÉM,215,28/03/2005,0.96,contained_substring,NAO
38193,30171588,Vinícius Alves,va48472@gmail.com,(83) 98618-9130,NÃO,Nenhum,expired,CIABA,MARCOS VINICIUS ALVES DOS SANTOS,111472-0,529,SALVADOR,190,05/02/2009,0.96,contained_substring,NAO
38316,29722382,João Paulo,jpjoaop45@gmail.com,(21) 96980-7375,NÃO,Nenhum,expired,CIABA,JOÃO PAULO KEUFFER COSTA,107394-9,25,BELÉM,275,18/11/2005,0.96,contained_substring,NAO
38328,29705404,João Pedro,joaopedrorodriguesds.10@gmail.com,(19) 98773-1652,NÃO,Nenhum,expired,CIABA,JOÃO PEDRO UCHOA RODRIGUES,105953-0,4,FORTALEZA,305,29/09/2008,0.96,contained_substring,SIM
38554,28286869,Julio Cesar,juliobotelho72@gmail.com,(21) 98191-1775,NÃO,Nenhum,expired,CIABA,JULIO CESAR DE LIMA MENDONÇA,102085-5,511,NATAL,195,23/06/2005,0.96,contained_substring,NAO
38400,29206036,Lucas Henrique,luca.mbt@hotmail.com,(21) 96873-4009,NÃO,Nenhum,expired,CIABA,LUCAS HENRIQUE GOUVEIA CRUZ,111987-1,642,NATAL,185,01/07/2006,0.96,contained_substring,NAO
38274,29858808,Carlos Eduardo,kdueduardo2005@gmail.com,(21) 97198-1587,NÃO,Nenhum,expired,CIABA,CARLOS EDUARDO VIANA BARROS,108681-1,526,FORTALEZA,190,13/04/2006,0.96,contained_substring,NAO
38353,29534960,João Pedro,joaopuck@gmail.com,(71) 98702-6683,NÃO,Nenhum,expired,CIABA,JOÃO PEDRO UCHOA RODRIGUES,105953-0,4,FORTALEZA,305,29/09/2008,0.96,contained_substring,NAO
38224,30072285,Leonardo Da Silva,leonardodasilva4268@gmail.com,(14) 99907-1715,NÃO,Nenhum,expired,CIABA,CAIO LEONARDO DA SILVA SANTOS,108736-3,244,RECIFE,215,25/05/2006,0.96,contained_substring,NAO
38476,28670131,João Vitor,joaoassis3467@gmail.com,(21) 96528-2494,NÃO,Nenhum,expired,CIABA,JOÃO VITOR RAMOS SPINELLI,107090-8,691,SALVADOR,180,23/03/2005,0.96,contained_substring,NAO
38647,28070966,Pedro Gabriel,joaosouzz2017@gmail.com,(21) 99304-7937,NÃO,Nenhum,expired,CIABA,PEDRO GABRIEL VERAS DE OLIVEIRA,102095-1,49,RECIFE,245,04/02/2008,0.96,contained_substring,NAO
38252,29924702,Pedro Henrique,pedro.nasc933@gmail.com,(11) 94049-6064,SIM,"Curso de Oficial: EFOMM, AFA e Escola Naval - Assinatura, Nivelamento de Física - Assinatura, Nivelamento de Matemática - Assinatura","active, expired",CIABA,PEDRO HENRIQUE DE SENA LIMA,105756-0,609,FORTALEZA,185,25/07/2005,0.96,contained_substring,NAO
38550,28300096,Victor Alexandre,msvictoralexandre@gmail.com,(22) 99621-1415,NÃO,Nenhum,expired,CIABA,VICTOR ALEXANDRE SILVEIRA RODRIGUES,101332-1,207,NATAL,225,03/07/2004,0.96,contained_substring,NAO
38494,28556842,Lucas Gabriel,lgcn1999@gmail.com,(38) 98845-7036,NÃO,Nenhum,expired,CIABA,LUCAS GABRIEL FERREIRA SANTANA,108575-5,54,FORTALEZA,245,29/11/2007,0.96,contained_substring,NAO
38585,28201868,João Vitor,joaovitormartinsdacosta@gmail.com,(21) 98010-0838,NÃO,Nenhum,expired,CIABA,JOÃO VITOR RAMOS SPINELLI,107090-8,691,SALVADOR,180,23/03/2005,0.96,contained_substring,NAO
38497,28472642,Matheus Henrique,matheushenriquem1506@gmail.com,(21) 97124-6840,SIM,Nivelamento de Física - Assinatura,active,CIABA,MATHEUS HENRIQUE SOUZA VIANA,104936-7,715,BELÉM,180,01/09/2004,0.96,contained_substring,NAO
38785,27605356,João Guilherme,jgcneves07@gmail.com,(84) 99636-9743,NÃO,Nenhum,expired,CIABA,JOAO GUILHERME OLIVEIRA DE LIMA,102177-8,272,RECIFE,215,16/09/2003,0.96,contained_substring,NAO
38632,28114879,João Vitor,tazbeatz6@gmail.com,(61) 99574-0343,NÃO,Nenhum,expired,CIABA,JOÃO VITOR RAMOS SPINELLI,107090-8,691,SALVADOR,180,23/03/2005,0.96,contained_substring,NAO
38481,28624315,José Miguel,josemiguelgomes2005@outlook.com,(21) 98927-2561,NÃO,Nenhum,expired,CIABA,JOSÉ MIGUEL HOLANDA ROCHA,108886-8,104,FORTALEZA,250,06/05/2006,0.96,contained_substring,NAO
38829,27441010,João Vitor,costaa1995@gmail.com,(21) 99409-9295,NÃO,Nenhum,expired,CIABA,JOÃO VITOR RAMOS SPINELLI,107090-8,691,SALVADOR,180,23/03/2005,0.96,contained_substring,NAO
38746,27715533,Paulo Henrique,phpaivalins2022@gmail.com,(21) 97228-5182,NÃO,Nenhum,expired,CIABA,PAULO HENRIQUE MEDEIROS FRANCO,101711-1,397,FORTALEZA,200,08/05/2004,0.96,contained_substring,NAO
38697,27895969,Pedro Augusto,pedronapoleao312@gmail.com,(98) 97027-3065,NÃO,Nenhum,expired,CIABA,PEDRO AUGUSTO NEVES DOS SANTOS,107176-7,651,SALVADOR,185,21/08/2008,0.96,contained_substring,NAO
39071,22439110,Joao Pedro,jpreisfreitas@gmail.com,(21) 97521-7921,NÃO,Nenhum,expired,CIABA,JOÃO PEDRO UCHOA RODRIGUES,105953-0,4,FORTALEZA,305,29/09/2008,0.96,contained_substring,NAO
39040,22572856,Carlos Eduardo,superkaduoficial@gmail.com,(84) 99655-5245,NÃO,Nenhum,expired,CIABA,CARLOS EDUARDO VIANA BARROS,108681-1,526,FORTALEZA,190,13/04/2006,0.96,contained_substring,NAO
38872,27226133,Cauã Alves,cauaalves738@gmail.com,(84) 98102-5640,NÃO,Nenhum,expired,CIABA,CAUÃ ALVES DE ARAÚJO FERREIRA,104193-9,821,NATAL,175,07/06/2006,0.96,contained_substring,NAO
38891,27188037,João Marcelo,familiadeise2004@gmail.com,(21) 99220-2675,NÃO,Nenhum,expired,CIABA,JOÃO MARCELO ZANELLA DE SOUSA,105204-8,37,BELÉM,265,12/12/2008,0.96,contained_substring,NAO
39017,22669673,João Vitor,ferreirajoaovitor404@gmail.com,(38) 99951-2592,NÃO,Nenhum,expired,CIABA,JOÃO VITOR RAMOS SPINELLI,107090-8,691,SALVADOR,180,23/03/2005,0.96,contained_substring,NAO
38997,22733798,Matheus Gomes,matheusgomes2004@gmail.com,(21) 96451-2089,NÃO,Nenhum,expired,CIABA,MATHEUS GOMES DA FROTA FALCAO,107671-0,817,FORTALEZA,175,23/11/2009,0.96,contained_substring,NAO
39264,22124032,Carlos Daniel,carlosdanielsilva900@gmail.com,(21) 97232-8528,NÃO,Nenhum,expired,CIABA,CARLOS DANIEL RODRIGUES FERNANDES,103861-7,547,NATAL,190,14/06/2006,0.96,contained_substring,NAO
39315,22079753,João Paulo,joao03082005@gmail.com,(81) 99113-7474,SIM,Live Nivelamento de Fisíca,"active, expired",CIABA,JOÃO PAULO KEUFFER COSTA,107394-9,25,BELÉM,275,18/11/2005,0.96,contained_substring,NAO
39357,22060147,César Augusto,cesinhamarins14@gmail.com,,NÃO,Nenhum,expired,CIABA,CESAR AUGUSTO SANTOS AMILTON,106968-3,101,RECIFE,255,19/01/2008,0.96,contained_substring,NAO
39393,22043255,João Vitor,joaovitoreurico@gmail.com,(24) 99835-9904,SIM,Live Nivelamento de Fisíca,"active, expired",CIABA,JOÃO VITOR RAMOS SPINELLI,107090-8,691,SALVADOR,180,23/03/2005,0.96,contained_substring,NAO
39265,22124028,Pedro Henrique,pedroandrademartinspinto@gmail.com,,NÃO,Nenhum,expired,CIABA,PEDRO HENRIQUE DE SENA LIMA,105756-0,609,FORTALEZA,185,25/07/2005,0.96,contained_substring,NAO
39254,22128359,Paulo Henrique,henrique17002@gmail.com,(91) 98576-2228,NÃO,Nenhum,expired,CIABA,PAULO HENRIQUE MEDEIROS FRANCO,101711-1,397,FORTALEZA,200,08/05/2004,0.96,contained_substring,NAO
39239,22132598,Joao Guilherme,guilhermelopesrodrigues1508@gmail.com,(81) 99830-8499,SIM,Live Nivelamento de Fisíca,"active, expired",CIABA,JOAO GUILHERME OLIVEIRA DE LIMA,102177-8,272,RECIFE,215,16/09/2003,0.96,contained_substring,NAO
39568,22023773,Julio César,juliocesarp829@gmail.com,(82) 99945-1973,SIM,Live Nivelamento de Fisíca,"active, expired",CIABA,JULIO CESAR DE LIMA MENDONÇA,102085-5,511,NATAL,195,23/06/2005,0.96,contained_substring,NAO
31072,43416562,Alexandre Lima,alebr123evil@gmail.com,(21) 99516-4851,SIM,"Nivelamento de Matemática - Assinatura, Nivelamento de Física - Assinatura",active,CIABA,JOÃO ALEXANDRE LIMA DE ALBUQUERQUE PONTES,111785-0,34,RECIFE,265,14/03/2009,0.952,contained_substring,NAO
31227,43325561,Marco Aurélio,marcoaurelio18690@gmail.com,(22) 99290-8468,NÃO,Nenhum,sem_assinatura,CIABA,MARCO AURÉLIO MENDES SILVA CARVALHO,104831-3,417,PARNAÍBA,200,21/06/2009,0.952,contained_substring,NAO
31449,43291539,Daniel Fecury,danielfecuryvinagre@gmail,(91) 98846-2868,NÃO,Nenhum,sem_assinatura,CIABA,CARLOS DANIEL FECURY LAMEIRA VINAGRE,107616-2,843,BELÉM,175,21/12/2007,0.952,contained_substring,SIM
31260,43324334,Felipe Costa,felipedamasceno394@gmail.com,(91) 98089-6255,NÃO,Nenhum,sem_assinatura,CIABA,LUIS FELIPE COSTA E SILVA RISUENHO,103741-1,479,BELÉM,195,12/12/2005,0.952,contained_substring,NAO
31782,43188920,gabriel gomes,gabriel.gomes.da.silva.kgb@gmail.com,(81) 98544-3343,NÃO,Nenhum,sem_assinatura,CIABA,JOÃO GABRIEL GOMES MIRANDA DA SILVA,109175-0,738,BELÉM,180,01/01/2009,0.952,contained_substring,SIM
34060,40045105,Gustavo Carvalho,gustavodannilo@gmail.com,(21) 97893-7621,NÃO,Nenhum,expired,CIABA,LUIZ GUSTAVO CARVALHO DE SOUSA AZEVEDO,109661-4,56,PARNAÍBA,240,24/10/2006,0.952,contained_substring,NAO
33590,41615395,Henry Luccas,henryluccas098@gmail.com,(87) 98165-4038,SIM,"Nivelamento de Física - Assinatura, Nivelamento de Matemática - Assinatura, Curso de Oficial: EFOMM, AFA e Escola Naval - Assinatura",active,CIABA,HENRY LUCCAS CERQUEIRA VASCONCELOS GOMES,105631-3,375,SALVADOR,205,25/02/2008,0.952,contained_substring,NAO
33318,41694009,Luis Henrique,lhjdutra@gmail.com,(98) 98518-8320,SIM,Nivelamento de Física - Assinatura,active,CIABA,LUÍS HENRIQUE PITTA IGLESIAS DE MELO,105701-7,108,RECIFE,250,15/02/2009,0.952,contained_substring,NAO
33258,41714421,João Matheus,joaomatheus5626@gmail.com,(22) 99936-9109,SIM,"Curso de Oficial: EFOMM, AFA e Escola Naval - Assinatura, Nivelamento de Matemática - Assinatura, Nivelamento de Física - Assinatura",active,CIABA,JOÃO MATHEUS COSTA ALBUQUERQUE MOURA,100317-4,745,RECIFE,180,03/07/2008,0.952,contained_substring,NAO
33955,40469313,Luis Felipe,luisfelipefrocha2009@gmail.com,(81) 97121-2601,NÃO,Nenhum,expired,CIABA,LUIS FELIPE COSTA E SILVA RISUENHO,103741-1,479,BELÉM,195,12/12/2005,0.952,contained_substring,NAO
35947,36136361,Lucas Melo,lucasmelo2489@gmail.com,(84) 98629-3324,NÃO,Nenhum,expired,CIABA,PEDRO LUCAS MELO BRAGA DE OLIVEIRA,107454-6,71,FORTALEZA,225,09/04/2008,0.952,contained_substring,NAO
35808,36322798,Marco Antonio,marcomuaythai2008@gmail.com,(12) 99208-5416,NÃO,Nenhum,expired,CIABA,MARCO ANTÔNIO ALENCAR QUEIROZ CARLOTO,107545-0,351,BELÉM,205,05/04/2006,0.952,contained_substring,NAO
35624,36358731,Miguel Martins,gegel7martins@gmail.com,(21) 99091-0041,NÃO,Nenhum,expired,CIABA,LUÍS MIGUEL MARTINS GOMES COSTA,102369-3,323,FORTALEZA,205,18/03/2008,0.952,contained_substring,NAO
36227,35309244,Matheus Costa,costta.tth@gmail.com,(21) 97640-2232,NÃO,Nenhum,expired,CIABA,JOÃO MATHEUS COSTA ALBUQUERQUE MOURA,100317-4,745,RECIFE,180,03/07/2008,0.952,contained_substring,NAO
36062,35786478,João Henrique,joaohenriquesantosdemacedo2@gmail.com,(69) 99349-0985,SIM,Nivelamento de Física - Assinatura,"active, expired",CIABA,JOÃO HENRIQUE COSTA TENORIO DA SILVA,110858-2,420,RECIFE,200,02/08/2004,0.952,contained_substring,NAO
36038,35868089,Gabriel Gomes,gabrielgomesdelima21@gmail.com,(12) 99169-7098,NÃO,Nenhum,expired,CIABA,JOÃO GABRIEL GOMES MIRANDA DA SILVA,109175-0,738,BELÉM,180,01/01/2009,0.952,contained_substring,NAO
35410,36543541,Luis Felipe,luisf98lf98@gmail.com,(32) 98839-9233,NÃO,Nenhum,expired,CIABA,LUIS FELIPE COSTA E SILVA RISUENHO,103741-1,479,BELÉM,195,12/12/2005,0.952,contained_substring,NAO
104373,44054707,ana luiza,analuizacamposlima98@gmail.com,(22) 98829-0403,NÃO,Nenhum,sem_assinatura,CIABA,ANA LUIZA LEITÃO DA SILVA FREITAS,102377-3,739,BELÉM,180,20/12/2005,0.952,contained_substring,NAO
85459,43750793,Daniel Fecury,carlosdanielvinagre@gmail.com,(91) 98846-2868,NÃO,Nenhum,sem_assinatura,CIABA,CARLOS DANIEL FECURY LAMEIRA VINAGRE,107616-2,843,BELÉM,175,21/12/2007,0.952,contained_substring,SIM
31347,43308069,Marco Aurélio,marcoespcexaurelio@gmail.com,(22) 99290-8468,NÃO,Nenhum,sem_assinatura,CIABA,MARCO AURÉLIO MENDES SILVA CARVALHO,104831-3,417,PARNAÍBA,200,21/06/2009,0.952,contained_substring,NAO
30851,43434906,João Matheus,joaomatheusrodrigues28092010@gmail.com,(21) 97946-6135,NÃO,Nenhum,sem_assinatura,CIABA,JOÃO MATHEUS COSTA ALBUQUERQUE MOURA,100317-4,745,RECIFE,180,03/07/2008,0.952,contained_substring,NAO
32834,42092357,Lucas Melo,lucasmatheusmeloo@gmail.com,(91) 98253-2096,SIM,"Nivelamento de Matemática - Assinatura, Curso de Oficial: EFOMM, AFA e Escola Naval - Assinatura, Nivelamento de Física - Assinatura",active,CIABA,PEDRO LUCAS MELO BRAGA DE OLIVEIRA,107454-6,71,FORTALEZA,225,09/04/2008,0.952,contained_substring,NAO
35557,36397190,Joao Henrique,joaohenriquesr11@gmail.com,(92) 98252-6636,SIM,"Nivelamento de Matemática - Assinatura, Nivelamento de Física - Assinatura, Curso de Oficial: EFOMM, AFA e Escola Naval - Assinatura",active,CIABA,JOÃO HENRIQUE COSTA TENORIO DA SILVA,110858-2,420,RECIFE,200,02/08/2004,0.952,contained_substring,NAO
32340,42721860,Gabriel Coelho,gabrielcoelho9667@gmail.com,(21) 98617-7056,SIM,"Nivelamento de Matemática - Assinatura, Nivelamento de Física - Assinatura, Curso de Oficial: EFOMM, AFA e Escola Naval - Assinatura",active,CIABA,JOAO GABRIEL COELHO DE OLIVEIRA SANTOS,112224-5,588,SÃO LUIS,190,18/11/2008,0.952,contained_substring,NAO
34803,37458038,Daniel Fecury,danielfecuryvinagre@gmail.com,(91) 98846-2868,NÃO,Nenhum,expired,CIABA,CARLOS DANIEL FECURY LAMEIRA VINAGRE,107616-2,843,BELÉM,175,21/12/2007,0.952,contained_substring,SIM
36554,34580474,Gabriel Gomes,gabrieloliveira12.31.15@gmail.com,(24) 99238-4145,SIM,Nivelamento de Física - Assinatura,"active, expired",CIABA,JOÃO GABRIEL GOMES MIRANDA DA SILVA,109175-0,738,BELÉM,180,01/01/2009,0.952,contained_substring,NAO
36832,33674781,João Henrique,joaohma10@gmail.com,(84) 99829-3654,NÃO,Nenhum,expired,CIABA,JOÃO HENRIQUE COSTA TENORIO DA SILVA,110858-2,420,RECIFE,200,02/08/2004,0.952,contained_substring,NAO
36570,34528281,Marco Aurélio,jucelmaaurelio24@gmail.com,(11) 93113-5115,NÃO,Nenhum,expired,CIABA,MARCO AURÉLIO MENDES SILVA CARVALHO,104831-3,417,PARNAÍBA,200,21/06/2009,0.952,contained_substring,NAO
37792,30899325,João Henrique,joaohenriquerody@gmail.com,(21) 97940-9301,NÃO,Nenhum,expired,CIABA,JOÃO HENRIQUE COSTA TENORIO DA SILVA,110858-2,420,RECIFE,200,02/08/2004,0.952,contained_substring,NAO
39152,22186280,Caio William,caiowffg1@gmail.com,(84) 98163-2410,NÃO,Nenhum,expired,CIABA,CAIO WILLIAM DE FARIAS FERREIRA GONÇALVES,106172-9,760,NATAL,180,03/10/2003,0.952,contained_substring,NAO
39452,22036275,Matheus Costa,matheus67ij@gmail.com,(21) 96704-7980,SIM,"Curso de Oficial: EsPCEx - Assinatura, Nivelamento de Matemática - Assinatura, Live Nivelamento de Fisíca, Nivelamento de Física - Assinatura","active, expired, inactive",CIABA,JOÃO MATHEUS COSTA ALBUQUERQUE MOURA,100317-4,745,RECIFE,180,03/07/2008,0.952,contained_substring,NAO
31238,43325328,caio,ribeirolimacaio0202@gmail.com,(21) 98472-6724,NÃO,Nenhum,sem_assinatura,CIABA,CAIO MOREIRA DE LIMA,110848-6,388,FORTALEZA,200,08/12/2009,0.9467,contained_substring,SIM
31424,43294667,Pedro Bastos,pedrorodbastos@gmail.com,(22) 99837-8351,NÃO,Nenhum,sem_assinatura,CIABA,JOÃO PEDRO BASTOS DUTRA D'AQUINO,113564-4,776,RECIFE,180,15/10/2006,0.9467,contained_substring,NAO
31323,43310231,Laura,lauradasneves8@gmail,(83) 3971,NÃO,Nenhum,sem_assinatura,CIABA,LAURA DAS NEVES DE ANDRADE,101124-6,804,NATAL,175,22/12/2007,0.9467,contained_substring,SIM
35129,36990471,Sophia,sophialimabr912@gmail.com,(21) 96752-6720,NÃO,Nenhum,expired,CIABA,SOPHIA DE LIMA BASTOS,108742-7,753,BELÉM,180,24/10/2006,0.9467,contained_substring,SIM
33564,41615469,Laura,lauradasneves8@gmail.com,(83) 3971,SIM,"Nivelamento de Física - Assinatura, Nivelamento de Matemática - Assinatura, Curso de Oficial: EFOMM, AFA e Escola Naval - Assinatura",active,CIABA,LAURA DAS NEVES DE ANDRADE,101124-6,804,NATAL,175,22/12/2007,0.9467,contained_substring,SIM
85613,43753295,Wendel,wendelsantos98811@gmail.com,(84) 98811-5189,NÃO,Nenhum,sem_assinatura,CIABA,WENDEL SANTOS DE LIMA,109266-4,374,NATAL,205,21/07/2007,0.9467,contained_substring,SIM
32972,41970313,Paulo,paulojosedacosta75@gmail.com,(21) 97162-0171,SIM,"Nivelamento de Matemática - Assinatura, Curso de Oficial: EFOMM, AFA e Escola Naval - Assinatura, Nivelamento de Física - Assinatura",active,CIABA,PAULO COSTA BELLO,108506-9,81,FORTALEZA,285,22/09/2005,0.9467,contained_substring,SIM
85495,43750917,Cauã,cauanascimentoquintas@gmail.com,(22) 99959-3547,NÃO,Nenhum,sem_assinatura,CIABA,CAUA NASCIMENTO MACIEL,100942-9,941,BELÉM,170,22/12/2004,0.9467,contained_substring,SIM
37119,32535201,Italo,italofreitas419@gmail.com,(98) 97015-2580,NÃO,Nenhum,expired,CIABA,ITALO FREITAS ROSÁRIO,100701-0,546,BELÉM,190,10/11/2005,0.9467,contained_substring,SIM
143718,44521143,luiz gustavo Azevedo de Carvalho,lgacarvalho2007@gmail.com,(21) 99995-0031,NÃO,Nenhum,sem_assinatura,CIABA,LUIZ GUSTAVO CARVALHO DE SOUSA AZEVEDO,109661-4,56,PARNAÍBA,240,24/10/2006,0.946,contained_tokens,NAO
31734,43188975,Joaquim,quimdasilva17@gmail.com,(21) 97421-2630,NÃO,Nenhum,sem_assinatura,CIABA,JOÃO JOAQUIM FALCÃO SILVA,105992-8,646,FORTALEZA,185,03/04/2009,0.94,contained_substring,SIM
32410,42679747,Hélio,neto190785@gmail.com,(71) 98806-8582,SIM,"Curso de Oficial: EFOMM, AFA e Escola Naval - Assinatura, Nivelamento de Física - Assinatura, Nivelamento de Matemática - Assinatura",active,CIABA,HÉLIO FÉLIX SOARES NETO,100910-3,309,SÃO LUIS,210,21/05/2007,0.94,contained_substring,SIM
32148,42914916,Ruan Pereira Amaral,ruan91169@gmail.com,(19) 99147-9534,SIM,"Nivelamento de Física - Assinatura, Curso de Oficial: EFOMM, AFA e Escola Naval - Assinatura, Nivelamento de Matemática - Assinatura",active,CIABA,RUAN CLEISON AMARAL FERREIRA,102648-0,290,RECIFE,210,10/07/2006,0.94,contained_tokens,NAO
33300,41700589,João Pedro Rodrigues,joaopedroansb@gmail.com,(88) 99286-7208,NÃO,Nenhum,expired,CIABA,JOÃO PEDRO UCHOA RODRIGUES,105953-0,4,FORTALEZA,305,29/09/2008,0.94,contained_tokens,NAO
143587,44643587,Luisa,luisamariadc00@gmail.com,(91) 98292-1381,NÃO,Nenhum,sem_assinatura,CIABA,MARIA LUISA GUILHERME LUCIOLI,105658-3,765,SALVADOR,180,07/03/2005,0.94,contained_substring,SIM
164500,44902833,Marcos Alves Dos Santos,ma4894347@gmail.com,(71) 99731-3883,SIM,"Nivelamento de Física - Assinatura, Nivelamento de Matemática - Assinatura, Curso de Oficial: EFOMM, AFA e Escola Naval - Assinatura",active,CIABA,MARCOS VINICIUS ALVES DOS SANTOS,111472-0,529,SALVADOR,190,05/02/2009,0.94,contained_tokens,NAO
31499,43251719,João Vitor Nascimento,joaovitorrn2911@gmail.com,(27) 99285-5390,SIM,"Nivelamento de Física - Assinatura, Nivelamento de Matemática - Assinatura",active,CIABA,JOAO VICTOR DO NASCIMENTO FARIAS,108416-2,277,FORTALEZA,210,23/02/2008,0.94,contained_tokens,NAO
35151,36957587,João Vitor Dos Santos,joaovitorfonseca0707@gmail.com,(55) 99674-7522,NÃO,Nenhum,"expired, inactive",CIABA,JOÃO VICTOR PEREIRA DOS SANTOS,102343-1,722,RECIFE,180,29/05/2006,0.94,contained_tokens,NAO
143618,44637632,Peterson,petersoncastro3121@gmail.com,(21) 98013-3042,NÃO,Nenhum,sem_assinatura,CIABA,PETERSON FERREIRA DE CASTRO LOURENÇO,101039-0,376,FORTALEZA,205,31/08/2009,0.94,contained_substring,SIM
34998,37187588,Joao Vitor Do Nascimento,donascimentojoaovitor186@gmail.com,(22) 99231-5635,NÃO,Nenhum,expired,CIABA,JOAO VICTOR DO NASCIMENTO FARIAS,108416-2,277,FORTALEZA,210,23/02/2008,0.94,contained_tokens,NAO
33474,41621373,Daniell,daniell.deo@gmail.com,(15) 98803-4961,SIM,"Nivelamento de Física - Assinatura, Curso de Oficial: EFOMM, AFA e Escola Naval - Assinatura, Nivelamento de Matemática - Assinatura",active,CIABA,DANIELL DÉO DE SOUSA NOGUEIRA,102736-0,689,BELÉM,180,13/04/2004,0.94,contained_substring,SIM
35045,37096641,Marcos,marcossantosccb.com.br@gmail.com,(98) 98573-3899,SIM,"Nivelamento de Inglês - Assinatura, Curso: Turma ESA - Assinatura, Nivelamento de Matemática - Assinatura",active,CIABA,ANTONIO MARCOS NOGUEIRA DOS SANTOS,101727-7,198,SALVADOR,225,20/09/2005,0.94,contained_substring,SIM
39063,22507638,João Pedro Soares,joaopedro.d.oliveira1@gmail.com,(21) 99633-5390,SIM,"Nivelamento de Matemática - Assinatura, Nivelamento de Física - Assinatura, Curso de Oficial: EFOMM, AFA e Escola Naval - Assinatura",active,CIABA,JOÃO PEDRO DE ANDRADE SOARES,110987-6,433,RECIFE,200,28/02/2003,0.94,contained_tokens,NAO
31926,43062945,Joao Vitor Santos,joaovitordosantoscolombo@gmail.com,(21) 98389-1485,SIM,"Nivelamento de Física - Assinatura, Nivelamento de Matemática - Assinatura, Curso de Oficial: EsPCEx - Assinatura",active,CIABA,JOÃO VICTOR PEREIRA DOS SANTOS,102343-1,722,RECIFE,180,29/05/2006,0.94,contained_tokens,NAO
39648,43644533,Raphael da Silva Martinho,martinhoraphaell@gmail.com,(21) 96874-8660,NÃO,Nenhum,sem_assinatura,CIABA,RAFHAEL MARTINO SILVA MACEDO,108822-7,226,FORTALEZA,220,22/04/2006,0.94,contained_tokens,NAO
32539,42638597,Raul,raulfelipeta@gmail.com,(75) 98355-6001,SIM,"Curso de Oficial: EFOMM, AFA e Escola Naval - Assinatura, Nivelamento de Matemática - Assinatura, Nivelamento de Física - Assinatura",active,CIABA,RAUL FELIPE SILVA FERREIRA,100533-0,865,SALVADOR,175,29/09/2006,0.94,contained_substring,SIM
85569,43752046,Tellis,thiagotellis58@gmail.com,(22) 98162-5153,NÃO,Nenhum,sem_assinatura,CIABA,THIAGO TELLIS DE OLIVEIRA SILVA,103181-0,200,RECIFE,225,24/08/2005,0.94,contained_substring,SIM
85574,43752130,Igor,igorsilvanozs@gmail.com,(51) 99553-4986,NÃO,Nenhum,sem_assinatura,CIABA,IGOR RAFAEL MOURA DA SILVA,101704-0,306,RECIFE,210,01/02/2005,0.94,contained_substring,SIM
34591,37818245,Maria Eduarda Mendes,mariaduda.silva@icloud.com,(21) 99213-7955,NÃO,Nenhum,expired,CIABA,MARIA EDUARDA MAGALHÃES MENDES,112780-4,645,FORTALEZA,185,10/08/2005,0.94,contained_tokens,NAO
34337,39087202,João Pedro Da Silva,joaopedrodasilva348@gmail.com,(21) 99014-7454,NÃO,Nenhum,expired,CIABA,JOÃO PEDRO DOS SANTOS SILVA,100677-0,910,SÃO LUIS,170,15/12/2007,0.94,contained_tokens,NAO
35323,36629216,Maria Eduarda Santos,eduardasantossilva2001@gmail.com,(21) 98799-7347,NÃO,Nenhum,expired,CIABA,MARIA EDUARDA BARRETO SANTOS,113936-2,737,SALVADOR,180,12/06/2006,0.94,contained_tokens,NAO
33848,40626103,Davi Oliveira De Carvalho,carvalhowilliam2205@gmail.com,(21) 99382-7110,SIM,"Curso de Oficial: EFOMM, AFA e Escola Naval - Assinatura, Nivelamento de Física - Assinatura, Nivelamento de Matemática - Assinatura",active,CIABA,DAVI DE OLIVEIRA SIMÕES DE CARVALHO,102176-0,440,FORTALEZA,200,23/05/2006,0.94,contained_tokens,NAO
32306,42754638,Thiago Dos Santos Da Silva,thiagodossantosdasilva33@gmail.com,(21) 99127-6391,SIM,"Nivelamento de Física - Assinatura, Nivelamento de Matemática - Assinatura, Curso de Oficial: EFOMM, AFA e Escola Naval - Assinatura",active,CIABA,IAGO KAUAN DOS SANTOS SILVA,102681-9,708,SALVADOR,180,07/12/2005,0.94,contained_tokens,SIM
31188,43345870,João Pedro Pinheiro,joaopedrooliveirafk@gmail.com,(99) 98422-4417,SIM,Nivelamento de Matemática - Assinatura,active,CIABA,JOÃO PEDRO BENJAMIM PINHEIRO,107562-9,373,FORTALEZA,205,27/10/2006,0.94,contained_tokens,NAO
32562,42637990,joao gabriel feliciano,joaogabrielfelicianosantarem@gmail.com,(61) 98262-9610,SIM,"Nivelamento de Física - Assinatura, Nivelamento de Matemática - Assinatura, Curso de Oficial: EFOMM, AFA e Escola Naval - Assinatura",active,CIABA,JOAO GABRIEL PEIXOTO FELICIANO,106365-2,129,SALVADOR,245,28/08/2004,0.94,contained_tokens,NAO
144027,44354042,Gabriela,gabrielahanae@gmail.com,(11) 99005-6912,NÃO,Nenhum,sem_assinatura,CIABA,ANA GABRIELA PINHO NOBREGA,108510-6,392,FORTALEZA,200,03/12/2006,0.94,contained_substring,SIM
37343,31916126,Felipe Rodrigues Dos Santos,felipesantos.rdss@gmail.com,(71) 99202-6093,NÃO,Nenhum,expired,CIABA,LUIZ FELIPE RODRIGUEZ SANTOS,102411-9,655,BELÉM,185,19/01/2004,0.94,contained_tokens,NAO
37122,32527686,Daniel Carmo De Sousa,danielcarmo870@gmail.com,(22) 99247-3244,NÃO,Nenhum,expired,CIABA,ÍCARO DANIEL SOUZA CONCEIÇÃO,107280-7,315,SALVADOR,210,26/02/2005,0.94,contained_tokens,NAO
37804,30873705,Maria Eduarda Dos Santos,mariaalencar8798@gmail.com,(41) 98722-4701,NÃO,Nenhum,expired,CIABA,MARIA EDUARDA BARRETO SANTOS,113936-2,737,SALVADOR,180,12/06/2006,0.94,contained_tokens,NAO
38059,30595285,João Paulo Andrade,joaopcontato62@gmail.com,(91) 99818-4890,NÃO,Nenhum,expired,CIABA,JOÃO PAULO DE ANDRADE NETO,107030-0,702,MANAUS,180,07/02/2008,0.94,contained_tokens,NAO
38564,28264454,João Vítor De Oliveira,joaov.oliv@hotmail.com,(41) 99801-7721,NÃO,Nenhum,expired,CIABA,JOAO VICTOR CARDOSO DE OLIVEIRA,100571-9,643,SALVADOR,185,28/08/2006,0.94,contained_tokens,NAO
31211,43329783,Sara,saraasilva784@gmail.com,(21) 98340-1846,NÃO,Nenhum,sem_assinatura,CIABA,SARA GABRIELLE SILVA ALVES DE ARAUJO,102308-7,425,MANAUS,200,16/06/2003,0.936,contained_substring,SIM
165293,45388432,Guilherme Araujo,guilhermearaujonetto17@gmail.com,(21) 99032-6356,NÃO,Nenhum,sem_assinatura,CIABA,GUILHERME GONÇALVES ARAÚJO,107462-6,96,FORTALEZA,255,02/09/2008,0.93,contained_tokens,NAO
30712,43448612,Paulo Oliveira,paulomachadoliveira@gmail.com,(21) 99098-3300,NÃO,Nenhum,sem_assinatura,CIABA,PABLO DE OLIVEIRA DUARTE,100356-1,798,RECIFE,175,23/02/2004,0.93,contained_tokens,NAO
30783,43440517,Gabriel Gonçalves,gbl293423@gmail.com,(21) 96716-6766,NÃO,Nenhum,sem_assinatura,CIABA,GABRIEL SIQUEIRA GONÇALVES,112578-8,354,PARNAÍBA,205,16/03/2006,0.93,contained_tokens,NAO
31079,43390924,Vitor Santos,vitorsfa24@gmail.com,(21) 99835-4528,SIM,"Nivelamento de Física - Assinatura, Curso de Matemática ESA + Nivela Mat - Assinatura",active,CIABA,VICTOR REIS DOS SANTOS,107308-4,656,BELÉM,185,03/11/2005,0.93,contained_tokens,NAO
164236,44781476,Miguel fernandes,fernandesmiguel800@gmail.com,(21) 99818-2680,NÃO,Nenhum,sem_assinatura,CIABA,MIGUEL MURTA FERNANDES,113574-0,396,SALVADOR,200,19/11/2007,0.93,contained_tokens,NAO
30944,43432697,Guilherme leunam,guileunam@hotmail.com,(11) 96565-0509,NÃO,Nenhum,sem_assinatura,CIABA,GUILHERME BRAGA LUNA,107998-8,90,FORTALEZA,265,31/03/2006,0.93,contained_tokens,NAO
30916,43433048,MATHEUS DIAS,diadmatheus753@gmail.com,(00) 21967-4804,NÃO,Nenhum,sem_assinatura,CIABA,MATEUS DIAS BIÉ,102017-7,641,BELÉM,185,24/10/2003,0.93,contained_tokens,NAO
32441,42666018,David Machado,davidsaldanha6@gmail.com,(21) 98764-4951,SIM,"Nivelamento de Matemática - Assinatura, Curso de Oficial: EFOMM, AFA e Escola Naval - Assinatura, Nivelamento de Física - Assinatura",active,CIABA,DAVI GOMES MACHADO,109083-7,934,FORTALEZA,170,23/09/2006,0.93,contained_tokens,SIM
31267,43324116,Mathews Fernandes,mathewsoliveira70@gmail.com,(21) 97339-9734,NÃO,Nenhum,sem_assinatura,CIABA,MATHEUS FERNANDES ULISSES,108604-5,61,FORTALEZA,235,14/09/2005,0.93,contained_tokens,NAO
164958,45238106,Fernando Gabriel,fernandogabrielxavier189@gmail.com,(21) 99709-0110,NÃO,Nenhum,sem_assinatura,CIABA,GABRIEL FERNANDES DE CARVALHO,103061-5,573,SALVADOR,190,01/12/2007,0.93,contained_tokens,NAO
164384,44847195,Arthur Guedes,samsungtabletarthur@gmail.com,(88) 99258-8150,SIM,Nivelamento de Física - Assinatura,active,CIABA,ARTHUR DE MOURA GUEDES,101944-0,507,NATAL,195,19/09/2007,0.93,contained_tokens,NAO
31583,43193602,Luan Alves,luan.alves@euro.adv.br,,SIM,"Curso de Oficial: EPCAR - Assinatura, Curso de Oficial: EFOMM, AFA e Escola Naval - Assinatura, Curso de Oficial: EsPCEx - Assinatura",active,CIABA,LUAN FARIAS SALES,108136-7,684,RECIFE,180,02/11/2006,0.93,contained_tokens,NAO
104347,44058228,Matheus Ferreira,matheus2017@gmail.com,(21) 97353-6722,NÃO,Nenhum,sem_assinatura,CIABA,MATHEUS NEVES PEREIRA,100457-2,451,SALVADOR,195,20/03/2003,0.93,contained_tokens,NAO
32324,42726334,Leonardo Ferreira,leonardoferreiradealmeida7@gmail.com,(12) 99213-0539,SIM,Nivelamento de Matemática - Assinatura,active,CIABA,LEONARDO LOURENÇO ERRERA,106341-7,783,FORTALEZA,175,21/06/2007,0.93,contained_tokens,NAO
31056,43397464,Gabriel Costa,costagabrielffx@gmail.com,(91) 99292-3352,SIM,"Curso de Oficial: EFOMM, AFA e Escola Naval - Assinatura, Nivelamento de Física - Assinatura, Nivelamento de Matemática - Assinatura",active,CIABA,GABRIEL GADELHA COSTA,107447-4,528,FORTALEZA,190,10/06/2009,0.93,contained_tokens,NAO
32208,42852535,Guilherme Ferreira,12.guiferreirarocha@gmail.com,(21) 95943-1313,SIM,Nivelamento de Matemática - Assinatura,active,CIABA,GUILHERME PEREIRA DINIZ,107598-7,460,MANAUS,195,28/09/2007,0.93,contained_tokens,NAO
34813,37446588,Gustavo Da Silva,gustavo11g3@gmail.com,(21) 98532-2023,SIM,"Curso de Oficial: EFOMM, AFA e Escola Naval - Assinatura, Nivelamento de Matemática - Assinatura, Nivelamento de Física - Assinatura","active, expired",CIABA,GUSTAVO OLIVEIRA SILVA,106300-3,32,BELÉM,270,05/06/2004,0.93,contained_tokens,NAO
32828,42106931,Matheus Sousa,masousaa0707@gmail.com,(91) 98113-4269,SIM,"Nivelamento de Matemática - Assinatura, Curso de Oficial: EFOMM, AFA e Escola Naval - Assinatura, Nivelamento de Física - Assinatura",active,CIABA,MATHEUS MACEDO DE SOUSA,110895-3,543,FORTALEZA,190,07/06/2007,0.93,contained_tokens,NAO
33310,41696887,André Silva,ag7156130@gmail.com,(85) 99698-1628,SIM,"Nivelamento de Física - Assinatura, Nivelamento de Matemática - Assinatura, Curso de Oficial: EsPCEx - Assinatura",active,CIABA,ANDRÉ LUIS SILVA,108098-9,710,NATAL,180,14/07/2006,0.93,contained_tokens,NAO
32699,42510375,Yan Souza,syan9718@gmail.com,(21) 99706-3762,SIM,Curso de Matemática ESA + Nivela Mat - Assinatura,active,CIABA,RYAN SILVA SOUZA,109495-0,895,PARNAÍBA,170,05/06/2006,0.93,contained_tokens,NAO
32730,42408449,Iago Pereira,joseiagopereira01@gmail.com,(22) 99801-1408,SIM,Nivelamento de Matemática - Assinatura,active,CIABA,IAGO FERREIRA SILVESTRE,104671-3,498,SALVADOR,195,20/02/2004,0.93,contained_tokens,NAO
164604,45026586,Yan Souza,syan93718@outlook.com,(21) 99706-3762,NÃO,Nenhum,expired,CIABA,RYAN SILVA SOUZA,109495-0,895,PARNAÍBA,170,05/06/2006,0.93,contained_tokens,NAO
33062,41853170,Rennan Santos,rennansantoss10@gmail.com,(21) 98058-1714,SIM,"Curso de Oficial: EsPCEx - Assinatura, Nivelamento de Física - Assinatura, Nivelamento de Matemática - Assinatura",active,CIABA,RENAN DOS SANTOS GONÇALVES,106785-6,43,BELÉM,255,30/11/2006,0.93,contained_tokens,NAO
33080,41836456,Lucas de Oliveira,leonardo.carneiro1@outlook.com,(83) 99869-1419,SIM,"Curso de Oficial: EFOMM, AFA e Escola Naval - Assinatura, Nivelamento de Matemática - Assinatura, Nivelamento de Física - Assinatura",active,CIABA,LUCAS PRACA OLIVEIRA,108588-6,95,FORTALEZA,255,20/07/2007,0.93,contained_tokens,NAO
163916,44704873,Davi Hernandes,davishdasilva@gmail.com,(21) 96591-7358,NÃO,Nenhum,sem_assinatura,CIABA,DAVI OLIVEIRA FERNANDES,103349-6,812,SALVADOR,175,06/05/2008,0.93,contained_tokens,NAO
165257,45383382,Rennan dos Santos,rennansilva243@gmail.com,(86) 99530-6901,NÃO,Nenhum,sem_assinatura,CIABA,RENAN DOS SANTOS GONÇALVES,106785-6,43,BELÉM,255,30/11/2006,0.93,contained_tokens,NAO
34266,39463067,Fabrizio Almeida,fabrizioalmeida10@gmail.com,(91) 98557-7627,NÃO,Nenhum,expired,CIABA,FABRÍCIO DOS SANTOS ALMEIDA,100625-2,667,SALVADOR,185,30/11/2004,0.93,contained_tokens,NAO
34176,39886225,Rafael Pereira,rafaelsouza3930@gmail.com,(81) 99800-2071,NÃO,Nenhum,expired,CIABA,RAFAEL FERREIRA RAEL,108201-0,350,RECIFE,205,03/06/2006,0.93,contained_tokens,NAO
34574,37854764,Matheus Pereira,mtssilva290@gmail.com,(21) 98337-8228,NÃO,Nenhum,expired,CIABA,MATHEUS NEVES PEREIRA,100457-2,451,SALVADOR,195,20/03/2003,0.93,contained_tokens,NAO
34494,38222029,Guilherme Ferreira,gferreiralima2604@gmail.com,(82) 99346-0944,NÃO,Nenhum,expired,CIABA,GUILHERME PEREIRA DINIZ,107598-7,460,MANAUS,195,28/09/2007,0.93,contained_tokens,NAO
35305,36632241,Thiago Alexandre,thiagoale2000@icloud.com,(81) 98433-8835,NÃO,Nenhum,expired,CIABA,TIAGO ALEXANDRE PINHEIRO,108035-6,785,FORTALEZA,175,20/07/2005,0.93,contained_tokens,NAO
35324,36629005,Gabriella Lopes,gabrielalopssggb@gmail.com,(22) 99608-2242,NÃO,Nenhum,expired,CIABA,GABRIEL LOPES DE AQUINO,101799-8,855,SALVADOR,175,07/12/2004,0.93,contained_tokens,SIM
35098,37003903,Mateus Da Silva,mateussilva196503@gmail.com,(33) 99108-7875,NÃO,Nenhum,expired,CIABA,MATHEUS ALEXANDRINO DA SILVA,111336-5,822,SALVADOR,175,19/03/2007,0.93,contained_tokens,NAO
35432,36521412,Paulo Ferreira,pauloferreiramch@gmail.com,(21) 98472-8746,NÃO,Nenhum,expired,CIABA,PABLO FERREIRA DE SOUSA,100781-0,922,SÃO LUIS,170,14/05/2004,0.93,contained_tokens,NAO
33900,40555987,Gabriel Nascimento,gabriel.nascimentosx22@gmail.com,(24) 98103-8675,SIM,"Nivelamento de Física - Assinatura, Curso de Oficial: EsPCEx - Assinatura","active, expired",CIABA,GABRIEL DE ANDRADE NASCIMENTO,102669-1,600,MANAUS,185,30/05/2006,0.93,contained_tokens,NAO
32780,42257933,Henry Teles,henrysergio98@gmail.com,(81) 98300-7235,SIM,"Nivelamento de Física - Assinatura, Curso de Oficial: EFOMM, AFA e Escola Naval - Assinatura, Nivelamento de Matemática - Assinatura",active,CIABA,HENRY SERGIO TELES,100593-8,111,RECIFE,250,02/08/2006,0.93,contained_tokens,SIM
35420,36537679,Rafael Morais,faelmorais09@gmail.com,(21) 98167-7261,NÃO,Nenhum,expired,CIABA,RAFAEL MORAES SPIRITO,109664-9,210,SALVADOR,225,22/03/2003,0.93,contained_tokens,NAO
35469,36476158,Gabryel Rodrigues,gabryelluiz0@gmail.com,(12) 99195-9457,NÃO,Nenhum,expired,CIABA,GABRIEL RODRIGUES AYRES,109208-2,410,RECIFE,200,08/06/2006,0.93,contained_tokens,NAO
35998,35970948,Isac Silva,viniciusisac56@gmail.com,(81) 98240-1697,NÃO,Nenhum,expired,CIABA,ISAAC MOURA DA SILVA,110769-4,901,FORTALEZA,170,13/09/2006,0.93,contained_tokens,NAO
36320,34875851,Maria Marques,mariabotto26@gmail.com,(51) 99947-9725,NÃO,Nenhum,expired,CIABA,MARI ALVES MARQUES,101243-3,980,FORTALEZA,170,17/07/2008,0.93,contained_tokens,SIM
36370,34804210,Felipe Vieira,lipef4558@gmail.com,(43) 99600-4236,NÃO,Nenhum,expired,CIABA,FILIPE VIEIRA SIMOES,101825-3,402,SALVADOR,200,30/10/2009,0.93,contained_tokens,NAO
164578,45006641,Nícolas De Lima,nicolasdelimaalvesdasilva@gmail.com,(21) 96749-9798,SIM,"Nivelamento de Matemática - Assinatura, Nivelamento de Física - Assinatura, Curso de Oficial: EFOMM, AFA e Escola Naval - Assinatura",active,CIABA,NICOLAS LIMA CABRAL,100245-4,407,SÃO LUIS,200,27/02/2008,0.93,contained_tokens,NAO
31928,43062590,Gabriel Nascimento,gabrieldonascimentos01@gmail.com,(22) 99939-4112,SIM,"Nivelamento de Física - Assinatura, Curso de Oficial: EFOMM, AFA e Escola Naval - Assinatura, Nivelamento de Matemática - Assinatura",active,CIABA,GABRIEL DE ANDRADE NASCIMENTO,102669-1,600,MANAUS,185,30/05/2006,0.93,contained_tokens,NAO
36143,35593693,Mariana Silva,maryanazicom5@gmail.com,(84) 99109-5126,NÃO,Nenhum,expired,CIABA,MARIANA BRAGA DA SILVA,110086-3,583,SALVADOR,190,01/04/2003,0.93,contained_tokens,NAO
33819,40667234,Guilherme meireles,guimeireless2019@gmail.com,(84) 99129-1376,SIM,"Nivelamento de Matemática - Assinatura, Nivelamento de Física - Assinatura, Curso de Oficial: EFOMM, AFA e Escola Naval - Assinatura",active,CIABA,GUILHERME SANTOS MEIRELES,101254-8,502,NATAL,195,28/10/2007,0.93,contained_tokens,NAO
35329,36628080,Manuella Lima,contato@manuellalima.com.br,(41) 98792-7152,SIM,"Nivelamento de Física - Assinatura, Curso de Oficial: EFOMM, AFA e Escola Naval - Assinatura, Nivelamento de Matemática - Assinatura","active, expired",CIABA,EMANUELLY DA SILVA LIMA,104643-0,907,BELÉM,170,18/11/2008,0.93,contained_tokens,NAO
38110,30494955,Isabella Silva,isabella.s.criv@gmail.com,(11) 94787-8455,SIM,"Curso de Oficial: EFOMM, AFA e Escola Naval - Assinatura, Nivelamento de Matemática - Assinatura, Nivelamento de Física - Assinatura","active, expired",CIABA,ISABELLY ROSENDO SILVA,104379-0,665,RECIFE,185,27/10/2008,0.93,contained_tokens,NAO
164288,44785172,Fabricio Almeida,fabregasd.santosa@gmail.com,(71) 99635-3482,NÃO,Nenhum,sem_assinatura,CIABA,FABRÍCIO DOS SANTOS ALMEIDA,100625-2,667,SALVADOR,185,30/11/2004,0.93,contained_tokens,SIM
32178,42885067,Renan Gonçalves,renan7santos995@gmail.com,(91) 98025-7583,SIM,"Nivelamento de Física - Assinatura, Nivelamento de Matemática - Assinatura, Curso de Oficial: EFOMM, AFA e Escola Naval - Assinatura",active,CIABA,RENAN DOS SANTOS GONÇALVES,106785-6,43,BELÉM,255,30/11/2006,0.93,contained_tokens,SIM
33604,41615366,Pedro Chaves,chavespedrohenrique769@gmail.com,(21) 99927-7001,SIM,"Curso de Oficial: EFOMM, AFA e Escola Naval - Assinatura, Nivelamento de Matemática - Assinatura, Nivelamento de Física - Assinatura",active,CIABA,PEDRO LIMA CHAVES,112460-3,484,FORTALEZA,195,26/05/2008,0.93,contained_tokens,NAO
35353,36616364,Miguel Fernandes,miguelsantosfernandes10@gmail.com,(21) 99599-1802,SIM,"Nivelamento de Matemática - Assinatura, Nivelamento de Física - Assinatura, Curso de Oficial: EFOMM, AFA e Escola Naval - Assinatura","active, expired",CIABA,MIGUEL MURTA FERNANDES,113574-0,396,SALVADOR,200,19/11/2007,0.93,contained_tokens,NAO
164767,45174688,Heitor Ferreira,ferreiraht78@gmail.com,(21) 96648-2788,SIM,"Nivelamento de Física - Assinatura, Curso de Oficial: EFOMM, AFA e Escola Naval - Assinatura, Nivelamento de Matemática - Assinatura",active,CIABA,HEITOR PEREIRA DA SILVA,100993-9,912,RECIFE,170,11/12/2007,0.93,contained_tokens,NAO
33361,41679737,Hian Aguiar,hian.silva.gomes@gmail.com,(21) 96553-4239,SIM,"Curso de Oficial: EFOMM, AFA e Escola Naval - Assinatura, Nivelamento de Física - Assinatura, Nivelamento de Matemática - Assinatura",active,CIABA,IAN AGUIAR PIMENTA,100444-1,828,FORTALEZA,175,07/03/2005,0.93,contained_tokens,SIM
33862,40621659,Breno Oliveira,brenoamaral640@gmail.com,(21) 97117-6011,SIM,"Nivelamento de Matemática - Assinatura, Nivelamento de Física - Assinatura, Curso de Oficial: EFOMM, AFA e Escola Naval - Assinatura",active,CIABA,BRENO CASTRO OLIVEIRA,108955-3,125,SÃO LUIS,245,01/11/2007,0.93,contained_tokens,NAO
33364,41678874,Lucas Almeida,lukinharepossi@gmail.com,(21) 97528-3363,SIM,"Nivelamento de Física - Assinatura, Curso de Oficial: EsPCEx - Assinatura, Nivelamento de Matemática - Assinatura",active,CIABA,LUCAS DE ALMEIDA CARDOSO,107774-7,416,RECIFE,200,03/11/2009,0.93,contained_tokens,NAO
164123,44746969,Gabriel Cirqueira,gabrielcirqueira2018@gmail.com,(11) 99127-1741,NÃO,Nenhum,sem_assinatura,CIABA,GABRIEL SIQUEIRA GONÇALVES,112578-8,354,PARNAÍBA,205,16/03/2006,0.93,contained_tokens,NAO
164864,45236345,Sophia Lima,sophiaaugusta5@gmail.com,(35) 99190-0824,SIM,"Nivelamento de Física - Assinatura, Nivelamento de Matemática - Assinatura, Curso de Oficial: EFOMM, AFA e Escola Naval - Assinatura",active,CIABA,SOPHIA DE LIMA BASTOS,108742-7,753,BELÉM,180,24/10/2006,0.93,contained_tokens,NAO
165006,45243836,Pedro Coutinho,pedromachadocoutinho408@gmail.com,(91) 98456-6774,SIM,"Curso de Oficial: EFOMM, AFA e Escola Naval - Assinatura, Nivelamento de Física - Assinatura, Nivelamento de Matemática - Assinatura",active,CIABA,PEDRO CARVALHO COUTINHO,101512-4,634,FORTALEZA,185,19/02/2005,0.93,contained_tokens,NAO
35137,36989810,Erick Ramos,erickg.ramosrj@gmail.com,(21) 98259-1895,SIM,"Nivelamento de Física - Assinatura, Nivelamento de Matemática - Assinatura, Curso EEAR - Assinatura",active,CIABA,ERICK MARTINS RAMOS,100369-2,982,NATAL,170,20/01/2004,0.93,contained_tokens,NAO
36363,34808565,Ayrton Sena,alexandrepsnplus@gmail.com,(21) 97162-9710,NÃO,Nenhum,expired,CIABA,AIRTON DOS ANJOS SENA,105498-3,761,SALVADOR,180,17/02/2007,0.93,contained_tokens,NAO
104348,44058132,Lucas Cardoso,lucas.cardoso27082009@gmail.com,(12) 98318-0809,NÃO,Nenhum,sem_assinatura,CIABA,LUCAS DE ALMEIDA CARDOSO,107774-7,416,RECIFE,200,03/11/2009,0.93,contained_tokens,NAO
36254,35139336,Artur Santos,arturdepaulasantos607@gmail.com,(21) 97653-0562,NÃO,Nenhum,expired,CIABA,ARTHUR LUZ DOS SANTOS,100454-8,688,RECIFE,180,25/10/2003,0.93,contained_tokens,NAO
33646,41578061,Vitor Martins,martinsvitorr7@gmail.com,(84) 99936-0839,SIM,"Nivelamento de Física - Assinatura, Nivelamento de Inglês - Assinatura",active,CIABA,VITOR VIANA MARTINS,113558-0,496,FORTALEZA,195,13/08/2005,0.93,contained_tokens,NAO
31349,43307713,Gabriela Araújo,gabrielaaraujo1106@gmail.com,(84) 99612-5643,NÃO,Nenhum,sem_assinatura,CIABA,GABRIEL ARAÚJO TEIXEIRA,108182-6,733,FORTALEZA,180,20/07/2004,0.93,contained_tokens,SIM
31959,43057696,Matheus Oliveira,matheusbrexogoncalves@gmail.com,(86) 99447-6693,SIM,Nivelamento de Matemática - Assinatura,active,CIABA,MATEUS OLIVEIRA DE BRITO,113261-1,336,PARNAÍBA,205,14/07/2007,0.93,contained_tokens,NAO
33600,41615370,Renato Melo,renato161melo@icloud.com,(84) 98888-4242,SIM,"Curso de Oficial: EFOMM, AFA e Escola Naval - Assinatura, Nivelamento de Física - Assinatura, Nivelamento de Matemática - Assinatura",active,CIABA,RENATO ARAÚJO MELO,109366-7,523,FORTALEZA,195,16/01/2006,0.93,contained_tokens,NAO
37141,32496083,Lucas De Amorim,amorimrocha455@gmail.com,(21) 96810-8223,NÃO,Nenhum,expired,CIABA,LUCAS DE JESUS AMORIM,102049-2,548,SALVADOR,190,06/06/2005,0.93,contained_tokens,NAO
85602,43752972,Renato Melo,renato161melo@gmail.com,(84) 98888-4242,NÃO,Nenhum,sem_assinatura,CIABA,RENATO ARAÚJO MELO,109366-7,523,FORTALEZA,195,16/01/2006,0.93,contained_tokens,NAO
76248,43729580,Luís Andrade,luisgpade@gmail.com,(61) 98209-8514,SIM,Nivelamento de Matemática - Assinatura,active,CIABA,ANDRÉ LUIS SILVA,108098-9,710,NATAL,180,14/07/2006,0.93,contained_tokens,NAO
104337,44059624,Davi Machado,davi.mach.san@gmail.com,(21) 97547-9278,NÃO,Nenhum,sem_assinatura,CIABA,DAVI GOMES MACHADO,109083-7,934,FORTALEZA,170,23/09/2006,0.93,contained_tokens,NAO
104384,44054341,Matheus Falcão,matheusffalcao1@gmail.com,(21) 96920-7129,NÃO,Nenhum,sem_assinatura,CIABA,MATHEUS LEONARDO FACÓ,108460-5,114,FORTALEZA,245,23/01/2009,0.93,contained_tokens,NAO
85502,43750928,Ayrton Sena,ayrtos580@gmail.com,(22) 97403-6222,NÃO,Nenhum,sem_assinatura,CIABA,AIRTON DOS ANJOS SENA,105498-3,761,SALVADOR,180,17/02/2007,0.93,contained_tokens,NAO
85578,43752275,Mateus Sousa,mateussousa0x5@gmail.com,(85) 99729-4075,NÃO,Nenhum,sem_assinatura,CIABA,MATHEUS MACEDO DE SOUSA,110895-3,543,FORTALEZA,190,07/06/2007,0.93,contained_tokens,NAO
39642,43644259,Gabriela Araújo,jussaraaraujo1726@gmail.com,(84) 99188-1661,SIM,"Nivelamento de Física - Assinatura, Curso de Oficial: EFOMM, AFA e Escola Naval - Assinatura, Nivelamento de Matemática - Assinatura",active,CIABA,GABRIEL ARAÚJO TEIXEIRA,108182-6,733,FORTALEZA,180,20/07/2004,0.93,contained_tokens,NAO
32001,43033696,Guilherme Ferreira,guilherme.fer2008@gmail.com,(32) 99198-1600,SIM,"Nivelamento de Matemática - Assinatura, Nivelamento de Física - Assinatura, Curso de Oficial: EFOMM, AFA e Escola Naval - Assinatura",active,CIABA,GUILHERME PEREIRA DINIZ,107598-7,460,MANAUS,195,28/09/2007,0.93,contained_tokens,NAO
30777,43440754,Gabriel Nascimento,gabriel.nascimento.ferreira10@gmail.com,(35) 99109-2975,NÃO,Nenhum,sem_assinatura,CIABA,GABRIEL DE ANDRADE NASCIMENTO,102669-1,600,MANAUS,185,30/05/2006,0.93,contained_tokens,NAO
30763,43441824,Matheus De Araújo,matheuszayit@gmail.com,(21) 99006-5724,NÃO,Nenhum,sem_assinatura,CIABA,MATEUS ARAUJO CESAR,112603-5,925,SALVADOR,170,08/09/2005,0.93,contained_tokens,NAO
36458,34717857,Samuel Viana,sa.rrah.li.ma89@gmail.com,(21) 97035-1376,NÃO,Nenhum,expired,CIABA,SAMUEL MELO VIANA,112706-2,444,FORTALEZA,195,24/09/2006,0.93,contained_tokens,NAO
30623,43555122,Arthur Costa,espcexarcanjo@gmail.com,(21) 99996-7709,SIM,"Nivelamento de Física - Assinatura, Nivelamento de Matemática - Assinatura, Curso de Oficial: EsPCEx - Assinatura",active,CIABA,ARTHUR MACHADO DA COSTA,100345-7,413,NATAL,200,24/05/2004,0.93,contained_tokens,NAO
31705,43189017,Alakae Galdino,alakaegaldino@outlook.com,(81) 98112-8008,NÃO,Nenhum,sem_assinatura,CIABA,ALAKAE ELEANOR GALDINO,106160-6,863,RECIFE,175,18/05/2006,0.93,contained_tokens,NAO
36987,32961207,Guilherme Ferreira,marginaisyt123@gmail.com,(21) 97708-9937,SIM,"Curso de Oficial: EFOMM, AFA e Escola Naval - Assinatura, Nivelamento de Física - Assinatura, Nivelamento de Inglês - Assinatura","active, expired, inactive",CIABA,GUILHERME PEREIRA DINIZ,107598-7,460,MANAUS,195,28/09/2007,0.93,contained_tokens,NAO
32270,42805351,Rafaelle Almeida,almeidarafaelle2005@gmail.com,(21) 99643-8791,SIM,"Nivelamento de Física - Assinatura, Curso de Oficial: EsPCEx - Assinatura, Nivelamento de Matemática - Assinatura",active,CIABA,RAFAEL DE ALMEIDA SANTOS,104850-8,810,FORTALEZA,175,09/03/2007,0.93,contained_tokens,SIM
34130,39963618,Gabriel Freitas,maumauzkl123@gmail.com,(71) 98390-8947,NÃO,Nenhum,expired,CIABA,GABRIEL RODRIGUES FREITAS,100082-0,949,SALVADOR,170,22/09/2005,0.93,contained_tokens,NAO
36440,34731998,Gustavo Aguiar,gustavoaguiar1227@gmail.com,(81) 98852-1174,SIM,"Curso de Oficial: EFOMM, AFA e Escola Naval - Assinatura, Nivelamento de Física - Assinatura, Nivelamento de Matemática - Assinatura","active, expired",CIABA,GUSTAVO SANTOS DE AGUIAR,100596-2,437,RECIFE,200,01/12/2007,0.93,contained_tokens,NAO
32973,41971663,Samuel Silva,samuelvictordasilvajr@gmail.com,(84) 99441-3728,SIM,"Nivelamento de Matemática - Assinatura, Nivelamento de Física - Assinatura, Curso de Oficial: EFOMM, AFA e Escola Naval - Assinatura",active,CIABA,SAMUEL RAMALHO DA SILVA,101906-1,763,PARNAÍBA,180,09/09/2006,0.93,contained_tokens,NAO
32690,42525753,Lucas Almeida,lucasalmeidapf30@gmail.com,(21) 98131-8069,SIM,Nivelamento de Matemática - Assinatura,active,CIABA,LUCAS DE ALMEIDA CARDOSO,107774-7,416,RECIFE,200,03/11/2009,0.93,contained_tokens,NAO
33185,41740455,Giovani Silva,giovaniegustavo@gmail.com,(21) 97439-3031,SIM,"Nivelamento de Matemática - Assinatura, Nivelamento de Física - Assinatura",active,CIABA,GIOVANA DA SILVA MORAIS,103888-7,856,BELÉM,175,25/06/2005,0.93,contained_tokens,NAO
33767,40710590,Guilherme Ferreira,guilhermefrgc@gmail.com,(73) 99991-4952,SIM,"Nivelamento de Matemática - Assinatura, Nivelamento de Física - Assinatura",active,CIABA,GUILHERME PEREIRA DINIZ,107598-7,460,MANAUS,195,28/09/2007,0.93,contained_tokens,NAO
104456,44053058,Gabriel Freitas,gl5294193@gmail.com,(21) 96477-1223,SIM,"Nivelamento de Matemática - Assinatura, Nivelamento de Física - Assinatura, Curso EEAR - Assinatura",active,CIABA,GABRIEL RODRIGUES FREITAS,100082-0,949,SALVADOR,170,22/09/2005,0.93,contained_tokens,NAO
34889,37420634,Mathews Fernandes,mathewsfernandes70@gmail.com,(21) 97339-9734,NÃO,Nenhum,expired,CIABA,MATHEUS FERNANDES ULISSES,108604-5,61,FORTALEZA,235,14/09/2005,0.93,contained_tokens,NAO
34943,37298119,Davi Cruz,dc2234239@gmail.com,(21) 98348-3985,NÃO,Nenhum,expired,CIABA,DAVI AMARAL CRUZ,105205-6,248,SALVADOR,215,18/10/2007,0.93,contained_tokens,NAO
34967,37236660,Guilherme Da Silva,guiepaidenovo@gmail.com,(21) 99387-7253,NÃO,Nenhum,expired,CIABA,GUILHERME SOUSA SILVA,107399-0,221,FORTALEZA,220,28/12/2009,0.93,contained_tokens,NAO
104478,44052253,Vitor Santos,vitorpele12345@gmail.com,(54) 99615-1313,NÃO,Nenhum,sem_assinatura,CIABA,VICTOR REIS DOS SANTOS,107308-4,656,BELÉM,185,03/11/2005,0.93,contained_tokens,NAO
35617,36361228,Miguel Santana,guelsn4@gmail.com,(21) 99324-0357,NÃO,Nenhum,expired,CIABA,MIGUEL RIBEIRO DE SANTANA,108175-4,347,SALVADOR,205,10/08/2007,0.93,contained_tokens,NAO
35429,36524812,Lucas De Souza,lucassouzalopes9299@gmail.com,(79) 99814-2421,NÃO,Nenhum,expired,CIABA,LUCAS SILVA DE SOUZA,107228-4,730,RECIFE,180,26/02/2007,0.93,contained_tokens,NAO
104484,44051898,Rafaela Santos,rafasan082@gmail.com,(21) 98248-3598,NÃO,Nenhum,sem_assinatura,CIABA,RAFAEL DE ALMEIDA SANTOS,104850-8,810,FORTALEZA,175,09/03/2007,0.93,contained_tokens,NAO
35482,36458616,Yago Dos Santos,yagosantos8383@gmail.com,(77) 99949-1313,NÃO,Nenhum,expired,CIABA,YAGO BRAGA DOS SANTOS,101344-4,281,RECIFE,210,24/03/2006,0.93,contained_tokens,NAO
35747,36323586,Pedro Vieira,pv07155@gmail.com,(21) 97220-5601,NÃO,Nenhum,expired,CIABA,PEDRO SILVA VIEIRA,100391-6,989,SALVADOR,170,08/07/2006,0.93,contained_tokens,NAO
38979,24393252,Felipe Gomes,felipe.gomesslourenco@gmail.com,(81) 98354-9921,SIM,Live Nivelamento de Fisíca,"active, expired",CIABA,FELIPE CHAVES GOMES,105621-7,471,RECIFE,195,18/06/2004,0.93,contained_tokens,NAO
104529,44049557,Matheus souza,teteudias0607@gmail.com,(21) 98477-9178,NÃO,Nenhum,sem_assinatura,CIABA,MATHEUS MACEDO DE SOUSA,110895-3,543,FORTALEZA,190,07/06/2007,0.93,contained_tokens,NAO
30721,43445252,Gabriela Ferreira,gabielagab@gmail.com,(98) 98827-9594,NÃO,Nenhum,sem_assinatura,CIABA,GABRIEL WILLIAM FERREIRA,108893-0,24,FORTALEZA,280,26/11/2008,0.93,contained_tokens,NAO
34687,37622747,Matheus Silva,matheussilvadasilvax7@gmail.com,(55) 99112-5355,NÃO,Nenhum,expired,CIABA,MATHEUS ALEXANDRINO DA SILVA,111336-5,822,SALVADOR,175,19/03/2007,0.93,contained_tokens,NAO
144020,44360805,Pedro reis,pedroreis3314@gmail.com,(21) 98029-3314,NÃO,Nenhum,sem_assinatura,CIABA,PEDRO OLIVEIRA REIS,104317-6,320,BELÉM,210,21/07/2008,0.93,contained_tokens,NAO
32483,42649298,Leonardo Endres,leonardopfe.endres@gmail.com,(51) 99359-8982,SIM,"Nivelamento de Física - Assinatura, Nivelamento de Matemática - Assinatura, Curso de Oficial: EFOMM, AFA e Escola Naval - Assinatura",active,CIABA,LEONARDO MENDES FARIAS,108429-3,679,FORTALEZA,180,10/11/2006,0.93,contained_tokens,NAO
36593,34508284,Gustavo Silva,lauridegustavo16@gmail.com,(21) 98881-6892,NÃO,Nenhum,expired,CIABA,GUSTAVO OLIVEIRA SILVA,106300-3,32,BELÉM,270,05/06/2004,0.93,contained_tokens,NAO
36962,33103035,Amanda Barros,amandabarrosg05@gmail.com,(21) 99722-7728,SIM,"Nivelamento de Matemática - Assinatura, Curso de Oficial: EsPCEx - Assinatura, Nivelamento de Física - Assinatura",active,CIABA,AMANDA DE BARROS GOMES,111433-3,456,RECIFE,195,24/10/2005,0.93,contained_tokens,NAO
37129,32524343,Lucas Paulino,contatolucasop@gmail.com,(88) 99857-0030,NÃO,Nenhum,expired,CIABA,LUCA FERNANDES PAULINO,107048-1,193,FORTALEZA,225,06/12/2008,0.93,contained_tokens,SIM
37341,31916398,Samuel Da Silva,dasilvabritosenasamuel@gmail.com,(84) 99153-9513,NÃO,Nenhum,expired,CIABA,SAMUEL RAMALHO DA SILVA,101906-1,763,PARNAÍBA,180,09/09/2006,0.93,contained_tokens,NAO
37162,32445098,Ryan Da Silva,ryangg500@gmail.com,(21) 99345-2053,NÃO,Nenhum,expired,CIABA,YAN SILVA MACIEL,106570-3,138,FORTALEZA,240,09/10/2006,0.93,contained_tokens,SIM
37423,31677808,Victor Santos,victorwizkhalifa16@yahoo.com,(21) 98243-7114,NÃO,Nenhum,expired,CIABA,VICTOR REIS DOS SANTOS,107308-4,656,BELÉM,185,03/11/2005,0.93,contained_tokens,NAO
37520,31437363,Vinicius Aragão,viniciustrajano50@gmail.com,(61) 99657-0450,NÃO,Nenhum,expired,CIABA,VINÍCIUS LUSTOSA ARAGÃO,107319-9,449,FORTALEZA,195,12/10/2006,0.93,contained_tokens,NAO
37684,31102736,Fernanda Santos,fernandadossantossilva38@gmail.com,(94) 99135-6709,NÃO,Nenhum,expired,CIABA,MAITÊ FERNANDES DOS SANTOS,100266-5,873,FORTALEZA,175,31/03/2006,0.93,contained_tokens,NAO
37427,31667974,Matheus Silva,matheus_lilioliveira@hotmail.com,(22) 99278-6282,NÃO,Nenhum,expired,CIABA,MATHEUS ALEXANDRINO DA SILVA,111336-5,822,SALVADOR,175,19/03/2007,0.93,contained_tokens,NAO
37448,31587497,Matheus Rodrigues,mmrodrigues077@gmail.com,(19) 99912-3131,NÃO,Nenhum,expired,CIABA,MATHEUS DE ALMEIDA RODRIGUES,101033-1,143,SALVADOR,240,06/11/2007,0.93,contained_tokens,NAO
37710,31073807,Lucas Souza,lucassouzadacosta2003@gmail.com,(21) 99780-3367,NÃO,Nenhum,expired,CIABA,LUCAS SILVA DE SOUZA,107228-4,730,RECIFE,180,26/02/2007,0.93,contained_tokens,NAO
37648,31149695,Leonardo Lima,leoziinmedeiros@gmail.com,(21) 99433-1801,NÃO,Nenhum,expired,CIABA,LEONARDO DE LIMA SCHULER,111779-6,121,RECIFE,245,13/04/2009,0.93,contained_tokens,NAO
37799,30876727,Vinicius Silva,vini.domingos123@gmail.com,(11) 9373,NÃO,Nenhum,expired,CIABA,VINICIUS DA SILVA DIONIZIO,104197-1,577,NATAL,190,09/04/2007,0.93,contained_tokens,NAO
37832,30821771,Matheus Silva,alvesmatheus.s@hotmail.com,(67) 99299-9857,NÃO,Nenhum,expired,CIABA,MATHEUS ALEXANDRINO DA SILVA,111336-5,822,SALVADOR,175,19/03/2007,0.93,contained_tokens,NAO
37872,30789768,Matheus Almeida,matheusalmeidasantos014@gmail.com,(21) 98527-5033,NÃO,Nenhum,expired,CIABA,MATHEUS DE ALMEIDA RODRIGUES,101033-1,143,SALVADOR,240,06/11/2007,0.93,contained_tokens,NAO
38094,30529930,Emanuel De Lima,emanueldlimaa@gmail.com,(85) 98992-1195,NÃO,Nenhum,expired,CIABA,EMANUELLY DA SILVA LIMA,104643-0,907,BELÉM,170,18/11/2008,0.93,contained_tokens,NAO
37996,30714185,Marianna Reis,mariannareistrabalho@gmail.com,(21) 97411-6536,NÃO,Nenhum,expired,CIABA,TAYNÁ DOS REIS MARIANO,109993-8,554,SALVADOR,190,22/05/2006,0.93,contained_tokens,NAO
38036,30652070,Caio Cruz,caio15607@gmail.com,(21) 98861-0882,NÃO,Nenhum,expired,CIABA,CAIO RODRIGUES CRUZ,101738-1,504,RECIFE,195,23/09/2005,0.93,contained_tokens,NAO
38046,30624957,Jonathan De Souza,priscilarosario928@gmail.com,(21) 96677-1756,NÃO,Nenhum,expired,CIABA,NATHAN DE SOUZA LANNES,108174-6,45,FORTALEZA,250,21/09/2004,0.93,contained_tokens,NAO
38392,29294345,Thiago Brito,britot513@gmail.com,(21) 98191-5706,NÃO,Nenhum,expired,CIABA,TIAGO BRITO LARA,100935-7,308,RECIFE,210,31/12/2006,0.93,contained_tokens,NAO
38375,29366600,David Araujo,daviwag508@gmail.com,(42) 99929-0668,NÃO,Nenhum,expired,CIABA,DAVI ARAUJO BEZERRA,108524-5,659,FORTALEZA,185,11/11/2006,0.93,contained_tokens,SIM
38567,28261994,Guilherme Ferreira,guilhermefm021@gmail.com,(21) 96528-9582,NÃO,Nenhum,expired,CIABA,GUILHERME PEREIRA DINIZ,107598-7,460,MANAUS,195,28/09/2007,0.93,contained_tokens,NAO
38396,29221074,Victor Oliveira,victor.oliveira.2000@hotmail.com,(21) 99673-1344,NÃO,Nenhum,expired,CIABA,WICTOR DE OLIVEIRA MARQUES,107272-7,700,BELÉM,180,26/03/2009,0.93,contained_tokens,NAO
38866,27240510,Adrielle Souza,adriellefernandes1107@gmail.com,(21) 99992-3199,NÃO,Nenhum,expired,CIABA,ANDRIELLY RAMIRES DE SOUZA,100886-4,862,BELÉM,175,24/09/2003,0.93,contained_tokens,NAO
38724,27755705,Pedro Alencar,pedroalencar2083@gmail.com,(83) 98822-1913,NÃO,Nenhum,expired,CIABA,PEDRO DE ALENCAR ALVES,105861-8,964,SALVADOR,170,12/04/2009,0.93,contained_tokens,NAO
38755,27639245,Wesley Silva,andreiacosta0809@gmail.com,(21) 96917-4336,SIM,"Curso de Oficial: EFOMM, AFA e Escola Naval - Assinatura, Nivelamento de Física - Assinatura, Nivelamento de Matemática - Assinatura","active, expired",CIABA,WESLEY ALMEIDA DA SILVA,102817-9,917,SÃO LUIS,170,30/08/2005,0.93,contained_tokens,NAO
38954,25610225,Samuel Araujo,samusanara@gmail.com,(12) 98304-8928,NÃO,Nenhum,expired,CIABA,SAMUEL DE ARAUJO LANDIM,107695-5,391,FORTALEZA,200,08/10/2007,0.93,contained_tokens,NAO
38982,24389913,Matheus Araújo,matheusaraujoegidio97@gmail.com,(21) 97626-8644,NÃO,Nenhum,expired,CIABA,MATEUS ARAUJO CESAR,112603-5,925,SALVADOR,170,08/09/2005,0.93,contained_tokens,NAO
38945,26212083,Ruan Souza,souzaruan264@gmail.com,(74) 98812-6602,NÃO,Nenhum,expired,CIABA,RUAN LIMA DE SOUSA,107455-4,442,FORTALEZA,195,17/12/2005,0.93,contained_tokens,NAO
39388,22044436,Cássio Lima,elpredadorsinho2006@gmail.com,(95) 99145-6239,SIM,Live Nivelamento de Fisíca,"active, expired",CIABA,CAIO MOREIRA DE LIMA,110848-6,388,FORTALEZA,200,08/12/2009,0.93,contained_tokens,NAO
39441,22038686,Matheus Oliveira,matheusfifa2031@gmail.com,(92) 99252-4834,SIM,Live Nivelamento de Fisíca,"active, expired",CIABA,MATEUS OLIVEIRA DE BRITO,113261-1,336,PARNAÍBA,205,14/07/2007,0.93,contained_tokens,NAO
39491,22028463,Yan Souza,syan93718@gmail.com,(21) 99706-3762,SIM,"Curso de Matemática ESA + Nivela Mat - Assinatura, Curso EEAR - Assinatura, Nivelamento de Física - Assinatura, Nivelamento de Matemática - Assinatura, Curso: Turma ESA - Assinatura","active, expired",CIABA,RYAN SILVA SOUZA,109495-0,895,PARNAÍBA,170,05/06/2006,0.93,contained_tokens,NAO
39614,22023270,Lucas De Amorim,lucasdeamorim455@gmail.com,(21) 98426-6406,SIM,Live Nivelamento de Fisíca,"active, expired",CIABA,LUCAS DE JESUS AMORIM,102049-2,548,SALVADOR,190,06/06/2005,0.93,contained_tokens,NAO
39567,22023787,Samuel Carvalho,samuelcarvalho58@yahoo.com,(22) 98126-7582,SIM,Live Nivelamento de Fisíca,"active, expired",CIABA,SAMUEL CAMPOS CARVALHO,103683-0,696,SANTARÉM,180,13/08/2004,0.93,contained_tokens,NAO
30750,43442409,Luis Felipe Risuenho,lfrisuenho@gmail.com,(91) 99109-6565,NÃO,Nenhum,sem_assinatura,CIABA,LUIS FELIPE COSTA E SILVA RISUENHO,103741-1,479,BELÉM,195,12/12/2005,0.922,contained_tokens,NAO
164383,44844193,Ana Luiza Silva,analuizaalbertino@gmail.com,(21) 99682-7577,SIM,Nivelamento de Matemática - Assinatura,active,CIABA,ANA LUIZA LEITÃO DA SILVA FREITAS,102377-3,739,BELÉM,180,20/12/2005,0.922,contained_tokens,NAO
163838,44679433,Gabriela Da Silva Araujo,gabrielasilvaraujo1@gmail.com,(21) 96762-9219,SIM,"Curso EEAR - Assinatura, Nivelamento de Matemática - Assinatura, Nivelamento de Física - Assinatura",active,CIABA,SARA GABRIELLE SILVA ALVES DE ARAUJO,102308-7,425,MANAUS,200,16/06/2003,0.922,contained_tokens,NAO
32100,42947502,Gabriel De Araujo Silva,bieldet8@gmail.com,(21) 96624-9472,SIM,Curso de Matemática ESA + Nivela Mat - Assinatura,active,CIABA,SARA GABRIELLE SILVA ALVES DE ARAUJO,102308-7,425,MANAUS,200,16/06/2003,0.922,contained_tokens,NAO
35874,36284039,Pedro Henrique de Oliveira,pedrohenriqueol1807@gmail.com,(35) 98800-5760,NÃO,Nenhum,expired,CIABA,PEDRO HENRIQUE BRANCO DE OLIVEIRA FRANCA,110016-9,455,RECIFE,195,23/12/2007,0.922,contained_tokens,NAO
143637,44623128,Matheus Rocha Alves,matheusrochaalves450@gmail.com,(27) 99751-2902,SIM,Nivelamento de Matemática - Assinatura,active,CIABA,MATEUS SALES VIEIRA ROCHA BASTOS,111308-2,60,FORTALEZA,240,15/01/2007,0.922,contained_tokens,NAO
34891,37420628,João Del Prete,joao.pedromatta@hotmail.com,(21) 99975-4673,SIM,"Nivelamento de Matemática - Assinatura, Curso de Oficial: EFOMM, AFA e Escola Naval - Assinatura, Nivelamento de Física - Assinatura","active, expired",CIABA,JOAO PEDRO DEL PRÉTE MATTA,102415-1,924,SALVADOR,170,28/01/2004,0.922,contained_tokens,SIM
35527,36426771,Pedro Lucas Braga,ledropucas2005@gmail.com,(74) 98805-6722,SIM,"Nivelamento de Matemática - Assinatura, Curso de Oficial: EFOMM, AFA e Escola Naval - Assinatura, Nivelamento de Física - Assinatura","active, expired",CIABA,PEDRO LUCAS MELO BRAGA DE OLIVEIRA,107454-6,71,FORTALEZA,225,09/04/2008,0.922,contained_tokens,NAO
39428,22040335,Gabriel Araujo Da Silva,gabrieltoba78@gmail.com,(24) 99264-4418,SIM,Live Nivelamento de Fisíca,"active, expired",CIABA,SARA GABRIELLE SILVA ALVES DE ARAUJO,102308-7,425,MANAUS,200,16/06/2003,0.922,contained_tokens,NAO
31497,43254764,Lucas Borges,lucasborges2128@gmail.com,(51) 99779-2323,SIM,"Nivelamento de Física - Assinatura, Nivelamento de Matemática - Assinatura, Curso de Oficial: EFOMM, AFA e Escola Naval - Assinatura",active,CIABA,LUCAS GABRIEL DAMASCENO BORGES,103454-4,282,PARNAÍBA,210,01/04/2007,0.91,contained_tokens,NAO
36310,34916116,Mateus Soares,matsoaresg007@gmail.com,(61) 99172-2514,NÃO,Nenhum,expired,CIABA,JOSÉ MATHEUS RAMON SOARES,101382-3,144,SALVADOR,240,07/05/2003,0.91,contained_tokens,NAO
30883,43434007,Ryan matheus,ryanmcalves@gmail.com,(91) 98525-0464,NÃO,Nenhum,sem_assinatura,CIABA,MATHEUS RYAN SILVA DE MELO,105322-7,508,MANAUS,195,09/04/2007,0.91,contained_tokens,NAO
30809,43439225,Daniel Nogueira,danielgirloff@gmail.com,(21) 96611-8954,NÃO,Nenhum,sem_assinatura,CIABA,DANIELL DÉO DE SOUSA NOGUEIRA,102736-0,689,BELÉM,180,13/04/2004,0.91,contained_tokens,NAO
30941,43432733,Arthur Nascimento,arthurcamwra@gmail.com,(84) 98855-1848,NÃO,Nenhum,sem_assinatura,CIABA,ARTHUR FERNANDO NASCIMENTO DE LIMA,102826-7,445,RECIFE,195,30/06/2006,0.91,contained_tokens,NAO
30713,43448614,Ana Júlia,anaj8411@gmail.com,(21) 96664-4082,SIM,Nivelamento de Matemática - Assinatura,active,CIABA,ANNA JULIA SILVA FRANCA,100529-2,312,RECIFE,210,22/02/2007,0.91,contained_tokens,NAO
31217,43327393,Davi Silva,marinalvaferreira84602@gmail.com,(21) 96715-5102,NÃO,Nenhum,sem_assinatura,CIABA,RAFAEL DAVI MEDEIROS E SILVA,101689-9,233,BELÉM,220,17/02/2009,0.91,contained_tokens,NAO
31239,43325297,Luiz Filipe,luizfilipegomes2009@gmail.com,(21) 99129-1492,NÃO,Nenhum,sem_assinatura,CIABA,LUIZ FELIPE RODRIGUEZ SANTOS,102411-9,655,BELÉM,185,19/01/2004,0.91,contained_tokens,NAO
164373,44828817,Eric Oliveira,futuromilitar002@gmail.com,(19) 99649-3109,SIM,Nivelamento de Matemática - Assinatura,active,CIABA,ERIC VITOR DE OLIVEIRA LIMA,102420-7,774,FORTALEZA,180,05/08/2005,0.91,contained_tokens,NAO
31485,43278467,Vitória Souza,anavitoriadasilvasouza33@gmail.com,(85) 99243-0316,NÃO,Nenhum,sem_assinatura,CIABA,MAURO VITOR ROCHA SOUZA,101561-8,806,RECIFE,175,07/12/2003,0.91,contained_tokens,SIM
31507,43243224,Carlos Ferreira,carlosbb20019@gmail.com,(21) 99907-4387,SIM,"Nivelamento de Matemática - Assinatura, Curso de Oficial: EFOMM, AFA e Escola Naval - Assinatura, Nivelamento de Física - Assinatura",active,CIABA,CARLOS ASAFE PEREIRA ARAÚJO,107500-4,103,FORTALEZA,250,19/04/2007,0.91,contained_tokens,NAO
33734,40870098,João Oliveira,joaooli545@gmail.com,(15) 99743-8429,SIM,Nivelamento de Matemática - Assinatura,active,CIABA,JOAO VICTOR CARDOSO DE OLIVEIRA,100571-9,643,SALVADOR,185,28/08/2006,0.91,contained_tokens,NAO
31714,43189003,Marcus Winicius,mwinicius28@gmail.com,(91) 99353-8587,NÃO,Nenhum,sem_assinatura,CIABA,MARCUS VINÍCIUS MARTINS ARANHA,102419-4,422,BELÉM,200,28/10/2006,0.91,contained_tokens,NAO
31330,43309321,Bruno Magalhães,contabruno2008@gmail.com,(21) 97071-9370,NÃO,Nenhum,sem_assinatura,CIABA,BRENO MAGALHÃES DE AZEVEDO CARVALHO,104566-5,946,SALVADOR,170,30/01/2004,0.91,contained_tokens,NAO
31729,43188983,Paulo Vinicius,pvcom95@gmail.com,(84) 98118-9636,NÃO,Nenhum,sem_assinatura,CIABA,MARCOS VINICIUS DE PAULA MOURA,108020-9,1000,FORTALEZA,165,27/03/2008,0.91,contained_tokens,NAO
32688,42535013,Davi silva,davib8616@gmail.com,(21) 96715-5102,SIM,"Curso de Oficial: EFOMM, AFA e Escola Naval - Assinatura, Nivelamento de Matemática - Assinatura, Nivelamento de Física - Assinatura",active,CIABA,RAFAEL DAVI MEDEIROS E SILVA,101689-9,233,BELÉM,220,17/02/2009,0.91,contained_tokens,NAO
31942,43060696,Arthur Barreto,barretoarthur962@gmail.com,(21) 98260-4215,SIM,"Nivelamento de Física - Assinatura, Nivelamento de Matemática - Assinatura, Curso de Oficial: EsPCEx - Assinatura",active,CIABA,ARTHUR LUCAS BARRETO FARIAS,111348-8,539,BELÉM,190,04/08/2009,0.91,contained_tokens,NAO
32790,42208887,Kaio Brito,kaiodebrito21@gmail.com,(92) 99306-4601,SIM,"Nivelamento de Matemática - Assinatura, Curso de Oficial: EsPCEx - Assinatura, Nivelamento de Física - Assinatura",active,CIABA,IAN KAIO DE BRITO LIBERATO,100762-6,902,PARNAÍBA,170,24/02/2006,0.91,contained_tokens,NAO
32314,42751421,André Henrique,ap8313116@gmail.com,(91) 98363-5942,SIM,"Nivelamento de Física - Assinatura, Nivelamento de Matemática - Assinatura, Curso de Oficial: EFOMM, AFA e Escola Naval - Assinatura",active,CIABA,GUSTAVO HENRIQUE ANDRADE DA SILVA,105789-3,929,RECIFE,170,17/09/2003,0.91,contained_tokens,NAO
33688,41184290,Arthur Borges,arthurborgesc07@gmail.com,(21) 97405-3503,SIM,"Nivelamento de Física - Assinatura, Nivelamento de Matemática - Assinatura, Curso de Oficial: EFOMM, AFA e Escola Naval - Assinatura",active,CIABA,ARTHUR RANIERY BORGES DOS SANTOS,101579-0,845,BELÉM,175,03/11/2008,0.91,contained_tokens,NAO
39652,43651350,Gabriel Nunes,biel.souzacrf@gmail.com,(21) 96442-6456,SIM,"Nivelamento de Matemática - Assinatura, Nivelamento de Física - Assinatura",active,CIABA,ARIEL BERNARDO DE LIMA NUNES,101591-7,405,RECIFE,200,23/12/2008,0.91,contained_tokens,NAO
164419,44881733,Pedro Jordão,pedrojmmaia3@gmail.com,(21) 98301-1646,SIM,"Nivelamento de Matemática - Assinatura, Nivelamento de Física - Assinatura",active,CIABA,JOÃO PEDRO UCHOA RODRIGUES,105953-0,4,FORTALEZA,305,29/09/2008,0.91,contained_tokens,NAO
36407,34766347,Guilherme De Faria,guiorelha12@gmail.com,(21) 99532-2059,SIM,"Curso de Oficial: EFOMM, AFA e Escola Naval - Assinatura, Nivelamento de Matemática - Assinatura","active, expired",CIABA,MARIA LUISA GUILHERME LUCIOLI,105658-3,765,SALVADOR,180,07/03/2005,0.91,contained_tokens,NAO
31939,43061580,Cássio Henrique,cassiohenri27@gmail.com,(98) 98578-7754,SIM,"Nivelamento de Física - Assinatura, Curso de Oficial: EFOMM, AFA e Escola Naval - Assinatura, Nivelamento de Matemática - Assinatura",active,CIABA,CAIO HENRIQUE LIMA FEITOZA,105189-7,219,RECIFE,220,24/08/2005,0.91,contained_tokens,NAO
32185,42879756,Ana Luisa,luisaalmeidavls@gmail.com,(21) 97268-6736,SIM,"Curso de Oficial: EsPCEx - Assinatura, Nivelamento de Matemática - Assinatura, Nivelamento de Física - Assinatura",active,CIABA,ANA ELISA SALDAÑA FARIAS,102225-2,270,NATAL,215,28/07/2006,0.91,contained_tokens,NAO
31946,43060597,João Andrade,joaopads7@gmail.com,(21) 99336-0982,SIM,"Nivelamento de Física - Assinatura, Curso EEAR - Assinatura, Nivelamento de Matemática - Assinatura",active,CIABA,JOÃO PAULO DE ANDRADE NETO,107030-0,702,MANAUS,180,07/02/2008,0.91,contained_tokens,NAO
32748,42335437,Kaua Santos,kauafesantos@gmail.com,(93) 99175-6811,SIM,Nivelamento de Física - Assinatura,active,CIABA,IAGO KAUAN DOS SANTOS SILVA,102681-9,708,SALVADOR,180,07/12/2005,0.91,contained_tokens,NAO
32504,42643439,Andrei Santos,andreioliveira841@gmail.com,(11) 96759-8342,SIM,"Curso de Oficial: EFOMM, AFA e Escola Naval - Assinatura, Nivelamento de Matemática - Assinatura, Nivelamento de Física - Assinatura",active,CIABA,JOÃO ANDRYÊ SANTOS RIBEIRO,101471-1,631,NATAL,185,06/09/2007,0.91,contained_tokens,NAO
38202,30157393,Artur Manoel,arturmanoel39@gmail.com,(21) 96759-8528,NÃO,Nenhum,expired,CIABA,ARTHUR MANOEL ALVES COSTA,107258-3,400,BELÉM,200,26/12/2004,0.91,contained_tokens,NAO
164964,45238602,Matheus Reis,matheusdosreisdasilva15@gmail.com,(21) 99455-5804,NÃO,Nenhum,sem_assinatura,CIABA,MATHEUS RODNEY BEZERRA REIS,108083-1,436,FORTALEZA,200,11/10/2007,0.91,contained_tokens,NAO
32729,42429814,Marcos André,marquinandree@gmail.com,(61) 99891-9066,SIM,"Curso de Oficial: EFOMM, AFA e Escola Naval - Assinatura, Nivelamento de Física - Assinatura, Nivelamento de Matemática - Assinatura",active,CIABA,MARCO ANDRE CORTEZ SIMOES,106334-5,978,SÃO LUIS,170,28/08/2008,0.91,contained_tokens,NAO
32759,42303241,Rafhael Mendes,rafhaelmendes54@gmail.com,(83) 99417-1028,NÃO,Nenhum,expired,CIABA,RAFAEL ARTHUR BONILLA MENDES,113391-3,727,RECIFE,180,31/12/2007,0.91,contained_tokens,NAO
33050,41870045,Sabrina Vitorino,sabrinavitorino767@gmail.com,(88) 99296-7638,SIM,"Nivelamento de Matemática - Assinatura, Nivelamento de Física - Assinatura, Curso de Oficial: EFOMM, AFA e Escola Naval - Assinatura",active,CIABA,SABRINA VITÓRIA DA CRUZ BEZERRA,106882-4,764,BELÉM,180,11/01/2007,0.91,contained_tokens,NAO
32570,42637926,Ivan De Souza,souzinhaivan@gmail.com,(21) 97600-7691,SIM,"Nivelamento de Matemática - Assinatura, Nivelamento de Física - Assinatura, Curso de Oficial: EFOMM, AFA e Escola Naval - Assinatura",active,CIABA,IAN AUGUSTO SOUZA PANTOJA,101888-6,965,BELÉM,170,06/02/2009,0.91,contained_tokens,NAO
32559,42638142,Tulio Sabino,tucosabino@gmail.com,(71) 99150-1370,SIM,"Curso de Oficial: EFOMM, AFA e Escola Naval - Assinatura, Nivelamento de Física - Assinatura, Nivelamento de Matemática - Assinatura",active,CIABA,TÚLIO TAVARES COSTA SABINO,108072-7,593,SALVADOR,185,28/05/2004,0.91,contained_tokens,NAO
32864,42073378,Manuela Dos Santos,estudar859@gmail.com,(21) 96801-1995,SIM,"Curso de Oficial: EFOMM, AFA e Escola Naval - Assinatura, Nivelamento de Matemática - Assinatura, Nivelamento de Física - Assinatura",active,CIABA,JAKSON EMANUEL SANTOS DE SOUZA,106950-1,317,RECIFE,210,17/03/2008,0.91,contained_tokens,NAO
32905,42040301,Lucas Costa,lucascostaffx16@gmail.com,(84) 99921-4960,SIM,"Curso de Oficial: EFOMM, AFA e Escola Naval - Assinatura, Nivelamento de Física - Assinatura, Nivelamento de Matemática - Assinatura",active,CIABA,LUCAS MANUEL COSTA MELO,101375-1,328,FORTALEZA,205,25/08/2004,0.91,contained_tokens,NAO
34737,37523240,Lucas Miranda,lceba2004@gmail.com,(21) 96731-7703,SIM,Nivelamento de Matemática - Assinatura,"active, expired",CIABA,JOSÉ LUCAS SANTOS MIRANDA,112171-0,990,SALVADOR,170,21/04/2006,0.91,contained_tokens,NAO
34227,39798145,Andrey Santos,andreyceff88@gmail.com,(11) 96429-4890,SIM,Curso de Matemática ESA + Nivela Mat - Assinatura,"active, expired",CIABA,JOÃO ANDRYÊ SANTOS RIBEIRO,101471-1,631,NATAL,185,06/09/2007,0.91,contained_tokens,NAO
164427,44883899,Renato Silva Da Silva,renatosilvar068@gmail.com,(92) 98156-7709,SIM,Nivelamento de Matemática - Assinatura,active,CIABA,RENATO ARAGAO DA SILVA NETO,102191-1,572,FORTALEZA,190,08/02/2006,0.91,contained_tokens,NAO
32522,42639154,Enzo Almeida,enzocalalmeida@gmail.com,(91) 99206-4238,SIM,"Curso de Oficial: EFOMM, AFA e Escola Naval - Assinatura, Nivelamento de Matemática - Assinatura, Nivelamento de Física - Assinatura",active,CIABA,ENZO EVENCIO VIEIRA DE ALMEIDA,105685-8,555,PARNAÍBA,190,09/06/2005,0.91,contained_tokens,NAO
32912,42037950,José Emanoel,joseemanoelcar@gmail.com,(62) 99469-0826,SIM,"Nivelamento de Física - Assinatura, Nivelamento de Matemática - Assinatura, Curso de Oficial: EFOMM, AFA e Escola Naval - Assinatura",active,CIABA,JOSÉ MANOEL DE SOUSA NETO,112277-1,616,RECIFE,185,11/11/2008,0.91,contained_tokens,SIM
33085,41832327,Juliana Silva Dos Santos,santosjuliana822@gmail.com,(91) 99129-3416,NÃO,Nenhum,expired,CIABA,JULIA ELLEN LIMA SANTOS DE SOUZA SILVA,110919-8,458,RECIFE,195,29/07/2008,0.91,contained_tokens,SIM
33306,41697829,Pedro Emanoel,pedroxemanoel125@gmail.com,(92) 98555-9937,SIM,"Nivelamento de Física - Assinatura, Nivelamento de Matemática - Assinatura, Curso de Oficial: EFOMM, AFA e Escola Naval - Assinatura",active,CIABA,PEDRO MANOEL DE ALMEIDA SENA,108973-0,19,FORTALEZA,280,31/05/2008,0.91,contained_tokens,SIM
33503,41616738,Gabriel Pontes,gabrielpontes1976@gmail.com,(85) 99413-1373,SIM,"Nivelamento de Matemática - Assinatura, Curso de Oficial: EFOMM, AFA e Escola Naval - Assinatura, Nivelamento de Física - Assinatura",active,CIABA,GABRIEL FLORÊNCIO DE PONTES E SOUZA,109120-7,847,BELÉM,175,25/12/2005,0.91,contained_tokens,NAO
35957,36093617,Danilo De Oliveira,danilomotog147@gmail.com,(19) 99303-9407,NÃO,Nenhum,expired,CIABA,DANILO NATHAN DE OLIVEIRA BARROS,112677-2,960,FORTALEZA,170,25/09/2009,0.91,contained_tokens,NAO
31516,43233694,Beatriz Silva,beatrizsilvadasilva0131@gmail.com,(91) 99236-2661,SIM,"Curso de Oficial: EFOMM, AFA e Escola Naval - Assinatura, Nivelamento de Matemática - Assinatura, Nivelamento de Física - Assinatura",active,CIABA,ANNA BEATRIZ DA SILVA AMAZONAS,106200-0,299,BELÉM,210,11/04/2008,0.91,contained_tokens,NAO
31011,43432381,Marcos Antônio,marcosantonio14052008@gmail.com,(94) 98817-7665,SIM,"Nivelamento de Matemática - Assinatura, Curso de Oficial: EFOMM, AFA e Escola Naval - Assinatura, Nivelamento de Física - Assinatura",active,CIABA,ANTONIO MARCOS NOGUEIRA DOS SANTOS,101727-7,198,SALVADOR,225,20/09/2005,0.91,contained_tokens,NAO
33362,41679196,Natan Barros,manoelabarros25@gmail.com,(21) 99267-7837,SIM,"Nivelamento de Matemática - Assinatura, Nivelamento de Física - Assinatura",active,CIABA,DANILO NATHAN DE OLIVEIRA BARROS,112677-2,960,FORTALEZA,170,25/09/2009,0.91,contained_tokens,NAO
37322,31964746,Kauã Da Silva,skaua7065@gmail.com,(21) 97339-1881,NÃO,Nenhum,expired,CIABA,IAGO KAUAN DOS SANTOS SILVA,102681-9,708,SALVADOR,180,07/12/2005,0.91,contained_tokens,NAO
33501,41616698,Igor Moura,felipeigor251108@gmail.com,(21) 97541-0095,SIM,"Curso de Oficial: EFOMM, AFA e Escola Naval - Assinatura, Nivelamento de Matemática - Assinatura, Nivelamento de Física - Assinatura",active,CIABA,IGOR RAFAEL MOURA DA SILVA,101704-0,306,RECIFE,210,01/02/2005,0.91,contained_tokens,NAO
33504,41616682,Gabriel José,gj865578@gmail.com,(21) 99742-7355,SIM,"Curso de Oficial: EFOMM, AFA e Escola Naval - Assinatura, Nivelamento de Matemática - Assinatura, Nivelamento de Física - Assinatura",active,CIABA,JOSE GABRIEL CARVALHO DOS SANTOS,104816-1,348,MANAUS,205,08/02/2005,0.91,contained_tokens,NAO
32533,42638766,Pablo Andrade,ta5575177@gmail.com,(86) 99953-7710,SIM,"Nivelamento de Matemática - Assinatura, Curso de Oficial: EFOMM, AFA e Escola Naval - Assinatura, Nivelamento de Física - Assinatura",active,CIABA,JOÃO PAULO DE ANDRADE NETO,107030-0,702,MANAUS,180,07/02/2008,0.91,contained_tokens,NAO
33861,40620407,Rafael Severina,rafael.santosseverina11@gmail.com,(75) 98298-2114,SIM,"Nivelamento de Matemática - Assinatura, Nivelamento de Física - Assinatura",active,CIABA,SEVERINO RAFAEL GONÇALVES DA SILVA,109751-0,195,FORTALEZA,225,21/12/2006,0.91,contained_tokens,NAO
30681,43471179,Davi Simões,davioliveira4108@gmail.com,(21) 99292-4108,SIM,"Curso de Oficial: EFOMM, AFA e Escola Naval - Assinatura, Nivelamento de Matemática - Assinatura, Nivelamento de Física - Assinatura",active,CIABA,DAVI DE OLIVEIRA SIMÕES DE CARVALHO,102176-0,440,FORTALEZA,200,23/05/2006,0.91,contained_tokens,SIM
32899,42046857,Luiz Filipe,luiz.filipinho36@gmail.com,(34) 99777-9793,SIM,"Curso de Oficial: EFOMM, AFA e Escola Naval - Assinatura, Nivelamento de Física - Assinatura, Curso: Turma ESA - Assinatura, Nivelamento de Matemática - Assinatura",active,CIABA,LUIZ FELIPE RODRIGUEZ SANTOS,102411-9,655,BELÉM,185,19/01/2004,0.91,contained_tokens,NAO
163860,44690486,Alexandre Costa,acpp.gira@gmail.com,(21) 99919-5509,SIM,"Nivelamento de Matemática - Assinatura, Nivelamento de Física - Assinatura",active,CIABA,LUIZ ALEXANDRE MELQUIADES COSTA,108406-6,279,FORTALEZA,210,11/09/2007,0.91,contained_tokens,NAO
164850,45218270,Felipe Fernandes,felipefernadesdavila@gmail.com,(21) 98160-7420,SIM,"Nivelamento de Física - Assinatura, Nivelamento de Matemática - Assinatura, Curso de Oficial: EFOMM, AFA e Escola Naval - Assinatura",active,CIABA,JOAO LUCAS FERNANDES FELIPE,108401-5,68,FORTALEZA,230,26/11/2004,0.91,contained_tokens,NAO
34069,40043234,Eduardo Victor,eduardocoutovictor@gmail.com,(73) 98111-7227,NÃO,Nenhum,expired,CIABA,VITOR EDUARDO ARAÚJO BARRETO,108603-7,908,FORTALEZA,170,22/06/2007,0.91,contained_tokens,NAO
33697,41131897,Matheus Ribeiro,ribeiro.matheus2504@gmail.com,(21) 98334-1956,SIM,"Nivelamento de Física - Assinatura, Nivelamento de Matemática - Assinatura, Curso de Oficial: EFOMM, AFA e Escola Naval - Assinatura",active,CIABA,MATEUS RIBEIRO DE SOUSA COSTA,105984-8,476,FORTALEZA,195,04/01/2009,0.91,contained_tokens,NAO
33801,40682360,Victor Ugo,victor.ugo.9028@gmail.com,(19) 99392-7408,SIM,"Nivelamento de Física - Assinatura, Nivelamento de Matemática - Assinatura",active,CIABA,VICTOR HUGO DE ALMEIDA TEIXEIRA,102096-0,640,NATAL,185,31/01/2006,0.91,contained_tokens,NAO
34321,39214294,Levi José,mariaaparecidadasilvaa831@gmail.com,(81) 98383-0691,NÃO,Nenhum,expired,CIABA,JOSÉ LEVI LOPES RODRIGUES,101387-4,158,FORTALEZA,235,15/10/2008,0.91,contained_tokens,NAO
33722,40903172,Dhavid Santos,ferreiradhavid298@gmail.com,(38) 99228-4328,SIM,Nivelamento de Física - Assinatura,active,CIABA,DAVID JESUS SANTOS SIQUEIRA,111981-2,516,BELÉM,195,22/09/2004,0.91,contained_tokens,NAO
34203,39865181,vinicius Vieira,ferreiravini610@gmail.com,(21) 96509-6840,NÃO,Nenhum,expired,CIABA,FRANCISCO VINÍCIUS MACHADO VIEIRA,102779-0,325,PARNAÍBA,205,26/03/2009,0.91,contained_tokens,NAO
34244,39614038,João Pinheiro,joaogvspinheiro@gmail.com,(24) 99933-2464,NÃO,Nenhum,expired,CIABA,JOÃO PEDRO BENJAMIM PINHEIRO,107562-9,373,FORTALEZA,205,27/10/2006,0.91,contained_tokens,NAO
34345,38998243,Guilherme Lima,guilhermebarboza1963@gmail.com,(21) 96527-1595,NÃO,Nenhum,expired,CIABA,JOAO GUILHERME OLIVEIRA DE LIMA,102177-8,272,RECIFE,215,16/09/2003,0.91,contained_tokens,NAO
34727,37536158,Marcos Junior,marcosjuniorgalo0@gmail.com,(37) 99153-4489,NÃO,Nenhum,expired,CIABA,MARCIO MARCOS DOS SANTOS JUNIOR,111844-9,680,SALVADOR,180,15/10/2003,0.91,contained_tokens,NAO
34468,38361956,Pablo Henrique,phvaladares4537@gmail.com,(61) 99819-4724,NÃO,Nenhum,expired,CIABA,PAULO HENRIQUE MEDEIROS FRANCO,101711-1,397,FORTALEZA,200,08/05/2004,0.91,contained_tokens,NAO
34598,37799773,Rafael Paiva,rafaelpaivarigo@gmail.com,(33) 98851-9468,NÃO,Nenhum,expired,CIABA,ALEX RAFAEL SANTIAGO DE PAIVA,108366-1,993,FORTALEZA,170,02/05/2007,0.91,contained_tokens,NAO
34633,37728421,Ana júlia,nessapn@hotmail.com,(21) 99724-3289,NÃO,Nenhum,expired,CIABA,ANNA JULIA SILVA FRANCA,100529-2,312,RECIFE,210,22/02/2007,0.91,contained_tokens,NAO
34608,37774673,Davi Dos Santos,davipedrosps@gmail.com,(21) 99776-8405,NÃO,Nenhum,expired,CIABA,DAVID JESUS SANTOS SIQUEIRA,111981-2,516,BELÉM,195,22/09/2004,0.91,contained_tokens,NAO
164508,44916816,Ana Souza,anacarlademouradesouzax@gmail.com,(91) 98277-0313,SIM,"Nivelamento de Matemática - Assinatura, Curso de Oficial: EFOMM, AFA e Escola Naval - Assinatura, Nivelamento de Física - Assinatura",active,CIABA,ANA VICTORIA DE SOUZA PEREIRA,110606-9,984,MANAUS,170,24/09/2009,0.91,contained_tokens,NAO
34910,37417231,Isabel Oliveira,isabelsilva_89@hotmail.com,(21) 98453-5719,NÃO,Nenhum,expired,CIABA,ISABELLA OLIVEIRA AMORIM DA SILVA,110400-4,452,FORTALEZA,195,09/03/2005,0.91,contained_tokens,SIM
35161,36935534,Vitor Costa,bbbbbe.vieira@gmail.com,(31) 98501-0027,NÃO,Nenhum,expired,CIABA,JOAO VICTOR DA COSTA PINTO,100202-4,423,MANAUS,200,03/03/2007,0.91,contained_tokens,NAO
35234,36760006,Guilherme Mello,chefeusuario74@gmail.com,(21) 97990-1929,NÃO,Nenhum,expired,CIABA,JOÃO GUILHERME CASTRO DE MELO,101963-5,365,RECIFE,205,12/10/2007,0.91,contained_tokens,NAO
34969,37235094,Lucas Paiva,lucaspaiva241106@gmail.com,(21) 98930-4511,SIM,Nivelamento de Física - Assinatura,"active, expired",CIABA,LUCAS FELIPE G. PAIVA,100698-1,840,RECIFE,175,27/10/2003,0.91,contained_tokens,NAO
36868,33572376,Joao Pereira,trioaprovado@gmail.com,(21) 98756-0205,NÃO,Nenhum,expired,CIABA,JOÃO VICTOR PEREIRA DOS SANTOS,102343-1,722,RECIFE,180,29/05/2006,0.91,contained_tokens,NAO
35047,37096459,Igor Silva,igor735bx@gmail.com,(12) 99670-9877,NÃO,Nenhum,expired,CIABA,IGOR RAFAEL MOURA DA SILVA,101704-0,306,RECIFE,210,01/02/2005,0.91,contained_tokens,NAO
34927,37317592,Mateus Costa,mateuscostavale20@gmail.com,(86) 99402-5112,NÃO,Nenhum,expired,CIABA,CAIO MATEUS DE SOUSA COSTA,103379-5,937,PARNAÍBA,170,17/02/2009,0.91,contained_tokens,NAO
35069,37058192,Thiago Santos,th124456899@gmail.com,(35) 99117-3319,NÃO,Nenhum,expired,CIABA,IAGO KAUAN DOS SANTOS SILVA,102681-9,708,SALVADOR,180,07/12/2005,0.91,contained_tokens,NAO
143621,44634496,Arthur Freitas,afsilva0502@gmail.com,(84) 99444-9638,SIM,"Nivelamento de Física - Assinatura, Nivelamento de Matemática - Assinatura, Curso de Oficial: EFOMM, AFA e Escola Naval - Assinatura",active,CIABA,ARTHUR CÉSAR MENDES DE FREITAS,100047-5,825,FORTALEZA,175,09/09/2007,0.91,contained_tokens,NAO
35591,36371676,Ana Oliveira,03oliveira27ana@gmail.com,(21) 98841-7827,NÃO,Nenhum,expired,CIABA,ANA CAROLINA DE OLIVEIRA SANTOS,109125-8,91,FORTALEZA,265,20/10/2006,0.91,contained_tokens,NAO
32760,42297895,Josue Ribeiro,josue.rso2007@gmail.com,(21) 97876-9115,SIM,"Nivelamento de Matemática - Assinatura, Curso de Matemática ESA - Assinatura",active,CIABA,PEDRO JOSE DE PAIVA RIBEIRO,102107-3,358,RECIFE,205,13/04/2009,0.91,contained_tokens,NAO
35606,36365653,José Pedro,josebarbosaferreira2019@gmail.com,(11) 91430-5578,SIM,"Curso de Oficial: EFOMM, AFA e Escola Naval - Assinatura, Nivelamento de Matemática - Assinatura, Nivelamento de Física - Assinatura","active, expired",CIABA,PEDRO JOSE DE PAIVA RIBEIRO,102107-3,358,RECIFE,205,13/04/2009,0.91,contained_tokens,NAO
35695,36327782,Luiz Fernando,luizfernandinhodias@gmail.com,(21) 96724-4002,NÃO,Nenhum,expired,CIABA,LUIZ ANTONIO DAMASCENO FERNANDES,108030-5,120,SÃO LUIS,245,14/01/2008,0.91,contained_tokens,NAO
35952,36119909,Felype Gabriel,gbpalace99@gmail.com,(21) 99338-3053,NÃO,Nenhum,expired,CIABA,FELIPE GABRIEL RODRIGUES DA COSTA,108404-0,395,FORTALEZA,200,17/01/2009,0.91,contained_tokens,NAO
36050,35818010,Gabrielle Rocha,gabi.rocha1604@gmail.com,(21) 97296-7020,NÃO,Nenhum,expired,CIABA,GABRIEL ROCHA ANDRADE DA SILVA,109132-0,241,FORTALEZA,215,09/09/2003,0.91,contained_tokens,NAO
36006,35960236,João Rodrigues,j.alvesneto28@gmail.com,(99) 98259-4997,NÃO,Nenhum,expired,CIABA,JOÃO PEDRO UCHOA RODRIGUES,105953-0,4,FORTALEZA,305,29/09/2008,0.91,contained_tokens,NAO
36051,35815181,Marcelo Ferreira,marceloferr2009@gmail.com,(21) 99567-5882,NÃO,Nenhum,expired,CIABA,MARCELO EDSON FERREIRA FILHO,102182-3,287,RECIFE,210,11/11/2004,0.91,contained_tokens,NAO
35053,37079648,Álvaro Alves,alvarolalves19@gmail.com,(88) 99810-7147,SIM,"Curso de Oficial: EFOMM, AFA e Escola Naval - Assinatura, Nivelamento de Matemática - Assinatura, Nivelamento de Física - Assinatura","active, expired",CIABA,LUCAS D ALVA ALVES,108573-9,486,FORTALEZA,195,25/03/2009,0.91,contained_tokens,SIM
36145,35588079,Mario Garcia,santosgarciamario90@gmail.com,(21) 99150-6056,NÃO,Nenhum,expired,CIABA,MARIA CLARA ANDRADE GARCIA,102196-2,974,RECIFE,170,13/12/2006,0.91,contained_tokens,NAO
36074,35737601,Danilo Oliveira,botafoguensestudy7@gmail.com,(21) 96954-6008,NÃO,Nenhum,expired,CIABA,DANILO NATHAN DE OLIVEIRA BARROS,112677-2,960,FORTALEZA,170,25/09/2009,0.91,contained_tokens,NAO
36334,34840483,Marcos Paulo,mpjuninho09902@outlook.com,(21) 97346-5495,NÃO,Nenhum,expired,CIABA,MARCOS VINICIUS DE PAULA MOURA,108020-9,1000,FORTALEZA,165,27/03/2008,0.91,contained_tokens,NAO
36365,34808379,Cleiton Amaral,cleiton.alves.almaral9634@gmail.com,(21) 98649-1014,NÃO,Nenhum,expired,CIABA,RUAN CLEISON AMARAL FERREIRA,102648-0,290,RECIFE,210,10/07/2006,0.91,contained_tokens,NAO
36097,35657636,Paulo Gabriel,gbferreira247@gmail.com,(21) 96545-0963,NÃO,Nenhum,expired,CIABA,GABRIEL EL HAKEH DE PAULA,106106-7,569,RECIFE,190,06/01/2007,0.91,contained_tokens,NAO
35991,35996458,Mariah Eduarda,bentomarciana298@gmail.com,(21) 98211-9011,NÃO,Nenhum,expired,CIABA,MARIA EDUARDA BARRETO SANTOS,113936-2,737,SALVADOR,180,12/06/2006,0.91,contained_tokens,NAO
33974,40365228,Pedro Soares,nunesoaresbotafogo@gmail.com,(21) 98894-8288,SIM,"Curso de Oficial: EFOMM, AFA e Escola Naval - Assinatura, Nivelamento de Física - Assinatura, Nivelamento de Matemática - Assinatura",active,CIABA,JOÃO PEDRO DE ANDRADE SOARES,110987-6,433,RECIFE,200,28/02/2003,0.91,contained_tokens,NAO
36619,34454305,Victor Gonçalves,victorgt610@gmail.com,(55) 99708-3942,NÃO,Nenhum,expired,CIABA,JOÃO VITOR GONÇALVES FONTES,112243-0,977,RECIFE,170,25/10/2007,0.91,contained_tokens,NAO
164143,44747318,Matheus Viana,srmatheusv@gmail.com,(91) 98724-3156,NÃO,Nenhum,sem_assinatura,CIABA,MATHEUS HENRIQUE SOUZA VIANA,104936-7,715,BELÉM,180,01/09/2004,0.91,contained_tokens,NAO
31829,43160715,Artur Mendes,arturmendes3103@gmail.com,(55) 99204-6710,SIM,"Curso de Oficial: EFOMM, AFA e Escola Naval - Assinatura, Nivelamento de Matemática - Assinatura, Nivelamento de Física - Assinatura",active,CIABA,RAFAEL ARTHUR BONILLA MENDES,113391-3,727,RECIFE,180,31/12/2007,0.91,contained_tokens,NAO
164076,44746327,Isabelle Amorim,isaconceicao442@gmail.com,(21) 98649-4421,NÃO,Nenhum,sem_assinatura,CIABA,ISABELLA OLIVEIRA AMORIM DA SILVA,110400-4,452,FORTALEZA,195,09/03/2005,0.91,contained_tokens,NAO
35568,36388650,Guilherme Lima,guilhermecrf3@gmail.com,(21) 97150-6944,SIM,"Curso de Oficial: EFOMM, AFA e Escola Naval - Assinatura, Nivelamento de Física - Assinatura, Nivelamento de Matemática - Assinatura","active, expired",CIABA,JOAO GUILHERME OLIVEIRA DE LIMA,102177-8,272,RECIFE,215,16/09/2003,0.91,contained_tokens,NAO
33389,41651003,Nícolas Santos,nicolas0107santos@gmail.com,(67) 99161-3626,SIM,"Curso de Oficial: EFOMM, AFA e Escola Naval - Assinatura, Nivelamento de Física - Assinatura, Nivelamento de Matemática - Assinatura",active,CIABA,VINICIUS NICOLAU MARTINS DOS SANTOS,107624-2,117,FORTALEZA,245,29/06/2005,0.91,contained_tokens,NAO
31251,43324750,Arthur Araújo,arthuraraujovasco@gmail.com,(21) 97027-7913,SIM,"Nivelamento de Física - Assinatura, Curso de Oficial: EsPCEx - Assinatura, Nivelamento de Matemática - Assinatura",active,CIABA,ARTHUR GABRIEL SANTANA ARAUJO,101282-0,359,RECIFE,205,15/02/2008,0.91,contained_tokens,NAO
164502,44903241,José Gustavo,josegsantos010@gmail.com,(81) 98182-7816,SIM,"Nivelamento de Física - Assinatura, Nivelamento de Matemática - Assinatura, Curso de Oficial: EFOMM, AFA e Escola Naval - Assinatura",active,CIABA,GUSTAVO JOSÉ PACHECO CORREIA,100127-5,550,SALVADOR,190,21/03/2004,0.91,contained_tokens,NAO
164620,45039390,Guilherme Ribeiro,guilhermeribeirofds@gmail.com,(67) 98146-7176,SIM,"Nivelamento de Matemática - Assinatura, Curso de Oficial: EFOMM, AFA e Escola Naval - Assinatura, Nivelamento de Física - Assinatura",active,CIABA,GUILHERME OTRANTO RIBEIRO DE ARAUJO,107694-7,923,SALVADOR,170,04/07/2004,0.91,contained_tokens,NAO
39009,22692699,Cauã Victor,vcaua954@gmail.com,(87) 99952-8466,SIM,Curso: Turma ESA - Assinatura,"active, expired",CIABA,CAUA VITOR CAVALCANTI VANDERLEI,103922-2,814,RECIFE,175,17/11/2006,0.91,contained_tokens,NAO
31138,43368082,Vitor Nascimento,jf97814913@gmail.com,(47) 98831-6113,SIM,"Nivelamento de Matemática - Assinatura, Curso de Oficial: EFOMM, AFA e Escola Naval - Assinatura, Nivelamento de Física - Assinatura",active,CIABA,JOAO VICTOR DO NASCIMENTO FARIAS,108416-2,277,FORTALEZA,210,23/02/2008,0.91,contained_tokens,NAO
85664,43757415,Danilo Oliveira,danilooliveiragabriel05@gmail.com,(21) 97788-1331,SIM,Nivelamento de Inglês - Assinatura,active,CIABA,DANILO NATHAN DE OLIVEIRA BARROS,112677-2,960,FORTALEZA,170,25/09/2009,0.91,contained_tokens,NAO
165270,45383975,Kauã Silva,danileshakira@gmail.com,(21) 96611-9566,NÃO,Nenhum,sem_assinatura,CIABA,IAGO KAUAN DOS SANTOS SILVA,102681-9,708,SALVADOR,180,07/12/2005,0.91,contained_tokens,NAO
164576,45006584,Pedro Nobrega,phnobrega2006@gmail.com,(21) 96925-0295,SIM,"Nivelamento de Matemática - Assinatura, Nivelamento de Física - Assinatura, Curso EEAR - Assinatura",active,CIABA,JOÃO PEDRO NOBRE SOUSA,110804-8,756,FORTALEZA,180,03/06/2005,0.91,contained_tokens,SIM
32405,42685378,Gabriel José,gabrieljxsantos2005@gmail.com,(81) 99590-1126,SIM,"Nivelamento de Física - Assinatura, Curso de Oficial: EFOMM, AFA e Escola Naval - Assinatura, Nivelamento de Matemática - Assinatura",active,CIABA,JOSE GABRIEL CARVALHO DOS SANTOS,104816-1,348,MANAUS,205,08/02/2005,0.91,contained_tokens,SIM
37655,31143413,João Rodrigues,itsjao26@gmail.com,(21) 99307-5644,NÃO,Nenhum,expired,CIABA,JOÃO PEDRO UCHOA RODRIGUES,105953-0,4,FORTALEZA,305,29/09/2008,0.91,contained_tokens,NAO
165054,45284160,Carlos Fernando,carlosfernandobento2@gmail.com,(21) 97452-1840,SIM,"Nivelamento de Matemática - Assinatura, Nivelamento de Física - Assinatura, Curso de Oficial: EFOMM, AFA e Escola Naval - Assinatura",active,CIABA,CARLOS DANIEL RODRIGUES FERNANDES,103861-7,547,NATAL,190,14/06/2006,0.91,contained_tokens,NAO
33435,41632332,Giovanni Do Nascimento,mcgvn359@gmail.com,(21) 96733-7746,SIM,"Nivelamento de Matemática - Assinatura, Curso de Oficial: EFOMM, AFA e Escola Naval - Assinatura, Nivelamento de Física - Assinatura",active,CIABA,GIOVANNA EMANUELLE NASCIMENTO COSTA,107893-4,932,RECIFE,170,07/07/2009,0.91,contained_tokens,NAO
34115,39986314,Pedro Rodrigues,pedrorodrigues062418@gmail.com,(91) 99818-8755,SIM,"Nivelamento de Física - Assinatura, Nivelamento de Matemática - Assinatura, Curso de Oficial: EFOMM, AFA e Escola Naval - Assinatura",active,CIABA,JOÃO PEDRO UCHOA RODRIGUES,105953-0,4,FORTALEZA,305,29/09/2008,0.91,contained_tokens,NAO
143665,44565472,ANA SOUZA,ana02ssouza@gmail.com,(32) 98813-1350,SIM,Nivelamento de Matemática - Assinatura,active,CIABA,ANA VICTORIA DE SOUZA PEREIRA,110606-9,984,MANAUS,170,24/09/2009,0.91,contained_tokens,NAO
143666,44569207,Eduarda Pereira,eduardape05@gmail.com,(51) 99785-6650,NÃO,Nenhum,sem_assinatura,CIABA,CAIO EDUARDO PEREIRA CERQUEIRA,104914-8,213,SALVADOR,225,08/04/2009,0.91,contained_tokens,NAO
36047,35824767,Lucas Faria,lucassouza.lf30@gmail.com,(21) 98780-0566,NÃO,Nenhum,expired,CIABA,ARTHUR LUCAS BARRETO FARIAS,111348-8,539,BELÉM,190,04/08/2009,0.91,contained_tokens,NAO
33910,40545712,Mário Silva,mariofernandodasilva08@gmail.com,(91) 99249-4986,NÃO,Nenhum,expired,CIABA,RAFHAEL MARTINO SILVA MACEDO,108822-7,226,FORTALEZA,220,22/04/2006,0.91,contained_tokens,NAO
32659,42595391,Pedri Batista,pedrocostenplatte003@gmail.com,(21) 99878-3056,SIM,"Nivelamento de Matemática - Assinatura, Nivelamento de Física - Assinatura, Curso de Oficial: EsPCEx - Assinatura",active,CIABA,PEDRO HENRIQUE BATISTA VENERANDA,108896-4,194,FORTALEZA,225,26/12/2009,0.91,contained_tokens,SIM
37826,30840781,João Amaral,joaoamaraloficial07@gmail.com,(83) 99868-5364,NÃO,Nenhum,expired,CIABA,JOAO LUCAS ARAGAO MARCAL,108032-1,283,FORTALEZA,210,30/07/2003,0.91,contained_tokens,NAO
36427,34741661,Gabriel Melo,gabrielmelo3708@gmail.com,(21) 97462-0289,NÃO,Nenhum,sem_assinatura,CIABA,LARISSA GABRIELLE DA SILVA MELO,110355-4,998,SALVADOR,170,21/12/2003,0.91,contained_tokens,NAO
104335,44060127,João andrade,dosgamescanal33@gmail.com,(88) 99443-1322,NÃO,Nenhum,sem_assinatura,CIABA,JOÃO PAULO DE ANDRADE NETO,107030-0,702,MANAUS,180,07/02/2008,0.91,contained_tokens,NAO
33911,40542434,Anna Letícia,annafariass2008@gmail.com,(21) 99160-8218,NÃO,Nenhum,expired,CIABA,ANA LETICIA DA SILVA DOS SANTOS,104099-5,199,FORTALEZA,225,19/05/2004,0.91,contained_tokens,NAO
33369,41666567,Augusto Cesar,xxxauguston@gmail.com,(63) 98116-2800,SIM,"Nivelamento de Matemática - Assinatura, Curso de Oficial: EFOMM, AFA e Escola Naval - Assinatura, Nivelamento de Física - Assinatura",active,CIABA,CESAR AUGUSTO SANTOS AMILTON,106968-3,101,RECIFE,255,19/01/2008,0.91,contained_tokens,NAO
143727,44520382,Luiz Fernando,luizfernandodesigner46@gmail.com,(21) 99099-2664,NÃO,Nenhum,sem_assinatura,CIABA,LUIZ ANTONIO DAMASCENO FERNANDES,108030-5,120,SÃO LUIS,245,14/01/2008,0.91,contained_tokens,NAO
30672,43477490,Pedro Ribeiro,santospedrohenrique2020@gmail.com,(61) 99606-9297,SIM,"Nivelamento de Física - Assinatura, Nivelamento de Matemática - Assinatura",active,CIABA,PEDRO JOSE DE PAIVA RIBEIRO,102107-3,358,RECIFE,205,13/04/2009,0.91,contained_tokens,NAO
35847,36320691,Leonardo Santos,leonardo.220108@gmail.com,(91) 99284-2208,NÃO,Nenhum,expired,CIABA,CAIO LEONARDO DA SILVA SANTOS,108736-3,244,RECIFE,215,25/05/2006,0.91,contained_tokens,NAO
133474,44139460,Pietra De Brito,pietrabss2016@gmail.com,(21) 99684-4547,SIM,"Nivelamento de Matemática - Assinatura, Nivelamento de Física - Assinatura",active,CIABA,LUCAS PIETRO BRITO SOUSA,102478-4,975,SÃO LUIS,170,26/07/2008,0.91,contained_tokens,NAO
33334,41686320,Arthur Rodrigues,estudosarthurcmr@gmail.com,(21) 99069-8619,SIM,"Nivelamento de Física - Assinatura, Curso de Oficial: EFOMM, AFA e Escola Naval - Assinatura, Nivelamento de Matemática - Assinatura",active,CIABA,ARTHUR ALEXIS RODRIGUES HAWKINS,105491-6,625,BELÉM,185,17/04/2004,0.91,contained_tokens,NAO
133571,44216998,Maria Ferreira,mariacferreiramcf@gmail.com,(64) 98125-1434,SIM,"Nivelamento de Física - Assinatura, Curso de Oficial: EFOMM, AFA e Escola Naval - Assinatura, Nivelamento de Matemática - Assinatura",active,CIABA,MARIA LUIZA FERREIRA TORQUATO,102291-4,355,RECIFE,205,19/10/2007,0.91,contained_tokens,NAO
31338,43308811,Josue Soares,js9139252@gmail.com,(21) 97062-3609,NÃO,Nenhum,sem_assinatura,CIABA,JOSÉ MATHEUS RAMON SOARES,101382-3,144,SALVADOR,240,07/05/2003,0.91,contained_tokens,NAO
104361,44061788,marcos vinnicius,vinnicius0409@gmail.com,(21) 97959-8785,NÃO,Nenhum,sem_assinatura,CIABA,MARCOS VINICIUS DE PAULA MOURA,108020-9,1000,FORTALEZA,165,27/03/2008,0.91,contained_tokens,NAO
32865,42074426,Vitor De Farias,vitorfariasquaresma123@gmail.com,(85) 99822-6937,SIM,"Curso de Oficial: EsPCEx - Assinatura, Nivelamento de Física - Assinatura, Nivelamento de Matemática - Assinatura, Curso de Oficial: EFOMM, AFA e Escola Naval - Assinatura",active,CIABA,JOAO VICTOR DO NASCIMENTO FARIAS,108416-2,277,FORTALEZA,210,23/02/2008,0.91,contained_tokens,NAO
35586,36374203,Caio Pereira,caixcezar2@gmail.com,(21) 97399-8058,NÃO,Nenhum,expired,CIABA,CAIO EDUARDO PEREIRA CERQUEIRA,104914-8,213,SALVADOR,225,08/04/2009,0.91,contained_tokens,NAO
31136,43368144,Rayane Rocha,rayanerochagabrielly@gmail.com,(12) 98801-7254,SIM,"Nivelamento de Física - Assinatura, Nivelamento de Matemática - Assinatura, Curso de Oficial: EFOMM, AFA e Escola Naval - Assinatura",active,CIABA,ARON RYAN ROCHA RAULINO,113541-7,918,FORTALEZA,170,15/05/2009,0.91,contained_tokens,NAO
104330,44072398,Carlos Fernando,carlosfachieve@gmail.com,(21) 98510-4964,SIM,Curso: Turma ESA - Assinatura,"active, expired",CIABA,CARLOS DANIEL RODRIGUES FERNANDES,103861-7,547,NATAL,190,14/06/2006,0.91,contained_tokens,NAO
48801,43659952,Marya Clara,maryalorindo@gmail.com,(21) 98809-3808,SIM,"Curso de Oficial: EFOMM, AFA e Escola Naval - Assinatura, Nivelamento de Física - Assinatura, Nivelamento de Matemática - Assinatura",active,CIABA,MARIA CLARA ANDRADE MOUSSE,108330-3,261,MANAUS,215,29/04/2009,0.91,contained_tokens,NAO
33584,41615407,Julia Lima,limajuls1@gmail.com,(21) 97573-2909,SIM,"Curso de Oficial: EFOMM, AFA e Escola Naval - Assinatura, Nivelamento de Matemática - Assinatura, Nivelamento de Física - Assinatura",active,CIABA,JULIO CESAR DE LIMA MENDONÇA,102085-5,511,NATAL,195,23/06/2005,0.91,contained_tokens,NAO
34869,37421720,Otavio De Sousa,tavinhosousabr@gmail.com,(21) 97211-1325,NÃO,Nenhum,expired,CIABA,LUIZ OTÁVIO SOUZA TANAN,102706-1,630,SALVADOR,185,01/04/2009,0.91,contained_tokens,NAO
104358,44059728,André Paulo,andrepl2305@gmail.com,(21) 98154-5358,NÃO,Nenhum,sem_assinatura,CIABA,JOÃO PAULO DE ANDRADE NETO,107030-0,702,MANAUS,180,07/02/2008,0.91,contained_tokens,NAO
33247,41719461,João Pohl,pohljoaopedro@gmail.com,(67) 99885-9347,SIM,"Nivelamento de Física - Assinatura, Curso de Oficial: EFOMM, AFA e Escola Naval - Assinatura, Nivelamento de Matemática - Assinatura",active,CIABA,JOÃO PEDRO POHL MENDONÇA,109403-7,236,RECIFE,220,06/02/2009,0.91,contained_tokens,SIM
67068,43707713,Felipe Jordão,delimafelipe59@gmail.com,(21) 98862-5578,SIM,"Curso: Turma ESA - Assinatura, Nivelamento de Física - Assinatura, Curso EEAR - Assinatura, Nivelamento de Matemática - Assinatura",active,CIABA,JOAO LUCAS FERNANDES FELIPE,108401-5,68,FORTALEZA,230,26/11/2004,0.91,contained_tokens,NAO
85504,43750938,Antonio Luiz,resendefilho3@gmail.com,(81) 98413-0496,NÃO,Nenhum,sem_assinatura,CIABA,LUIZ ANTONIO BARROS LUZ,113182-0,110,BELÉM,250,06/05/2005,0.91,contained_tokens,NAO
35206,36825950,Manuella Oliveira,oliveiramanuella844@gmail.com,(21) 98388-7802,SIM,Nivelamento de Matemática - Assinatura,active,CIABA,EMANUEL ANTERO FARIAS DE OLIVEIRA,105341-1,836,NATAL,175,12/10/2008,0.91,contained_tokens,NAO
33882,40579029,André Henrique,henriquemarquesengler@gmail.com,(67) 99931-4287,SIM,"Nivelamento de Matemática - Assinatura, Curso de Oficial: EFOMM, AFA e Escola Naval - Assinatura, Nivelamento de Física - Assinatura",active,CIABA,GUSTAVO HENRIQUE ANDRADE DA SILVA,105789-3,929,RECIFE,170,17/09/2003,0.91,contained_tokens,NAO
32512,42639955,Gabriel Alves,gbcastro207@gmail.com,(21) 99423-8154,SIM,"Nivelamento de Matemática - Assinatura, Curso de Oficial: EFOMM, AFA e Escola Naval - Assinatura, Nivelamento de Física - Assinatura",active,CIABA,JOÃO GABRIEL DAS NEVES ALVES,108057-5,47,RECIFE,250,28/10/2008,0.91,contained_tokens,NAO
85515,43751037,Clara Gomes,claragomezzz575@gmail.com,(21) 96563-3528,NÃO,Nenhum,sem_assinatura,CIABA,CLARA COSTA DA SILVA GOMES,111873-0,482,RECIFE,195,16/12/2004,0.91,contained_tokens,NAO
33195,41728786,Marcos Paulo,ppaulomc7@gmail.com,(21) 96629-5119,SIM,"Nivelamento de Física - Assinatura, Curso de Oficial: EFOMM, AFA e Escola Naval - Assinatura, Nivelamento de Matemática - Assinatura",active,CIABA,MARCOS VINICIUS DE PAULA MOURA,108020-9,1000,FORTALEZA,165,27/03/2008,0.91,contained_tokens,NAO
85470,43750809,Emanuel Lucas,emanuellucas1q2w@gmail.com,(86) 99841-5040,NÃO,Nenhum,sem_assinatura,CIABA,LUCAS MANUEL COSTA MELO,101375-1,328,FORTALEZA,205,25/08/2004,0.91,contained_tokens,SIM
30551,43638653,Luiz Fernando,abreuluizfernando02@gmail.com,(85) 98230-9327,SIM,Nivelamento de Matemática - Assinatura,"active, expired",CIABA,LUIZ ANTONIO DAMASCENO FERNANDES,108030-5,120,SÃO LUIS,245,14/01/2008,0.91,contained_tokens,NAO
30859,43434740,Gabrieli Sousa,kydany4@gmail.com,(21) 96991-9604,NÃO,Nenhum,sem_assinatura,CIABA,ANTONIO GABRIEL DE MENDONÇA SOUSA,106549-8,970,PARNAÍBA,170,22/12/2004,0.91,contained_tokens,NAO
32097,42947942,Fernando Nilton,fernandozancanella10@gmail.com,(24) 99883-7775,SIM,"Curso de Oficial: EFOMM, AFA e Escola Naval - Assinatura, Nivelamento de Física - Assinatura, Nivelamento de Matemática - Assinatura",active,CIABA,NILTON FERNANDES DA SILVA FILHO,113172-3,421,NATAL,200,09/07/2003,0.91,contained_tokens,NAO
31307,43312251,ana júlia,ajnscoelho@gmail.com,(21) 99444-1618,SIM,"Nivelamento de Matemática - Assinatura, Curso de Oficial: EFOMM, AFA e Escola Naval - Assinatura, Nivelamento de Física - Assinatura",active,CIABA,ANNA JULIA SILVA FRANCA,100529-2,312,RECIFE,210,22/02/2007,0.91,contained_tokens,NAO
31296,43315217,NAILTON SANTOS,josenailton208@gmail.com,(88) 99217-2468,NÃO,Nenhum,sem_assinatura,CIABA,CESAR AUGUSTO SANTOS AMILTON,106968-3,101,RECIFE,255,19/01/2008,0.91,contained_tokens,NAO
104394,44054021,Ryan Matheus,ryanrua700@gmail.com,(21) 96587-5235,NÃO,Nenhum,sem_assinatura,CIABA,MATHEUS RYAN SILVA DE MELO,105322-7,508,MANAUS,195,09/04/2007,0.91,contained_tokens,NAO
31490,43267979,Rafael Sales,rafffasales771@gmail.com,(22) 99738-6088,SIM,Curso de Matemática ESA + Nivela Mat - Assinatura,active,CIABA,VITOR RAFAEL ALVES DE FREITAS,109248-8,723,RECIFE,180,02/02/2009,0.91,contained_tokens,NAO
30908,43433298,Danilo Oliveira,niloneves442@gmail.com,(21) 97024-5125,NÃO,Nenhum,sem_assinatura,CIABA,DANILO NATHAN DE OLIVEIRA BARROS,112677-2,960,FORTALEZA,170,25/09/2009,0.91,contained_tokens,NAO
32337,42722308,Matheus Santos,matheusjdossantosbarrozo@gmail.com,(93) 98813-4559,SIM,"Nivelamento de Física - Assinatura, Curso de Oficial: EFOMM, AFA e Escola Naval - Assinatura, Nivelamento de Matemática - Assinatura",active,CIABA,MATHEUS CÉSAR DOS SANTOS ARAÚJO,108191-4,109,FORTALEZA,250,15/03/2003,0.91,contained_tokens,NAO
33456,41627033,João Vitor69,sousajoao2804@gmail.com,(86) 99583-7990,SIM,"Curso de Oficial: EsPCEx - Assinatura, Nivelamento de Física - Assinatura, Nivelamento de Matemática - Assinatura",active,CIABA,JOÃO VITOR RAMOS SPINELLI,107090-8,691,SALVADOR,180,23/03/2005,0.91,contained_tokens,NAO
104398,44053920,Matheus Lopes,theuz.lopes0806@gmail.com,(21) 98652-6667,NÃO,Nenhum,sem_assinatura,CIABA,MATEUS LOPES SANTOS DE MELO,103827-0,377,BELÉM,205,27/01/2003,0.91,contained_tokens,NAO
32536,42638678,Rafael Paulo,paulooliveirajj2@gmail.com,(27) 99880-1507,SIM,"Nivelamento de Física - Assinatura, Nivelamento de Matemática - Assinatura, Curso de Oficial: EFOMM, AFA e Escola Naval - Assinatura",active,CIABA,SAULO RAFAEL E SILVA TAVARES,109529-1,289,BELÉM,210,17/11/2006,0.91,contained_tokens,NAO
37312,31987148,Augusto Cezar,augustocezar018@gmail.com,(88) 99927-1542,SIM,"Nivelamento de Inglês - Assinatura, Nivelamento de Física - Assinatura, Nivelamento de Matemática - Assinatura, Curso de Oficial: EFOMM, AFA e Escola Naval - Assinatura",active,CIABA,CESAR AUGUSTO SANTOS AMILTON,106968-3,101,RECIFE,255,19/01/2008,0.91,contained_tokens,NAO
35996,35971966,Julia Lisboa,nsc.lisboa@gmail.com,(91) 98594-9407,NÃO,Nenhum,expired,CIABA,JULIA MC NALLY LISBOA,107304-1,995,RECIFE,170,05/01/2008,0.91,contained_tokens,NAO
36463,34716091,Felipe Sousa,ffeelipenasci@gmail.com,(21) 97043-4950,NÃO,Nenhum,expired,CIABA,THIAGO FELIPE ARAUJO DE SOUZA,111130-0,532,MANAUS,190,27/01/2004,0.91,contained_tokens,NAO
32689,42535961,Gabriel Sousa,gabrieldesousarego@gmail.com,(86) 99438-2422,SIM,"Curso de Oficial: EFOMM, AFA e Escola Naval - Assinatura, Nivelamento de Física - Assinatura, Nivelamento de Matemática - Assinatura",active,CIABA,GABRIEL FLORÊNCIO DE PONTES E SOUZA,109120-7,847,BELÉM,175,25/12/2005,0.91,contained_tokens,NAO
32240,42833334,Bruno Magalhães,patriciabrunomagalhaes@gmail.com,(21) 99458-4303,SIM,"Nivelamento de Matemática - Assinatura, Curso de Oficial: EFOMM, AFA e Escola Naval - Assinatura, Nivelamento de Física - Assinatura",active,CIABA,BRENO MAGALHÃES DE AZEVEDO CARVALHO,104566-5,946,SALVADOR,170,30/01/2004,0.91,contained_tokens,NAO
32535,42638725,João Rodrigues,joao.lopes.rodrigues2@gmail.com,(96) 99147-4700,SIM,"Curso de Oficial: EFOMM, AFA e Escola Naval - Assinatura, Nivelamento de Matemática - Assinatura, Nivelamento de Física - Assinatura",active,CIABA,JOÃO PEDRO UCHOA RODRIGUES,105953-0,4,FORTALEZA,305,29/09/2008,0.91,contained_tokens,NAO
32819,42140482,Nicolas Monteiro,nicolas27damaceno@gmail.com,(45) 99154-4482,SIM,Nivelamento de Matemática - Assinatura,active,CIABA,NICOLAS AUGUSTO MINEIRO JONES,110454-9,203,MANAUS,225,05/05/2009,0.91,contained_tokens,NAO
33407,41644859,João Felipe,joaofelipsantos2005@gmail.com,(21) 98147-1916,SIM,Nivelamento de Matemática - Assinatura,active,CIABA,JOAO LUCAS FERNANDES FELIPE,108401-5,68,FORTALEZA,230,26/11/2004,0.91,contained_tokens,NAO
33463,41624798,Iago Araujo,iagocauan9898@gmail.com,(88) 98131-2022,SIM,"Nivelamento de Física - Assinatura, Curso de Oficial: EFOMM, AFA e Escola Naval - Assinatura, Nivelamento de Matemática - Assinatura",active,CIABA,THIAGO FELIPE ARAUJO DE SOUZA,111130-0,532,MANAUS,190,27/01/2004,0.91,contained_tokens,NAO
33052,41869466,Márcio Júnior,jrmarcio599@gmail.com,(88) 99217-4015,SIM,"Nivelamento de Matemática - Assinatura, Nivelamento de Física - Assinatura, Curso de Oficial: EFOMM, AFA e Escola Naval - Assinatura",active,CIABA,MARCIO MARCOS DOS SANTOS JUNIOR,111844-9,680,SALVADOR,180,15/10/2003,0.91,contained_tokens,NAO
33294,41706394,Alexandre Barroso,alexandrebsf2006@gmail.com,(85) 98135-3052,SIM,"Curso de Oficial: EFOMM, AFA e Escola Naval - Assinatura, Nivelamento de Física - Assinatura, Nivelamento de Matemática - Assinatura",active,CIABA,YURI ALEXANDRE DA FONSECA BARROS,107370-3,530,BELÉM,190,21/04/2005,0.91,contained_tokens,NAO
32845,42078457,Caio sousa,caiosousa3157@gmail.com,(21) 98254-3278,SIM,"Nivelamento de Matemática - Assinatura, Nivelamento de Física - Assinatura, Curso de Oficial: EFOMM, AFA e Escola Naval - Assinatura",active,CIABA,CAIO VITOR SOUSA DA CRUZ,100016-8,406,FORTALEZA,200,08/05/2003,0.91,contained_tokens,NAO
32354,42709013,Clara Maria⊰⁠⊹ฺ,soaresmariaclara008@gmail.com,(94) 99298-3102,SIM,"Curso de Oficial: EFOMM, AFA e Escola Naval - Assinatura, Nivelamento de Matemática - Assinatura, Nivelamento de Física - Assinatura",active,CIABA,MARIA CLARA ANDRADE MOUSSE,108330-3,261,MANAUS,215,29/04/2009,0.91,contained_tokens,NAO
34098,40008873,Lucas Soares,lucassoarestelles517@gmail.com,(22) 99802-1117,NÃO,Nenhum,expired,CIABA,LUCAS XEREZ SOARES SIQUEIRA,108399-5,155,FORTALEZA,235,25/10/2008,0.91,contained_tokens,NAO
34571,37871989,Luiz Rodrigues,marcloxsvinicios@gmail.com,(71) 9674,NÃO,Nenhum,expired,CIABA,LUIZ FELIPE RODRIGUEZ SANTOS,102411-9,655,BELÉM,185,19/01/2004,0.91,contained_tokens,NAO
33795,40690215,Nicolas Santos,nicksantosrj345@gmail.com,(21) 98547-8831,SIM,Nivelamento de Matemática - Assinatura,active,CIABA,VINICIUS NICOLAU MARTINS DOS SANTOS,107624-2,117,FORTALEZA,245,29/06/2005,0.91,contained_tokens,NAO
34029,40091645,Nicolas Dos Santos,nik455068@gmail.com,(19) 99652-4998,NÃO,Nenhum,expired,CIABA,VINICIUS NICOLAU MARTINS DOS SANTOS,107624-2,117,FORTALEZA,245,29/06/2005,0.91,contained_tokens,NAO
34656,37671062,Guilherme Ribeiro,guicribeiro@icloud.com,(47) 99119-7402,NÃO,Nenhum,expired,CIABA,GUILHERME OTRANTO RIBEIRO DE ARAUJO,107694-7,923,SALVADOR,170,04/07/2004,0.91,contained_tokens,NAO
133704,44344606,Willames Santos,willamessantosnt@gmail.com,(82) 98757-0775,NÃO,Nenhum,expired,CIABA,PABLO WILLAMYS NASCIMENTO DOS SANTOS,100746-6,356,FORTALEZA,205,05/04/2004,0.91,contained_tokens,NAO
34357,38953266,Gabriel Vasconcelos,gabrielvmacedo2008@gmail.com,(81) 98556-6237,NÃO,Nenhum,expired,CIABA,GABRIEL BASTOS VASCONCELOS DUARTE,108104-1,10,RECIFE,290,04/10/2006,0.91,contained_tokens,NAO
34728,37529465,Carlos Neto,carlosgccmilk@gmail.com,(84) 99157-4348,NÃO,Nenhum,expired,CIABA,CARLOS DOS SANTOS FONSECA NETO,108669-4,46,FORTALEZA,250,16/02/2008,0.91,contained_tokens,NAO
34527,38071777,Joao Carvalho,j.v.nunescarvalho@gmail.com,(35) 99856-9254,NÃO,Nenhum,expired,CIABA,JOAO MARCELO CARVALHO E CARVALHO,108631-0,40,SÃO LUIS,260,15/08/2009,0.91,contained_tokens,NAO
104452,44053156,Victor Silva,joaodarc90@gmail.com,(21) 99383-6476,NÃO,Nenhum,sem_assinatura,CIABA,JOÃO VICTOR DA SILVA BEZERRA,105008-5,494,FORTALEZA,195,06/05/2006,0.91,contained_tokens,SIM
34470,38342894,Arthur Rodrigues,capitaoarthurodrigues@gmail.com,(21) 99857-3727,NÃO,Nenhum,expired,CIABA,ARTHUR ALEXIS RODRIGUES HAWKINS,105491-6,625,BELÉM,185,17/04/2004,0.91,contained_tokens,NAO
35010,37168156,Gustavo Andrade,andradecorreagustavo@gmail.com,(21) 97913-6203,NÃO,Nenhum,expired,CIABA,GUSTAVO HENRIQUE ANDRADE DA SILVA,105789-3,929,RECIFE,170,17/09/2003,0.91,contained_tokens,NAO
33072,41848392,Gabriel Souza,gabriel.souza29314@gmail.com,(81) 99637-9532,SIM,"Curso de Oficial: EFOMM, AFA e Escola Naval - Assinatura, Nivelamento de Matemática - Assinatura, Nivelamento de Física - Assinatura",active,CIABA,GABRIEL FLORÊNCIO DE PONTES E SOUZA,109120-7,847,BELÉM,175,25/12/2005,0.91,contained_tokens,NAO
34923,37328362,Arthur Rodrigues,capitaoarthurrodrigues@gmail.com,(21) 99857-3727,NÃO,Nenhum,expired,CIABA,ARTHUR ALEXIS RODRIGUES HAWKINS,105491-6,625,BELÉM,185,17/04/2004,0.91,contained_tokens,NAO
34948,37283812,Vitor Mauro,vitormauro11@gmail.com,(91) 98255-5836,NÃO,Nenhum,expired,CIABA,MAURO VITOR ROCHA SOUZA,101561-8,806,RECIFE,175,07/12/2003,0.91,contained_tokens,NAO
35174,36899879,Bruno Faico,brunofaicorj@gmail.com,(21) 98734-0459,NÃO,Nenhum,expired,CIABA,FÁBIO BRUNO BORGES PORTO,103417-3,467,BELÉM,195,09/11/2004,0.91,contained_tokens,NAO
35658,36333947,Victor Goncalves,victormmflu@gmail.com,(21) 99777-7711,NÃO,Nenhum,expired,CIABA,JOÃO VITOR GONÇALVES FONTES,112243-0,977,RECIFE,170,25/10/2007,0.91,contained_tokens,NAO
35841,36322704,Antônio Neto,neto14antonio@gmail.com,(84) 99133-4237,NÃO,Nenhum,expired,CIABA,ANTÔNIO RIBEIRO LEÃO NETO,101600-4,754,NATAL,180,19/02/2004,0.91,contained_tokens,NAO
33927,40540942,Daniel Sales,keziabragajs@gmail.com,(21) 96599-7561,NÃO,Nenhum,expired,CIABA,DANIEL RENY ALVES FILHO,104142-9,349,BELÉM,205,05/08/2009,0.91,contained_tokens,NAO
104515,44050104,Kauan silva,kawansilvarocha021@gmail.com,(21) 96548-4605,NÃO,Nenhum,sem_assinatura,CIABA,IAGO KAUAN DOS SANTOS SILVA,102681-9,708,SALVADOR,180,07/12/2005,0.91,contained_tokens,NAO
36485,34709142,Caio Pereira,henriquecaio152@gmail.com,(32) 98701-0321,NÃO,Nenhum,expired,CIABA,CAIO EDUARDO PEREIRA CERQUEIRA,104914-8,213,SALVADOR,225,08/04/2009,0.91,contained_tokens,NAO
104623,43978826,Lucas Filipe,021bigodinho@gmail.com,(21) 96626-1871,SIM,Nivelamento de Matemática - Assinatura,active,CIABA,JOAO LUCAS FERNANDES FELIPE,108401-5,68,FORTALEZA,230,26/11/2004,0.91,contained_tokens,NAO
104629,43973714,Guilherme Maia,guimaiamacedo@gmail.com,(21) 99962-5689,SIM,"Nivelamento de Matemática - Assinatura, Nivelamento de Física - Assinatura, Curso EEAR - Assinatura",active,CIABA,MARIA LUISA GUILHERME LUCIOLI,105658-3,765,SALVADOR,180,07/03/2005,0.91,contained_tokens,NAO
104689,43911999,Gustavo Enrique,ge6077794@gmail.com,(83) 99925-4912,NÃO,Nenhum,sem_assinatura,CIABA,GUSTAVO HENRIQUE ANDRADE DA SILVA,105789-3,929,RECIFE,170,17/09/2003,0.91,contained_tokens,NAO
104684,43912000,Gustavo Enrique,olelinhadenenem@gmail.com,(83) 99925-4912,NÃO,Nenhum,sem_assinatura,CIABA,GUSTAVO HENRIQUE ANDRADE DA SILVA,105789-3,929,RECIFE,170,17/09/2003,0.91,contained_tokens,NAO
104534,44050496,Gabriel Brandão,biel.hbb@gmail.com,(62) 99159-3433,SIM,Nivelamento de Física - Assinatura,active,CIABA,LUCAS GABRIEL LIMA BRANDAO,108811-2,930,MANAUS,170,05/06/2006,0.91,contained_tokens,NAO
104635,43968052,Ana Luísa,analuisadacostasousa@gmail.com,(91) 98279-2682,NÃO,Nenhum,sem_assinatura,CIABA,ANA ELISA SALDAÑA FARIAS,102225-2,270,NATAL,215,28/07/2006,0.91,contained_tokens,NAO
104615,43987187,João Nascimento,jvnascimento0217@gmail.com,(21) 96990-1012,SIM,"Nivelamento de Matemática - Assinatura, Nivelamento de Física - Assinatura, Curso de Oficial: EsPCEx - Assinatura",active,CIABA,JOAO VICTOR DO NASCIMENTO FARIAS,108416-2,277,FORTALEZA,210,23/02/2008,0.91,contained_tokens,NAO
104621,43981814,Luiz Felipi,luis.albuquerqueozaro@gmail.com,(21) 95904-4113,NÃO,Nenhum,expired,CIABA,LUIZ FELIPE RODRIGUEZ SANTOS,102411-9,655,BELÉM,185,19/01/2004,0.91,contained_tokens,NAO
48775,43670865,Bento Gomes,bentomgp2008@gmail.com,(91) 98577-2511,SIM,Nivelamento de Física - Assinatura,active,CIABA,FRANCISCO BRENO GOMES FROTA,108203-6,183,FORTALEZA,230,13/09/2008,0.91,contained_tokens,NAO
144007,44379239,Emannuel Farias,emannuel.farias25@gmail.com,(22) 98873-2784,SIM,Nivelamento de Matemática - Assinatura,active,CIABA,EMANUEL ANTERO FARIAS DE OLIVEIRA,105341-1,836,NATAL,175,12/10/2008,0.91,contained_tokens,NAO
31548,43215574,Matheus Menezes,menezesmatheus122@gmail.com,(21) 99347-7751,SIM,"Curso de Oficial: EFOMM, AFA e Escola Naval - Assinatura, Nivelamento de Matemática - Assinatura, Nivelamento de Física - Assinatura",active,CIABA,MATEUS PIETRO AFRICA DE MENEZES,108066-3,780,FORTALEZA,175,05/06/2008,0.91,contained_tokens,NAO
35523,36430210,Pablo Santos,pablo07santos@gmail.com,(21) 99620-7559,SIM,Nivelamento de Física - Assinatura,"active, expired",CIABA,PAULO ROGER SANTOS DE MENEZES,108499-8,29,FORTALEZA,270,24/10/2007,0.91,contained_tokens,NAO
36502,34689039,Thiago Oliveira,thiago007juniorlp@gmail.com,(81) 99921-8551,NÃO,Nenhum,expired,CIABA,THIAGO TELLIS DE OLIVEIRA SILVA,103181-0,200,RECIFE,225,24/08/2005,0.91,contained_tokens,NAO
31225,43326398,Vitória Rocha,fernandesvitoria680@gmail.com,(12) 99182-2339,NÃO,Nenhum,sem_assinatura,CIABA,MAURO VITOR ROCHA SOUZA,101561-8,806,RECIFE,175,07/12/2003,0.91,contained_tokens,SIM
104472,44052393,Gabriel Nunes,gn1229891@gmail.com,(62) 99858-3165,NÃO,Nenhum,sem_assinatura,CIABA,ARIEL BERNARDO DE LIMA NUNES,101591-7,405,RECIFE,200,23/12/2008,0.91,contained_tokens,NAO
35470,36475538,Carlos Freitas,fcarlosabner@gmail.com,(91) 98144-0512,SIM,"Nivelamento de Física - Assinatura, Nivelamento de Matemática - Assinatura, Curso de Oficial: EFOMM, AFA e Escola Naval - Assinatura","active, expired",CIABA,CARLOS RODRIGO FREITAS BARROSO,107566-1,288,FORTALEZA,210,10/06/2006,0.91,contained_tokens,NAO
144045,44516204,Gustavo Luiz,gustavolmarqueso@gmail.com,(84) 99439-1498,SIM,Nivelamento de Matemática - Assinatura,active,CIABA,LUIZ GUSTAVO TINOCO CRUZ,102298-1,877,NATAL,175,07/05/2008,0.91,contained_tokens,NAO
133533,44204827,Matheus Dos Santos,matheusimento@gmail.com,(61) 98653-3269,SIM,Nivelamento de Matemática - Assinatura,active,CIABA,MATHEUS CÉSAR DOS SANTOS ARAÚJO,108191-4,109,FORTALEZA,250,15/03/2003,0.91,contained_tokens,NAO
144069,44470011,Guilherme Luis,rain7bo3w@gmail.com,(21) 96647-5884,SIM,"Nivelamento de Física - Assinatura, Nivelamento de Matemática - Assinatura, Curso EEAR - Assinatura",active,CIABA,LUIS GUILHERME DE ALMEIDA CABRAL,112736-1,561,MANAUS,190,29/08/2007,0.91,contained_tokens,NAO
36518,34666551,Ana Oliveira,oliveira03oliveira27ana@gmail.com,(21) 98841-7827,NÃO,Nenhum,expired,CIABA,ANA CAROLINA DE OLIVEIRA SANTOS,109125-8,91,FORTALEZA,265,20/10/2006,0.91,contained_tokens,NAO
36847,33600896,Rocha Joseph,ericjesus636@gmail.com,(31) 99805-4848,NÃO,Nenhum,expired,CIABA,JOSÉ MIGUEL HOLANDA ROCHA,108886-8,104,FORTALEZA,250,06/05/2006,0.91,contained_tokens,NAO
36520,34661164,Gabriela Nunes,gn5260112@gmail.com,(21) 99362-3972,NÃO,Nenhum,expired,CIABA,GABRIEL ATHOS NUNES MAIA,108702-1,123,FORTALEZA,245,22/11/2007,0.91,contained_tokens,NAO
36522,34655533,Pedro Queiroz,pq577998@gmail.com,(71) 99297-1223,NÃO,Nenhum,expired,CIABA,JOÃO PEDRO MELO QUEIROZ,103860-9,204,SALVADOR,225,23/06/2004,0.91,contained_tokens,NAO
36667,34351234,Tales Nascimento,talesssn@gmail.com,(21) 96508-2122,NÃO,Nenhum,expired,CIABA,DAVI DO NASCIMENTO TELES BARATA,103291-0,187,NATAL,230,25/11/2008,0.91,contained_tokens,NAO
36694,34288080,Felipe Souza,felipebmo822@gmail.com,(21) 99729-7673,NÃO,Nenhum,expired,CIABA,THIAGO FELIPE ARAUJO DE SOUZA,111130-0,532,MANAUS,190,27/01/2004,0.91,contained_tokens,NAO
36693,34282287,João Filho,jhbdof2022@gmail.com,(19) 99496-7774,SIM,Nivelamento de Física - Assinatura,"active, expired",CIABA,JOÃO ANDRÉ FEITOSA FILHO,103647-8,886,FORTALEZA,170,06/12/2004,0.91,contained_tokens,NAO
36552,34580577,Henrique Ferreira,henriqueferreira13878@gmail.com,(21) 99096-0740,NÃO,Nenhum,expired,CIABA,YULE HENRIQUE DA SILVA PEREIRA,108962-5,824,RECIFE,175,21/12/2004,0.91,contained_tokens,NAO
37074,32652716,Thiago Oliveira,thiagooliveira00junior@gmail.com,(81) 99921-8551,NÃO,Nenhum,expired,CIABA,THIAGO TELLIS DE OLIVEIRA SILVA,103181-0,200,RECIFE,225,24/08/2005,0.91,contained_tokens,NAO
37092,32585844,Nathan Oliveira,nathanoliveiracavalcante@gmail.com,(21) 98464-5640,NÃO,Nenhum,expired,CIABA,DANILO NATHAN DE OLIVEIRA BARROS,112677-2,960,FORTALEZA,170,25/09/2009,0.91,contained_tokens,NAO
37065,32705848,Gabriel Lucas,gabrielcontato2004@gmail.com,(21) 98463-8729,NÃO,Nenhum,expired,CIABA,LUCAS GABRIEL FERREIRA SANTANA,108575-5,54,FORTALEZA,245,29/11/2007,0.91,contained_tokens,NAO
36893,33493090,José Pedro,futuromilitar08@gmail.com,(81) 99188-7790,NÃO,Nenhum,expired,CIABA,PEDRO JOSE DE PAIVA RIBEIRO,102107-3,358,RECIFE,205,13/04/2009,0.91,contained_tokens,NAO
36831,33675818,Lucas José,kana83807@gmail.com,(81) 98826-3160,NÃO,Nenhum,expired,CIABA,JOSÉ LUCAS SANTOS MIRANDA,112171-0,990,SALVADOR,170,21/04/2006,0.91,contained_tokens,NAO
37022,32878241,Filipe Da Silva,sgtfilipe1@gmail.com,(11) 94749-7647,NÃO,Nenhum,expired,CIABA,MIGUEL FILLIPE FRANÇA DA SILVA,100925-0,672,RECIFE,185,04/06/2003,0.91,contained_tokens,NAO
37165,32442685,João Felipe,stephanytomasso@gmail.com,(91) 98510-2671,NÃO,Nenhum,expired,CIABA,JOAO LUCAS FERNANDES FELIPE,108401-5,68,FORTALEZA,230,26/11/2004,0.91,contained_tokens,NAO
36936,33300212,Pedro Ribeiro,pedrostico1@gmail.com,(81) 98322-2478,NÃO,Nenhum,expired,CIABA,PEDRO JOSE DE PAIVA RIBEIRO,102107-3,358,RECIFE,205,13/04/2009,0.91,contained_tokens,NAO
36953,33123111,Arthur Rodrigues,arthurhidasy@outlook.com.br,(24) 99967-8182,NÃO,Nenhum,expired,CIABA,ARTHUR ALEXIS RODRIGUES HAWKINS,105491-6,625,BELÉM,185,17/04/2004,0.91,contained_tokens,NAO
37272,32085521,Matheus Menezes,matheusmenezesvieira10@hotmail.com,(22) 99219-7270,NÃO,Nenhum,expired,CIABA,MATEUS PIETRO AFRICA DE MENEZES,108066-3,780,FORTALEZA,175,05/06/2008,0.91,contained_tokens,NAO
37214,32287071,Davi Silva,davidouglas834@gmail.com,(81) 99939-7891,NÃO,Nenhum,expired,CIABA,RAFAEL DAVI MEDEIROS E SILVA,101689-9,233,BELÉM,220,17/02/2009,0.91,contained_tokens,NAO
37235,32213025,Júlia Lima,05limaju@gmail.com,(21) 95933-2939,NÃO,Nenhum,expired,CIABA,JULIO CESAR DE LIMA MENDONÇA,102085-5,511,NATAL,195,23/06/2005,0.91,contained_tokens,NAO
37332,31930015,Vitor Ribeiro,vmoura44658@gmail.com,(86) 99953-1873,NÃO,Nenhum,expired,CIABA,VICTOR RIBEIRO DUARTE DE SOUZA,100076-6,742,SALVADOR,180,20/05/2006,0.91,contained_tokens,NAO
37394,31758504,Marina Andrade,png.321.v@gmail.com,(11) 98596-2502,NÃO,Nenhum,expired,CIABA,MARIA CLARA ANDRADE MOUSSE,108330-3,261,MANAUS,215,29/04/2009,0.91,contained_tokens,NAO
37507,31466956,Gabriel Oliveira,gabrieloo483@gmail.com,(92) 98269-1887,NÃO,Nenhum,expired,CIABA,PEDRO GABRIEL VERAS DE OLIVEIRA,102095-1,49,RECIFE,245,04/02/2008,0.91,contained_tokens,NAO
37437,31601857,Carlos Pereira,cguilherme052@gmail.com,(21) 98142-4040,NÃO,Nenhum,expired,CIABA,CARLOS ASAFE PEREIRA ARAÚJO,107500-4,103,FORTALEZA,250,19/04/2007,0.91,contained_tokens,NAO
37457,31552016,Mariana Marques,mariana09marques@gmail.com,(21) 96634-1292,NÃO,Nenhum,expired,CIABA,MARIA LUIZA MARQUES DE CARVALHO,102144-4,626,RECIFE,185,11/07/2008,0.91,contained_tokens,SIM
37502,31478006,Ian Brito,iansbrito2812@gmail.com,(81) 99214-4201,NÃO,Nenhum,expired,CIABA,IAN KAIO DE BRITO LIBERATO,100762-6,902,PARNAÍBA,170,24/02/2006,0.91,contained_tokens,NAO
37429,31661980,Gabriel Da Fonseca,fonsequinha9674@gmail.com,(22) 99923-8702,NÃO,Nenhum,expired,CIABA,GABRIEL LIMA FONSECA DE CARVALHO,109192-8,57,FORTALEZA,240,21/03/2007,0.91,contained_tokens,NAO
37917,30751623,Tiago De Oliveira,tmaiasantana@gmail.com,(61) 99325-6916,NÃO,Nenhum,expired,CIABA,THIAGO TELLIS DE OLIVEIRA SILVA,103181-0,200,RECIFE,225,24/08/2005,0.91,contained_tokens,NAO
37740,31009207,Wellerson Santos,wellersonluiz23@gmail.com,(21) 96780-3794,NÃO,Nenhum,expired,CIABA,JARBAS WELLERSON DOS SANTOS FURTADO,112614-0,735,BELÉM,180,22/12/2008,0.91,contained_tokens,NAO
37842,30815958,Alan Ferreira,alanalbuquerque2005@gmail.com,(81) 98373-5028,NÃO,Nenhum,expired,CIABA,ALANA FERREIRA TAVARES BATISTA,111076-2,997,BELÉM,170,28/11/2007,0.91,contained_tokens,SIM
37838,30818910,Pablo Nascimento,pabloaok8@hotmail.com,(21) 97966-4876,NÃO,Nenhum,expired,CIABA,PABLO WILLAMYS NASCIMENTO DOS SANTOS,100746-6,356,FORTALEZA,205,05/04/2004,0.91,contained_tokens,NAO
37974,30717084,Lucas Gabryel,br76884@gmail.com,(82) 99813-1275,NÃO,Nenhum,expired,CIABA,LUCAS GABRIEL DAMASCENO BORGES,103454-4,282,PARNAÍBA,210,01/04/2007,0.91,contained_tokens,NAO
38016,30713829,Guilherme Ribeiro,guilhermerdsz73@gmail.com,(67) 99246-2107,NÃO,Nenhum,expired,CIABA,GUILHERME OTRANTO RIBEIRO DE ARAUJO,107694-7,923,SALVADOR,170,04/07/2004,0.91,contained_tokens,NAO
37936,30737277,Renato Santos,reikon2301@gmail.com,(35) 99903-5802,NÃO,Nenhum,expired,CIABA,RENATO AUGUSTO BEZERRA DOS SANTOS,103786-8,823,MANAUS,175,19/06/2008,0.91,contained_tokens,NAO
38151,30278985,Gabriel Paulo,gqbrieell06@gmail.com,(84) 98891-4967,NÃO,Nenhum,expired,CIABA,GABRIEL EL HAKEH DE PAULA,106106-7,569,RECIFE,190,06/01/2007,0.91,contained_tokens,NAO
38015,30713843,Marcos Paulo,marcostorresp61@gmail.com,(21) 97013-3087,NÃO,Nenhum,expired,CIABA,MARCOS VINICIUS DE PAULA MOURA,108020-9,1000,FORTALEZA,165,27/03/2008,0.91,contained_tokens,NAO
38369,29481871,Bruno Porto,portosbrunoo@gmail.com,(21) 97033-9315,NÃO,Nenhum,expired,CIABA,FÁBIO BRUNO BORGES PORTO,103417-3,467,BELÉM,195,09/11/2004,0.91,contained_tokens,NAO
38264,29894839,Leonard Silva,leonardoflanet@gmail.com,(21) 98913-1694,NÃO,Nenhum,expired,CIABA,CAIO LEONARDO DA SILVA SANTOS,108736-3,244,RECIFE,215,25/05/2006,0.91,contained_tokens,SIM
38159,30259602,Victor Lima,victorlima2005mello@gmail.com,(61) 99868-8357,NÃO,Nenhum,expired,CIABA,JOÃO VICTOR SOARES LIMA,108711-0,770,FORTALEZA,180,27/07/2006,0.91,contained_tokens,NAO
38265,29894516,Gabriel Oliveira,oliceira.gabriel19879@gmail.com,(21) 97609-2951,NÃO,Nenhum,expired,CIABA,PEDRO GABRIEL VERAS DE OLIVEIRA,102095-1,49,RECIFE,245,04/02/2008,0.91,contained_tokens,NAO
38321,29715305,Miguel Medeiros,migarts1@gmail.com,(84) 99146-5618,NÃO,Nenhum,expired,CIABA,MIGUEL FRANCISCO MADEIRO SAMPAIO,113038-4,353,FORTALEZA,205,18/03/2008,0.91,contained_tokens,NAO
38398,29217819,Nathan Oliveira,nathankaminsk@gmail.com,(19) 99965-1250,NÃO,Nenhum,expired,CIABA,DANILO NATHAN DE OLIVEIRA BARROS,112677-2,960,FORTALEZA,170,25/09/2009,0.91,contained_tokens,NAO
38487,28584266,Weverton Silva,wevertonadao16@gmail.com,(21) 97996-8330,NÃO,Nenhum,expired,CIABA,JOSÉ EWERTON NASCIMENTO DA SILVA,101718-9,940,RECIFE,170,25/08/2008,0.91,contained_tokens,NAO
38499,28472326,João Rodrigues,jr5152744@gmail.com,(21) 97888-7212,NÃO,Nenhum,expired,CIABA,JOÃO PEDRO UCHOA RODRIGUES,105953-0,4,FORTALEZA,305,29/09/2008,0.91,contained_tokens,NAO
38790,27526373,Daniella Alves,alvesdaniella59@gmail.com,(21) 96436-7298,NÃO,Nenhum,expired,CIABA,DANIEL RENY ALVES FILHO,104142-9,349,BELÉM,205,05/08/2009,0.91,contained_tokens,SIM
38513,28370332,Matheus Ribeiro,matheuscsgo2002@gmail.com,(11) 98121-0767,NÃO,Nenhum,expired,CIABA,MATEUS RIBEIRO DE SOUSA COSTA,105984-8,476,FORTALEZA,195,04/01/2009,0.91,contained_tokens,NAO
38537,28326060,Thiago Silva,profthiagosilva34@gmail.com,(19) 99409-1151,NÃO,Nenhum,expired,CIABA,IAGO KAUAN DOS SANTOS SILVA,102681-9,708,SALVADOR,180,07/12/2005,0.91,contained_tokens,SIM
38566,28258831,Tiago Henrique,tiagotrilheiro165@gmail.com,(32) 99120-3529,NÃO,Nenhum,expired,CIABA,THIAGO HENRIQUE FAVACHO DE FREITAS,105054-4,654,BELÉM,185,22/11/2006,0.91,contained_tokens,NAO
38824,27459414,Ana Luísa,ana.oliveira.4167@gmail.com,(21) 96585-5349,NÃO,Nenhum,expired,CIABA,ANA ELISA SALDAÑA FARIAS,102225-2,270,NATAL,215,28/07/2006,0.91,contained_tokens,NAO
38731,27737491,Marco Ferreira,zecazx20@gmail.com,(21) 98680-2252,SIM,Nivelamento de Física - Assinatura,active,CIABA,MARCELO EDSON FERREIRA FILHO,102182-3,287,RECIFE,210,11/11/2004,0.91,contained_tokens,NAO
38687,27915700,Caio De Sousa,caiodesousa739@gmail.com,(21) 96810-5895,NÃO,Nenhum,expired,CIABA,CAIO VITOR SOUSA DA CRUZ,100016-8,406,FORTALEZA,200,08/05/2003,0.91,contained_tokens,NAO
38759,27631748,Luan Pereira,luandiasm10@gmail.com,(81) 98869-2276,NÃO,Nenhum,expired,CIABA,LUAN VITO JANSEN PEREIRA,110152-4,128,RECIFE,245,10/11/2004,0.91,contained_tokens,NAO
38822,27462681,Mateus Henrique,mateushenriqueteodorio21@gmail.com,(21) 96743-2470,NÃO,Nenhum,expired,CIABA,MATHEUS HENRIQUE SOUZA VIANA,104936-7,715,BELÉM,180,01/09/2004,0.91,contained_tokens,NAO
38865,27237275,Victor Nascimento,victorsmn1@icloud.com,(21) 98913-9790,NÃO,Nenhum,expired,CIABA,JOAO VICTOR DO NASCIMENTO FARIAS,108416-2,277,FORTALEZA,210,23/02/2008,0.91,contained_tokens,NAO
38796,27517828,Lorhan Duarte,lorhanduarte@hotmail.com,(21) 99925-9337,NÃO,Nenhum,expired,CIABA,LOHAN TOMAZ SALES DUARTE,108400-7,298,MANAUS,210,07/01/2009,0.91,contained_tokens,NAO
38666,28021118,Rafael Figueredo,figueredorafaqr@gmail.com,(77) 99802-8605,NÃO,Nenhum,expired,CIABA,GEORGE RAFAEL ALMEIDA FIGUEIREDO,108696-9,33,FORTALEZA,265,14/03/2008,0.91,contained_tokens,NAO
38656,28045952,Matheus Pietro,matheusrodrigues3100@gmail.com,(13) 98820-0115,NÃO,Nenhum,expired,CIABA,MATEUS PIETRO AFRICA DE MENEZES,108066-3,780,FORTALEZA,175,05/06/2008,0.91,contained_tokens,NAO
38664,28005900,Henrique Santos,henriquesantos337345@gmail.com,(98) 98496-4086,NÃO,Nenhum,expired,CIABA,CARLOS HENRIQUE ALMEIDA SANTOS,107237-2,424,FORTALEZA,200,09/06/2009,0.91,contained_tokens,NAO
38931,26605310,Vitor Hugo,vt3881@gmail.com,(21) 98475-7222,NÃO,Nenhum,expired,CIABA,VICTOR HUGO DE ALMEIDA TEIXEIRA,102096-0,640,NATAL,185,31/01/2006,0.91,contained_tokens,NAO
38971,25012726,Arthur Alves,aa2996190@gmail.com,(21) 98716-1829,SIM,Live Nivelamento de Fisíca,"active, expired",CIABA,ARTHUR MANOEL ALVES COSTA,107258-3,400,BELÉM,200,26/12/2004,0.91,contained_tokens,NAO
38711,27869785,Joao Tavares,jvictordias2004@gmail.com,(21) 97462-9311,NÃO,Nenhum,expired,CIABA,JOÃO VICTOR SOARES TAVARES,100338-5,584,RECIFE,190,26/07/2008,0.91,contained_tokens,SIM
38892,27021650,Wesllen Silva De Souza,souzawesllen7@gmail.com,(21) 99913-3118,NÃO,Nenhum,expired,CIABA,JULIA ELLEN LIMA SANTOS DE SOUZA SILVA,110919-8,458,RECIFE,195,29/07/2008,0.91,contained_tokens,NAO
38920,26901897,Filipe Ferreira,filipefds95@gmail.com,(21) 98326-3462,NÃO,Nenhum,expired,CIABA,RAUL FELIPE SILVA FERREIRA,100533-0,865,SALVADOR,175,29/09/2006,0.91,contained_tokens,NAO
39081,22395172,Guilherme Almeida,almeidavieira.gui@gmail.com,(21) 97164-8037,NÃO,Nenhum,expired,CIABA,LUIS GUILHERME DE ALMEIDA CABRAL,112736-1,561,MANAUS,190,29/08/2007,0.91,contained_tokens,NAO
38996,23147887,Cesar Aughusto,cesar.a.francoduarte@gmail.com,(84) 98872-4107,NÃO,Nenhum,expired,CIABA,CESAR AUGUSTO SANTOS AMILTON,106968-3,101,RECIFE,255,19/01/2008,0.91,contained_tokens,NAO
39002,22711449,Amanda Silva,amandadasilvapioo@gmail.com,(61) 99576-7178,SIM,Live Nivelamento de Fisíca,"active, expired",CIABA,AMANDA MEL CRUZ DA SILVA,104805-7,238,RECIFE,220,26/10/2003,0.91,contained_tokens,NAO
39156,22179663,Heitor Lima,heitorlima0042@gmail.com,(84) 98141-9641,NÃO,Nenhum,expired,CIABA,HEITOR NOGUEIRA LIMA SILVA,106465-5,302,SALVADOR,210,18/04/2008,0.91,contained_tokens,NAO
38919,26902720,David Do Nascimento,nascimentodavi034@gmail.com,(21) 96547-8829,NÃO,Nenhum,expired,CIABA,DAVI DO NASCIMENTO TELES BARATA,103291-0,187,NATAL,230,25/11/2008,0.91,contained_tokens,SIM
39323,22077660,Cauã Andrade,andrade.caua05@gmail.com,(21) 96582-1156,SIM,Live Nivelamento de Fisíca,"active, expired",CIABA,CAUÃ DE ANDRADE EMERICK FONSECA,106981-9,310,NATAL,210,14/12/2006,0.91,contained_tokens,NAO
39351,22062610,Guilherme Lima,yguihtm12@gmail.com,,NÃO,Nenhum,expired,CIABA,JOAO GUILHERME OLIVEIRA DE LIMA,102177-8,272,RECIFE,215,16/09/2003,0.91,contained_tokens,NAO
39218,22148723,Paulo Nunes,pmiguel2015@gmail.com,(21) 97715-6751,NÃO,Nenhum,expired,CIABA,PEDRO HENRIQUE NUNES PAULINO,100314-0,185,FORTALEZA,230,22/12/2006,0.91,contained_tokens,NAO
39496,22027395,Felipe Sales,fesaleszagueiro@gmail.com,(21) 97447-6290,SIM,Live Nivelamento de Fisíca,"active, expired",CIABA,ARIEL FELIPE BRASIL DE SALES,107475-7,427,NATAL,200,27/03/2008,0.91,contained_tokens,NAO
39406,22042193,Marcos Vincius,marcoscraftvenom@gmail.com,(21) 98420-1156,SIM,Live Nivelamento de Fisíca,"active, expired",CIABA,MARCOS VINICIUS DE PAULA MOURA,108020-9,1000,FORTALEZA,165,27/03/2008,0.91,contained_tokens,NAO
39337,22071062,Gustavo Souza,gustaavoleandro@gmail.com,(21) 9003,NÃO,Nenhum,expired,CIABA,LUIS GUSTAVO SOUSA DE FARIAS,107492-5,20,FORTALEZA,280,01/08/2005,0.91,contained_tokens,NAO
39249,22130885,João Fernandes,jobielfire1@gmail.com,(92) 98465-2617,SIM,Live Nivelamento de Fisíca,"active, expired",CIABA,JOAO LUCAS FERNANDES FELIPE,108401-5,68,FORTALEZA,230,26/11/2004,0.91,contained_tokens,NAO
39325,22076243,Daniel Nogueira,danger.isblack@gmail.com,,NÃO,Nenhum,expired,CIABA,DANIELL DÉO DE SOUSA NOGUEIRA,102736-0,689,BELÉM,180,13/04/2004,0.91,contained_tokens,NAO
39391,22043866,Cezar Augusto,cezfro1238@gmail.com,(21) 97367-1842,SIM,Live Nivelamento de Fisíca,"active, expired",CIABA,CESAR AUGUSTO SANTOS AMILTON,106968-3,101,RECIFE,255,19/01/2008,0.91,contained_tokens,NAO
39487,22029086,David Souza,ds1381476@gmail.com,(83) 98145-6461,NÃO,Nenhum,expired,CIABA,DAVI EMANUEL NERY DE SOUZA,108095-4,134,FORTALEZA,240,25/07/2005,0.91,contained_tokens,NAO
39517,22025312,Kauã Filipe,kauafilipe005@gmail.com,(81) 98700-2238,SIM,Live Nivelamento de Fisíca,"active, expired",CIABA,KAUA FELIPE SANTIAGO REIS,106372-4,709,SALVADOR,180,01/09/2004,0.91,contained_tokens,NAO
39530,22024513,Nathan Oliveira,natansantos2901@gmail.com,(77) 99849-5851,SIM,Live Nivelamento de Fisíca,"active, expired",CIABA,DANILO NATHAN DE OLIVEIRA BARROS,112677-2,960,FORTALEZA,170,25/09/2009,0.91,contained_tokens,NAO
39520,22025071,Pablo Ricardo,pabloricardom.2000@gmail.com,(91) 98569-1541,SIM,"Nivelamento de Matemática - Assinatura, Curso de Oficial: EFOMM, AFA e Escola Naval - Assinatura, Live Nivelamento de Fisíca, Nivelamento de Física - Assinatura","active, expired",CIABA,PAULO RICARDO CHILHEN TEODORO,100131-2,541,RECIFE,190,09/03/2005,0.91,contained_tokens,NAO
39529,22024774,Larissa Melo,melolarissa742@gmail.com,(21) 99242-2122,SIM,Live Nivelamento de Fisíca,"active, expired",CIABA,LARISSA GABRIELLE DA SILVA MELO,110355-4,998,SALVADOR,170,21/12/2003,0.91,contained_tokens,NAO
31148,43367807,Pedro Cardoso,pedrocardosolima@proton.me,(21) 97272-1529,SIM,"Curso de Oficial: EFOMM, AFA e Escola Naval - Assinatura, Nivelamento de Matemática - Assinatura, Nivelamento de Física - Assinatura",active,CIABA,PEDRO PAULO MACEDO MORAES CARDOSO,102665-9,736,PARNAÍBA,180,29/03/2005,0.898,contained_tokens,NAO
32281,42796252,Alberto Melo,albertofilho1311@gmail.com,(22) 99218-6298,SIM,"Nivelamento de Matemática - Assinatura, Curso de Oficial: EFOMM, AFA e Escola Naval - Assinatura, Nivelamento de Física - Assinatura",active,CIABA,FELIPE ALBERTO MENDONCA DE MELO MONTEIRO,104482-2,796,RECIFE,175,12/01/2009,0.898,contained_tokens,NAO
104535,44048269,Leandro Mello,gtavleandromello@gmail.com,(21) 96833-3382,NÃO,Nenhum,sem_assinatura,CIABA,NICOLAS LEANDRO DE MELO MARQUES ROCHA,110423-1,131,FORTALEZA,240,16/12/2009,0.898,contained_tokens,NAO
31956,43059091,Gabrielly Gomes,ggabriellygomes007@gmail.com,(21) 99724-4289,SIM,Nivelamento de Matemática - Assinatura,active,CIABA,BRUNO GABRIEL TRAVASSOS GOMES BARRETO,105857-0,545,RECIFE,190,12/03/2007,0.898,contained_tokens,SIM
32825,42125979,Nicolas Marques,nicolas.nobre.br@gmail.com,(71) 99352-3209,SIM,"Curso de Oficial: EsPCEx - Assinatura, Nivelamento de Física - Assinatura, Nivelamento de Matemática - Assinatura",active,CIABA,NICOLAS LEANDRO DE MELO MARQUES ROCHA,110423-1,131,FORTALEZA,240,16/12/2009,0.898,contained_tokens,NAO
33647,41571415,Pedro França ,pfranca0602@gmail.com,(32) 99992-4862,SIM,"Curso de Oficial: EFOMM, AFA e Escola Naval - Assinatura",active,CIABA,PEDRO HENRIQUE BRANCO DE OLIVEIRA FRANCA,110016-9,455,RECIFE,195,23/12/2007,0.898,contained_tokens,NAO
32377,42699085,Caio Faria,caiosfaria@icloud.com,(21) 97954-9956,SIM,"Nivelamento de Matemática - Assinatura, Curso de Oficial: EFOMM, AFA e Escola Naval - Assinatura, Nivelamento de Física - Assinatura",active,CIABA,CAIO WILLIAM DE FARIAS FERREIRA GONÇALVES,106172-9,760,NATAL,180,03/10/2003,0.898,contained_tokens,NAO
164981,45239457,Lucas Guilherme,lucasg1550h@gmail.com,(74) 98824-3609,NÃO,Nenhum,sem_assinatura,CIABA,CAIO LUCAS GUILHERMINO CÂNDIDO DA SILVA,109725-4,795,FORTALEZA,175,01/03/2009,0.898,contained_tokens,NAO
164990,45241654,Felipe Monteiro,felipemonteirolrv@gmail.com,(66) 99918-2498,NÃO,Nenhum,sem_assinatura,CIABA,FELIPE ALBERTO MENDONCA DE MELO MONTEIRO,104482-2,796,RECIFE,175,12/01/2009,0.898,contained_tokens,NAO
35703,36324906,João Gomes,joaonetogf1@gmail.com,(68) 98422-7913,NÃO,Nenhum,expired,CIABA,JOÃO GABRIEL GOMES MIRANDA DA SILVA,109175-0,738,BELÉM,180,01/01/2009,0.898,contained_tokens,NAO
36244,35216774,Richard Silva,eurichard1612@hotmail.com,(15) 99620-9551,NÃO,Nenhum,expired,CIABA,RICARDO MASCARENHAS LOPES DA SILVA JUNIOR,107589-9,999,PARNAÍBA,165,19/06/2007,0.898,contained_tokens,NAO
32362,42706969,Marcos Silva,marcosvssilvak18@gmail.com,(35) 99935-9353,SIM,"Curso: Turma ESA - Assinatura, Nivelamento de Matemática - Assinatura",active,CIABA,MARCO AURÉLIO MENDES SILVA CARVALHO,104831-3,417,PARNAÍBA,200,21/06/2009,0.898,contained_tokens,SIM
164308,44791005,Gabriel Silveira,biel.silveira2501@gmail.com,(21) 98285-9513,NÃO,Nenhum,sem_assinatura,CIABA,JOÃO GABRIEL GRADELA SILVEIRA CAVALCANTE,102892-9,979,FORTALEZA,170,12/11/2007,0.898,contained_tokens,NAO
164760,45159787,Victor Gabriel,victoramadocamargo777@gmail.com,(45) 99158-5969,SIM,Nivelamento de Matemática - Assinatura,active,CIABA,GABRIEL VITOR CARVALHO DA COSTA MAGALHÃES,103538-7,809,FORTALEZA,175,27/09/2006,0.898,contained_tokens,NAO
85522,43751138,Gabriela Coelho,scgabi515@gmail.com,(24) 99208-7226,NÃO,Nenhum,sem_assinatura,CIABA,JOAO GABRIEL COELHO DE OLIVEIRA SANTOS,112224-5,588,SÃO LUIS,190,18/11/2008,0.898,contained_tokens,NAO
30974,43432508,João Mateus,jmfrancalima2006@gmail.com,(21) 98419-0756,NÃO,Nenhum,sem_assinatura,CIABA,JOÃO MATHEUS COSTA ALBUQUERQUE MOURA,100317-4,745,RECIFE,180,03/07/2008,0.898,contained_tokens,NAO
104402,44053780,João Gomes,jpgomesdacosta77145@gmail.com,(91) 98208-1804,NÃO,Nenhum,sem_assinatura,CIABA,JOÃO GABRIEL GOMES MIRANDA DA SILVA,109175-0,738,BELÉM,180,01/01/2009,0.898,contained_tokens,NAO
32710,42490248,Lucas Pinheiro,kuka.pinheiro07@gmail.com,(51) 99997-4430,SIM,Nivelamento de Física - Assinatura,active,CIABA,LUCAS SANTOS GUERRA PINHEIRO DE MELO,111988-0,228,RECIFE,220,12/09/2007,0.898,contained_tokens,NAO
32799,42188181,Paulo Borges,paulo.bxrges@gmail.com,(32) 99830-3124,SIM,"Nivelamento de Física - Assinatura, Curso de Oficial: EFOMM, AFA e Escola Naval - Assinatura, Nivelamento de Matemática - Assinatura",active,CIABA,ANNA PAULA BORGES VIANA FIGUEIREDO,101923-0,852,BELÉM,175,03/10/2003,0.898,contained_tokens,NAO
32924,42026600,João Cavalcante,joaobarreirocavalcante@gmail.com,(21) 98254-0170,SIM,"Nivelamento de Matemática - Assinatura, Nivelamento de Física - Assinatura, Curso de Oficial: EFOMM, AFA e Escola Naval - Assinatura",active,CIABA,JOÃO GABRIEL GRADELA SILVEIRA CAVALCANTE,102892-9,979,FORTALEZA,170,12/11/2007,0.898,contained_tokens,NAO
35136,36990081,Victor Gabriel,greghizzz@gmail.com,(31) 97226-8866,NÃO,Nenhum,expired,CIABA,GABRIEL VITOR CARVALHO DA COSTA MAGALHÃES,103538-7,809,FORTALEZA,175,27/09/2006,0.898,contained_tokens,NAO
35538,36419969,Luccas Pinheiro,luccasmaximus6@gmail.com,(21) 98398-1428,NÃO,Nenhum,expired,CIABA,LUCAS SANTOS GUERRA PINHEIRO DE MELO,111988-0,228,RECIFE,220,12/09/2007,0.898,contained_tokens,NAO
48792,43660063,Vinícius Antônio,va606246@gmail.com,(66) 99716-2206,NÃO,Nenhum,expired,CIABA,ANTONIO VINICIUS CANDEIRA SOEIRO MOREIRA,107988-1,14,FORTALEZA,285,31/05/2007,0.898,contained_tokens,NAO
30957,43432579,João Gomes,joaopedrogomesdacosta89155@gmail.com,(91) 98208-1804,NÃO,Nenhum,sem_assinatura,CIABA,JOÃO GABRIEL GOMES MIRANDA DA SILVA,109175-0,738,BELÉM,180,01/01/2009,0.898,contained_tokens,NAO
30670,43478326,Paulo Alexandre,pauloalexandredossantos500@gmail.com,(91) 98566-5646,SIM,"Nivelamento de Matemática - Assinatura, Nivelamento de Física - Assinatura, Curso de Oficial: EFOMM, AFA e Escola Naval - Assinatura",active,CIABA,JOSÉ LEVI ALEXANDRE DE PAULA SILVA,110770-7,490,FORTALEZA,195,02/01/2009,0.898,contained_tokens,NAO
34262,39480570,Vitor Gabriel,gabrielkk898@gmail.com,(81) 99163-8295,SIM,Nivelamento de Física - Assinatura,"active, expired",CIABA,GABRIEL VITOR CARVALHO DA COSTA MAGALHÃES,103538-7,809,FORTALEZA,175,27/09/2006,0.898,contained_tokens,NAO
34486,38235108,Marcos Silva,marcosviniciusgtr4@gmail.com,(96) 99170-7118,NÃO,Nenhum,expired,CIABA,MARCO AURÉLIO MENDES SILVA CARVALHO,104831-3,417,PARNAÍBA,200,21/06/2009,0.898,contained_tokens,SIM
37085,32600926,Ana Paula,two9ana@gmail.com,(32) 98476-0875,NÃO,Nenhum,expired,CIABA,ANNA PAULA BORGES VIANA FIGUEIREDO,101923-0,852,BELÉM,175,03/10/2003,0.898,contained_tokens,NAO
37101,32561441,Carlos Andre,carlosandre10032003@gmail.com,(21) 99540-0675,NÃO,Nenhum,expired,CIABA,ERALDO CARLOS ANDRADE DE CARVALHO FILHO,105968-8,981,MANAUS,170,07/12/2006,0.898,contained_tokens,NAO
36954,33124820,Davi Andrade,davi.furtado500@gmail.com,(21) 96419-6649,NÃO,Nenhum,expired,CIABA,ATHOS DAVI RUIZ DE OLIVEIRA ANDRADE,109044-0,268,FORTALEZA,215,05/08/2008,0.898,contained_tokens,NAO
37359,31874780,Miguel Costa,miguel.moras.costa@outlook.com,(21) 97622-9580,NÃO,Nenhum,expired,CIABA,LUÍS MIGUEL MARTINS GOMES COSTA,102369-3,323,FORTALEZA,205,18/03/2008,0.898,contained_tokens,NAO
37562,31365191,Henrique Mello,henriquedmell@gmail.com,(75) 99964-3944,NÃO,Nenhum,expired,CIABA,LUÍS HENRIQUE PITTA IGLESIAS DE MELO,105701-7,108,RECIFE,250,15/02/2009,0.898,contained_tokens,NAO
37851,30805530,André Moreira,andre.coitinho@gmail.com,(21) 98559-8878,NÃO,Nenhum,expired,CIABA,VICTOR MACIEL DE ABREU MOREIRA ANDRADE,107991-0,792,FORTALEZA,175,28/02/2006,0.898,contained_tokens,NAO
37847,30813502,Felipe Mello,esquilobrs@gmail.com,(41) 99558-8802,NÃO,Nenhum,expired,CIABA,FELIPE ALBERTO MENDONCA DE MELO MONTEIRO,104482-2,796,RECIFE,175,12/01/2009,0.898,contained_tokens,NAO
38072,30567734,Victor De Carvalho,victorcarvalho@outlook.com.br,(21) 98605-2080,NÃO,Nenhum,expired,CIABA,VÍTOR DE CARVALHO PRATA E MATTOS QUEIROZ,107708-5,411,SALVADOR,200,01/11/2006,0.898,contained_tokens,NAO
38269,29867365,Gustavo Garica,gustavogarcia.2013@hotmail.com,(54) 99125-9018,NÃO,Nenhum,expired,CIABA,LUIS GUSTAVO SILVINO PANZA GARCIA,105540-9,815,NATAL,175,31/10/2005,0.898,contained_tokens,SIM
38431,29002089,Matheus Cavalcanti,matheusrayzer0@gmail.com,(21) 97176-8450,NÃO,Nenhum,expired,CIABA,MATEUS KEN ICHI CAVALCANTI URA,108268-5,230,FORTALEZA,220,20/09/2007,0.898,contained_tokens,NAO
38590,28197174,Davi Andrade,andradedavi03@gmail.com,(32) 99155-1856,NÃO,Nenhum,expired,CIABA,ATHOS DAVI RUIZ DE OLIVEIRA ANDRADE,109044-0,268,FORTALEZA,215,05/08/2008,0.898,contained_tokens,NAO
38855,27405352,Lucas Araújo,vmmlucas@gmail.com,(71) 98500-9025,NÃO,Nenhum,expired,CIABA,LUCAS GABRIEL CIDREIRA SANTIAGO DE ARAUJO,111771-0,333,FORTALEZA,205,03/10/2003,0.898,contained_tokens,NAO
38668,27997512,Vitor Gabriel,vitorgabriel.andradess@hotmail.com,(81) 99411-4885,NÃO,Nenhum,expired,CIABA,GABRIEL VITOR CARVALHO DA COSTA MAGALHÃES,103538-7,809,FORTALEZA,175,27/09/2006,0.898,contained_tokens,NAO
38936,26587621,Luzia Costa,luzialene@hotmail.com,(21) 97670-6335,NÃO,Nenhum,expired,CIABA,LUISA PERES SOARES CORREIA DA COSTA,104510-4,897,NATAL,170,09/03/2009,0.898,contained_tokens,NAO
39522,22024911,Mateus Moura,mateusmouracosta10@gmail.com,(24) 99941-2003,SIM,Live Nivelamento de Fisíca,"active, expired",CIABA,JOÃO MATHEUS COSTA ALBUQUERQUE MOURA,100317-4,745,RECIFE,180,03/07/2008,0.898,contained_tokens,SIM
39507,22025754,Mateus Rocha,eumartinsrdm@gmail.com,(21) 98207-5380,SIM,Live Nivelamento de Fisíca,"active, expired",CIABA,MATEUS SALES VIEIRA ROCHA BASTOS,111308-2,60,FORTALEZA,240,15/01/2007,0.898,contained_tokens,NAO
30952,43432605,Júllia Souza,juxlliasouza@gmail.com,(21) 99371-7631,NÃO,Nenhum,sem_assinatura,CIABA,JULIA ELLEN LIMA SANTOS DE SOUZA SILVA,110919-8,458,RECIFE,195,29/07/2008,0.89,contained_tokens,NAO
35514,36436776,Pedro Pires,piresmec18@gmail.com,(32) 98444-8845,NÃO,Nenhum,expired,CIABA,LUIZ PEDRO PERES TORRES MELO E SILVA,100500-6,966,FORTALEZA,170,28/12/2003,0.89,contained_tokens,NAO
